# Miniork ToolMesh Dump <Wavefront OBJ format>

mtllib boolean_out.mtl
v -1.128208 -0.204894 -1.128208
v -1.151613 -0.179956 -1.151613
v -1.183659 -0.142193 -1.183659
v -1.314855 -0.125000 -1.175055
v -1.175055 -0.125000 -1.314855
v -1.198249 -0.125000 -1.198249
v -1.206478 -0.088812 -1.206478
v -1.216650 -0.044078 -1.216650
v -2.053525 -0.125000 -0.608253
v -1.892522 -0.216506 -0.684857
v -1.795495 -0.216506 -0.795495
v -1.707107 -0.250000 -0.707107
v -1.793353 -0.250000 -0.608761
v -1.860200 -0.125000 -0.860200
v -1.740562 -0.125000 -0.965119
v -1.965119 -0.125000 -0.740562
v -2.039364 -0.216506 -0.430519
v -1.974278 -0.216506 -0.562500
v -2.086667 -0.216506 -0.291171
v -2.115375 -0.216506 -0.146842
v -1.991445 -0.250000 -0.130526
v -2.123905 -0.125000 -0.465537
v -2.175055 -0.125000 -0.314855
v -2.206099 -0.125000 -0.158786
v -1.866025 -0.250000 -0.500000
v -1.923880 -0.250000 -0.382683
v -1.694184 -0.216506 -0.532666
v -1.757772 -0.216506 -0.437500
v -1.808395 -0.216506 -0.334848
v -1.965926 -0.250000 -0.258819
v -1.845185 -0.216506 -0.226467
v -1.867514 -0.216506 -0.114211
v -1.723854 -0.125000 -0.299830
v -1.756797 -0.125000 -0.202783
v -1.776791 -0.125000 -0.102267
v -1.684857 -0.216506 -0.892522
v -1.562500 -0.216506 -0.974279
v -1.430519 -0.216506 -1.039364
v -1.500000 -0.250000 -0.866026
v -1.608761 -0.250000 -0.793353
v -1.618719 -0.216506 -0.618718
v -1.437500 -0.216506 -0.757772
v -1.532666 -0.216506 -0.694184
v -1.608253 -0.125000 -1.053526
v -1.465537 -0.125000 -1.123905
v -1.476961 -0.125000 -0.621587
v -1.291171 -0.216506 -1.086667
v -1.382684 -0.250000 -0.923880
v -1.130526 -0.250000 -0.991445
v -1.146842 -0.216506 -1.115375
v -1.258819 -0.250000 -0.965926
v -1.226467 -0.216506 -0.845185
v -1.128293 -0.203477 -0.851457
v -1.334848 -0.216506 -0.808395
v -1.157763 -0.165888 -0.807352
v -1.299830 -0.125000 -0.723854
v -1.391747 -0.125000 -0.678525
v -1.202783 -0.125000 -0.756797
v -1.199566 -0.078609 -0.744790
v -1.189820 -0.125000 -0.759375
v -1.192416 -0.112645 -0.755491
v -1.175055 -0.125000 -0.685145
v -1.206966 -0.042109 -0.731971
v -1.211368 -0.020401 -0.724348
v -1.621587 -0.125000 -0.476961
v -1.554014 -0.125000 -0.554013
v -1.678525 -0.125000 -0.391747
v -0.707107 -1.000000 -0.707107
v -0.636396 -1.000000 -0.636396
v -0.923880 -1.000000 -0.382683
v -0.980785 -1.000000 -0.195090
v -0.882706 -1.000000 -0.175581
v -0.831470 -1.000000 -0.555570
v -0.748323 -1.000000 -0.500013
v -0.831492 -1.000000 -0.344415
v -0.382683 -1.000000 -0.923880
v -0.555570 -1.000000 -0.831470
v -0.500013 -1.000000 -0.748323
v -0.344415 -1.000000 -0.831492
v -0.195090 -1.000000 -0.980785
v -0.175581 -1.000000 -0.882706
v -0.860200 -0.125000 -1.860200
v -0.965119 -0.125000 -1.740562
v -0.795495 -0.216506 -1.795495
v -0.707107 -0.250000 -1.707107
v -0.684857 -0.216506 -1.892522
v -0.608761 -0.250000 -1.793353
v -0.608253 -0.125000 -2.053526
v -0.740562 -0.125000 -1.965119
v -1.039364 -0.216506 -1.430519
v -0.974278 -0.216506 -1.562500
v -0.892522 -0.216506 -1.684857
v -0.866025 -0.250000 -1.500000
v -1.086667 -0.216506 -1.291171
v -1.115375 -0.216506 -1.146842
v -0.991445 -0.250000 -1.130526
v -0.923880 -0.250000 -1.382683
v -0.965926 -0.250000 -1.258819
v -0.845185 -0.216506 -1.226467
v -0.851457 -0.203477 -1.128293
v -1.053525 -0.125000 -1.608253
v -1.123905 -0.125000 -1.465537
v -0.793353 -0.250000 -1.608761
v -0.757772 -0.216506 -1.437500
v -0.618719 -0.216506 -1.618718
v -0.694184 -0.216506 -1.532666
v -0.808395 -0.216506 -1.334848
v -0.842071 -0.195478 -1.134565
v -0.796025 -0.156235 -1.165332
v -0.621587 -0.125000 -1.476961
v -0.723854 -0.125000 -1.299830
v -0.756797 -0.125000 -1.202783
v -0.759375 -0.125000 -1.189820
v -0.744790 -0.078610 -1.199566
v -0.744039 -0.076471 -1.199999
v -0.678525 -0.125000 -1.391747
v -0.685145 -0.125000 -1.175055
v -0.562500 -0.216506 -1.974279
v -0.430519 -0.216506 -2.039364
v -0.291171 -0.216506 -2.086667
v -0.500000 -0.250000 -1.866026
v -0.532666 -0.216506 -1.694184
v -0.437500 -0.216506 -1.757772
v -0.382684 -0.250000 -1.923880
v -0.334848 -0.216506 -1.808395
v -0.465537 -0.125000 -2.123905
v -0.314855 -0.125000 -2.175055
v -0.299830 -0.125000 -1.723854
v -0.146842 -0.216506 -2.115375
v -0.130526 -0.250000 -1.991445
v -0.258819 -0.250000 -1.965926
v -0.226467 -0.216506 -1.845185
v -0.114211 -0.216506 -1.867514
v -0.158786 -0.125000 -2.206099
v -0.202783 -0.125000 -1.756797
v -0.102267 -0.125000 -1.776791
v -0.554014 -0.125000 -1.554013
v -0.476961 -0.125000 -1.621587
v -0.391747 -0.125000 -1.678525
v -1.061783 -0.232360 -1.061783
v -1.117311 -0.216506 -1.117311
v -1.000000 -0.250000 -1.000000
v -1.061504 -0.232288 -0.929869
v -1.116289 -0.216506 -0.867101
v -1.114469 -0.217035 -0.869473
v -1.115368 -0.216774 -0.868301
v -1.115375 -0.216506 -0.853158
v -0.991445 -0.250000 -0.869474
v -0.934217 -0.233386 -1.057690
v -0.869474 -0.250000 -0.991445
v -0.867101 -0.216506 -1.116290
v -0.869474 -0.217036 -1.114469
v -0.853158 -0.216506 -1.115376
v -0.861133 -0.211536 -1.120869
v -0.933937 -0.233458 -0.933936
v -0.883664 -0.220871 -0.883664
v -0.874915 -0.219025 -0.874914
v -0.862976 -0.216506 -0.862976
v -1.086667 -0.216506 -0.708829
v -1.039365 -0.216506 -0.569482
v -0.965926 -0.250000 -0.741181
v -0.845185 -0.216506 -0.773533
v -0.923880 -0.250000 -0.617317
v -0.708829 -0.216506 -1.086667
v -0.773533 -0.216506 -0.845185
v -0.741181 -0.250000 -0.965926
v -0.569481 -0.216506 -1.039364
v -0.617316 -0.250000 -0.923879
v -0.808395 -0.216506 -0.665152
v -0.783300 -0.216506 -0.614265
v -0.819740 -0.182462 -0.819740
v -0.788675 -0.158003 -0.788675
v -0.768153 -0.145138 -0.768152
v -0.758082 -0.180220 -0.644994
v -0.665152 -0.216506 -0.808394
v -0.614266 -0.216506 -0.783300
v -0.643607 -0.181858 -0.759220
v -0.736025 -0.125000 -0.736025
v -0.723987 -0.096838 -0.723987
v -0.723854 -0.125000 -0.700170
v -0.719705 -0.125000 -0.691756
v -0.716387 -0.107182 -0.695800
v -0.715617 -0.103046 -0.696738
v -0.707106 -0.057351 -0.707107
v -0.700170 -0.125000 -0.723854
v -0.691756 -0.125000 -0.719705
v -0.694061 -0.114842 -0.717813
v -0.974279 -0.216506 -0.437500
v -0.866026 -0.250000 -0.500000
v -0.863330 -0.250000 -0.495965
v -0.859007 -0.247828 -0.504053
v -0.923880 -0.219581 -0.382683
v -0.928180 -0.216506 -0.368508
v -0.960096 -0.131331 -0.263292
v -1.123906 -0.125000 -0.534464
v -1.053526 -0.125000 -0.391747
v -0.965119 -0.125000 -0.259438
v -0.962609 -0.121138 -0.255009
v -0.962256 -0.125000 -0.256173
v -0.831470 -0.235078 -0.555570
v -0.500000 -0.250000 -0.866025
v -0.495966 -0.250000 -0.863329
v -0.504052 -0.247829 -0.859007
v -0.437500 -0.216506 -0.974279
v -0.382683 -0.219581 -0.923880
v -0.368508 -0.216506 -0.928180
v -0.336700 -0.190756 -0.937829
v -0.555570 -0.235078 -0.831470
v -0.534463 -0.125000 -1.123905
v -0.391747 -0.125000 -1.053525
v -0.263292 -0.131331 -0.960096
v -0.258302 -0.126893 -0.961610
v -0.259438 -0.125000 -0.965119
v -0.256173 -0.125000 -0.962256
v -0.224160 -0.018751 -0.971967
v -2.125000 -0.216506 0.000000
v -2.115375 -0.216506 0.146842
v -2.000000 -0.250000 0.000000
v -1.991445 -0.250000 0.130526
v -2.086667 -0.216506 0.291171
v -2.039365 -0.216506 0.430518
v -2.216506 -0.125000 0.000000
v -2.206099 -0.125000 0.158786
v -2.175055 -0.125000 0.314855
v -2.123906 -0.125000 0.465536
v -1.875000 -0.216506 0.000000
v -1.867514 -0.216506 0.114211
v -1.965926 -0.250000 0.258819
v -1.845185 -0.216506 0.226467
v -1.923880 -0.250000 0.382683
v -1.866026 -0.250000 0.500000
v -1.808395 -0.216506 0.334848
v -1.757772 -0.216506 0.437500
v -1.694184 -0.216506 0.532666
v -1.783494 -0.125000 0.000000
v -1.776791 -0.125000 0.102267
v -1.756797 -0.125000 0.202783
v -1.723854 -0.125000 0.299830
v -1.974279 -0.216506 0.562500
v -2.053526 -0.125000 0.608253
v -1.892522 -0.216506 0.684857
v -1.793353 -0.250000 0.608761
v -1.795495 -0.216506 0.795495
v -1.707107 -0.250000 0.707107
v -1.965119 -0.125000 0.740562
v -1.860200 -0.125000 0.860200
v -1.740563 -0.125000 0.965119
v -1.678525 -0.125000 0.391747
v -1.621587 -0.125000 0.476961
v -1.554014 -0.125000 0.554013
v -1.618719 -0.216506 0.618718
v -1.608762 -0.250000 0.793353
v -1.532667 -0.216506 0.694184
v -1.437500 -0.216506 0.757772
v -1.684857 -0.216506 0.892522
v -1.562500 -0.216506 0.974279
v -1.500000 -0.250000 0.866026
v -1.430519 -0.216506 1.039364
v -1.476961 -0.125000 0.621587
v -1.608253 -0.125000 1.053526
v -1.465537 -0.125000 1.123905
v -1.334848 -0.216506 0.808395
v -1.134561 -0.195482 0.842076
v -1.165332 -0.156235 0.796025
v -1.382684 -0.250000 0.923880
v -1.291172 -0.216506 1.086666
v -1.258819 -0.250000 0.965926
v -1.226467 -0.216506 0.845185
v -1.128293 -0.203477 0.851457
v -1.130527 -0.250000 0.991445
v -1.146843 -0.216506 1.115375
v -1.391747 -0.125000 0.678525
v -1.299830 -0.125000 0.723854
v -1.175055 -0.125000 0.685145
v -1.202783 -0.125000 0.756797
v -1.199566 -0.078608 0.744790
v -1.199999 -0.076471 0.744039
v -1.189820 -0.125000 0.759375
v -1.128209 -0.204894 1.128209
v -1.151614 -0.179954 1.151614
v -1.183660 -0.142192 1.183660
v -1.314855 -0.125000 1.175055
v -1.198249 -0.125000 1.198249
v -1.206478 -0.088812 1.206478
v -1.175055 -0.125000 1.314855
v -1.216650 -0.044078 1.216650
v -1.000000 -1.000000 0.000000
v -0.900000 -1.000000 0.000000
v -0.980785 -1.000000 0.195090
v -0.882706 -1.000000 0.175581
v -0.923880 -1.000000 0.382683
v -0.831492 -1.000000 0.344415
v -0.831470 -1.000000 0.555570
v -0.748323 -1.000000 0.500013
v -0.707107 -1.000000 0.707107
v -0.636396 -1.000000 0.636396
v -0.500013 -1.000000 0.748323
v -0.555570 -1.000000 0.831470
v -0.344415 -1.000000 0.831492
v -0.382683 -1.000000 0.923880
v -0.175581 -1.000000 0.882706
v -0.195090 -1.000000 0.980785
v -0.960096 -0.131331 0.263292
v -0.961610 -0.126893 0.258302
v -0.923880 -0.219581 0.382683
v -0.928180 -0.216506 0.368509
v -0.974278 -0.216506 0.437500
v -0.866025 -0.250000 0.500000
v -0.863329 -0.250000 0.495966
v -0.859007 -0.247829 0.504052
v -0.965119 -0.125000 0.259438
v -0.962256 -0.125000 0.256173
v -0.971967 -0.018751 0.224160
v -1.053525 -0.125000 0.391747
v -1.123905 -0.125000 0.534463
v -0.831470 -0.235078 0.555570
v -1.039364 -0.216506 0.569481
v -1.086667 -0.216506 0.708829
v -0.923880 -0.250000 0.617317
v -0.965926 -0.250000 0.741181
v -0.845185 -0.216506 0.773533
v -1.057690 -0.233386 0.934217
v -1.120868 -0.211536 0.861133
v -1.115375 -0.216506 0.853158
v -1.116289 -0.216506 0.867101
v -1.114469 -0.217035 0.869473
v -0.991445 -0.250000 0.869474
v -1.061783 -0.232360 1.061784
v -1.117311 -0.216506 1.117311
v -1.000000 -0.250000 1.000000
v -0.933936 -0.233458 0.933937
v -0.883664 -0.220871 0.883664
v -0.874915 -0.219025 0.874915
v -0.862976 -0.216506 0.862976
v -0.929869 -0.232288 1.061504
v -0.869474 -0.250000 0.991445
v -0.869474 -0.217036 1.114469
v -0.868302 -0.216774 1.115368
v -0.867101 -0.216506 1.116290
v -0.853158 -0.216506 1.115376
v -0.782697 -0.215638 0.615000
v -0.783300 -0.216506 0.614265
v -0.808395 -0.216506 0.665152
v -0.734109 -0.145726 0.674205
v -0.819740 -0.182463 0.819740
v -0.788675 -0.158003 0.788675
v -0.768152 -0.145138 0.768152
v -0.665152 -0.216506 0.808394
v -0.614266 -0.216506 0.783300
v -0.680922 -0.137793 0.728596
v -0.773534 -0.216506 0.845185
v -0.741181 -0.250000 0.965926
v -0.708829 -0.216506 1.086667
v -0.617316 -0.250000 0.923879
v -0.569481 -0.216506 1.039364
v -0.723854 -0.125000 0.700170
v -0.719705 -0.125000 0.691756
v -0.717813 -0.114842 0.694061
v -0.736025 -0.125000 0.736025
v -0.723987 -0.096838 0.723987
v -0.707107 -0.057349 0.707107
v -0.691756 -0.125000 0.719705
v -0.700170 -0.125000 0.723854
v -0.555570 -0.235078 0.831470
v -0.504052 -0.247829 0.859007
v -0.500000 -0.250000 0.866025
v -0.495966 -0.250000 0.863329
v -0.437500 -0.216506 0.974279
v -0.382683 -0.219581 0.923880
v -0.368508 -0.216506 0.928180
v -0.534463 -0.125000 1.123905
v -0.391747 -0.125000 1.053525
v -0.263293 -0.131332 0.960096
v -0.259438 -0.125000 0.965120
v -0.256172 -0.125000 0.962256
v -0.255008 -0.121137 0.962609
v -1.115375 -0.216506 1.146842
v -0.991445 -0.250000 1.130526
v -1.086667 -0.216506 1.291171
v -0.965926 -0.250000 1.258819
v -0.851457 -0.203477 1.128293
v -0.845185 -0.216506 1.226467
v -0.923880 -0.250000 1.382683
v -1.039365 -0.216506 1.430518
v -0.866026 -0.250000 1.500000
v -0.974279 -0.216506 1.562500
v -0.892522 -0.216506 1.684857
v -1.123906 -0.125000 1.465536
v -1.053526 -0.125000 1.608253
v -0.808395 -0.216506 1.334848
v -0.807352 -0.165888 1.157764
v -0.757772 -0.216506 1.437500
v -0.793353 -0.250000 1.608761
v -0.694184 -0.216506 1.532666
v -0.618719 -0.216506 1.618718
v -0.759375 -0.125000 1.189820
v -0.755491 -0.112645 1.192416
v -0.756797 -0.125000 1.202783
v -0.744790 -0.078609 1.199566
v -0.723854 -0.125000 1.299830
v -0.731971 -0.042108 1.206966
v -0.724348 -0.020401 1.211368
v -0.685146 -0.125000 1.175055
v -0.678525 -0.125000 1.391747
v -0.621587 -0.125000 1.476961
v -0.965119 -0.125000 1.740562
v -0.860200 -0.125000 1.860200
v -0.795495 -0.216506 1.795495
v -0.707107 -0.250000 1.707107
v -0.608762 -0.250000 1.793353
v -0.684857 -0.216506 1.892522
v -0.740563 -0.125000 1.965119
v -0.608253 -0.125000 2.053526
v -0.554014 -0.125000 1.554013
v -0.476961 -0.125000 1.621587
v -0.391747 -0.125000 1.678525
v -0.532667 -0.216506 1.694184
v -0.437500 -0.216506 1.757772
v -0.500000 -0.250000 1.866026
v -0.334848 -0.216506 1.808395
v -0.382684 -0.250000 1.923880
v -0.562500 -0.216506 1.974279
v -0.430519 -0.216506 2.039364
v -0.291172 -0.216506 2.086666
v -0.299830 -0.125000 1.723854
v -0.465537 -0.125000 2.123905
v -0.314855 -0.125000 2.175055
v -0.258819 -0.250000 1.965926
v -0.226467 -0.216506 1.845185
v -0.114211 -0.216506 1.867514
v -0.146843 -0.216506 2.115375
v -0.130527 -0.250000 1.991445
v -0.202783 -0.125000 1.756797
v -0.102267 -0.125000 1.776791
v -0.158787 -0.125000 2.206099
v -1.478354 0.000000 -1.154849
v -1.154849 0.000000 -1.478354
v -1.323524 0.000000 -1.207407
v -1.207407 0.000000 -1.323524
v -1.226672 0.000000 -1.226672
v -1.216650 0.044078 -1.216650
v -1.206478 0.088812 -1.206478
v -1.314855 0.125000 -1.175055
v -1.175055 0.125000 -1.314855
v -1.198249 0.125000 -1.198249
v -1.183659 0.142193 -1.183659
v -1.151613 0.179956 -1.151613
v -1.128208 0.204894 -1.128208
v -1.991692 0.000000 -0.760952
v -2.082532 0.000000 -0.625000
v -2.053525 0.125000 -0.608253
v -1.883884 0.000000 -0.883883
v -1.760952 0.000000 -0.991692
v -1.860200 0.125000 -0.860200
v -1.740562 0.125000 -0.965119
v -1.965119 0.125000 -0.740562
v -1.892522 0.216506 -0.684857
v -1.795495 0.216506 -0.795495
v -2.154849 0.000000 -0.478354
v -2.207407 0.000000 -0.323524
v -2.239306 0.000000 -0.163158
v -2.123905 0.125000 -0.465537
v -2.175055 0.125000 -0.314855
v -2.039364 0.216506 -0.430519
v -1.974278 0.216506 -0.562500
v -2.086667 0.216506 -0.291171
v -2.206099 0.125000 -0.158786
v -2.115375 0.216506 -0.146842
v -1.692910 0.000000 -0.287013
v -1.724444 0.000000 -0.194114
v -1.743584 0.000000 -0.097895
v -1.723854 0.125000 -0.299830
v -1.694184 0.216506 -0.532666
v -1.757772 0.216506 -0.437500
v -1.808395 0.216506 -0.334848
v -1.845185 0.216506 -0.226467
v -1.867514 0.216506 -0.114211
v -1.756797 0.125000 -0.202783
v -1.776791 0.125000 -0.102267
v -1.707107 0.250000 -0.707107
v -1.793353 0.250000 -0.608761
v -1.991445 0.250000 -0.130526
v -1.866025 0.250000 -0.500000
v -1.923880 0.250000 -0.382683
v -1.965926 0.250000 -0.258819
v -1.625000 0.000000 -1.082532
v -1.456571 0.000000 -0.595015
v -1.608253 0.125000 -1.053526
v -1.684857 0.216506 -0.892522
v -1.562500 0.216506 -0.974279
v -1.465537 0.125000 -1.123905
v -1.430519 0.216506 -1.039364
v -1.618719 0.216506 -0.618718
v -1.476961 0.125000 -0.621587
v -1.437500 0.216506 -0.757772
v -1.532666 0.216506 -0.694184
v -1.375000 0.000000 -0.649519
v -1.287013 0.000000 -0.692910
v -1.215504 0.000000 -0.717183
v -1.207407 0.000000 -0.676476
v -1.199999 0.076471 -0.744039
v -1.199566 0.078610 -0.744790
v -1.291171 0.216506 -1.086667
v -1.146842 0.216506 -1.115375
v -1.226467 0.216506 -0.845185
v -1.128293 0.203477 -0.851457
v -1.299830 0.125000 -0.723854
v -1.391747 0.125000 -0.678525
v -1.334848 0.216506 -0.808395
v -1.202783 0.125000 -0.756797
v -1.165332 0.156235 -0.796025
v -1.189820 0.125000 -0.759375
v -1.175055 0.125000 -0.685145
v -1.134561 0.195482 -0.842076
v -1.595015 0.000000 -0.456571
v -1.649519 0.000000 -0.375000
v -1.530330 0.000000 -0.530330
v -1.621587 0.125000 -0.476961
v -1.554014 0.125000 -0.554013
v -1.678525 0.125000 -0.391747
v -1.154850 0.000000 -0.521646
v -1.500000 0.250000 -0.866026
v -1.608761 0.250000 -0.793353
v -1.382684 0.250000 -0.923880
v -1.130526 0.250000 -0.991445
v -1.258819 0.250000 -0.965926
v -0.991692 0.000000 -1.760952
v -0.883884 0.000000 -1.883883
v -0.860200 0.125000 -1.860200
v -0.965119 0.125000 -1.740562
v -0.760952 0.000000 -1.991692
v -0.625000 0.000000 -2.082532
v -0.608253 0.125000 -2.053526
v -0.740562 0.125000 -1.965119
v -0.795495 0.216506 -1.795495
v -0.684857 0.216506 -1.892522
v -1.082532 0.000000 -1.625000
v -1.053525 0.125000 -1.608253
v -1.123905 0.125000 -1.465537
v -1.039364 0.216506 -1.430519
v -0.974278 0.216506 -1.562500
v -0.892522 0.216506 -1.684857
v -1.086667 0.216506 -1.291171
v -1.115375 0.216506 -1.146842
v -0.845185 0.216506 -1.226467
v -0.851457 0.203477 -1.128293
v -0.595015 0.000000 -1.456571
v -0.717183 0.000000 -1.215504
v -0.724348 0.020401 -1.211368
v -0.731971 0.042109 -1.206966
v -0.744790 0.078609 -1.199566
v -0.755491 0.112645 -1.192416
v -0.649519 0.000000 -1.375000
v -0.692910 0.000000 -1.287013
v -0.676476 0.000000 -1.207407
v -0.757772 0.216506 -1.437500
v -0.621587 0.125000 -1.476961
v -0.618719 0.216506 -1.618718
v -0.694184 0.216506 -1.532666
v -0.723854 0.125000 -1.299830
v -0.807352 0.165888 -1.157764
v -0.756797 0.125000 -1.202783
v -0.759375 0.125000 -1.189820
v -0.808395 0.216506 -1.334848
v -0.678525 0.125000 -1.391747
v -0.685145 0.125000 -1.175055
v -0.707107 0.250000 -1.707107
v -0.608761 0.250000 -1.793353
v -0.866025 0.250000 -1.500000
v -0.991445 0.250000 -1.130526
v -0.923880 0.250000 -1.382683
v -0.965926 0.250000 -1.258819
v -0.793353 0.250000 -1.608761
v -0.478354 0.000000 -2.154849
v -0.323524 0.000000 -2.207407
v -0.287013 0.000000 -1.692910
v -0.465537 0.125000 -2.123905
v -0.562500 0.216506 -1.974279
v -0.430519 0.216506 -2.039364
v -0.314855 0.125000 -2.175055
v -0.291171 0.216506 -2.086667
v -0.532666 0.216506 -1.694184
v -0.437500 0.216506 -1.757772
v -0.299830 0.125000 -1.723854
v -0.334848 0.216506 -1.808395
v -0.163158 0.000000 -2.239306
v -0.194114 0.000000 -1.724444
v -0.097895 0.000000 -1.743584
v -0.158786 0.125000 -2.206099
v -0.146842 0.216506 -2.115375
v -0.202783 0.125000 -1.756797
v -0.226467 0.216506 -1.845185
v -0.102267 0.125000 -1.776791
v -0.114211 0.216506 -1.867514
v -0.456571 0.000000 -1.595015
v -0.530330 0.000000 -1.530330
v -0.375000 0.000000 -1.649519
v -0.521645 0.000000 -1.154849
v -0.554014 0.125000 -1.554013
v -0.476961 0.125000 -1.621587
v -0.391747 0.125000 -1.678525
v -0.500000 0.250000 -1.866026
v -0.382684 0.250000 -1.923880
v -0.130526 0.250000 -1.991445
v -0.258819 0.250000 -1.965926
v -1.117311 0.216506 -1.117311
v -1.061783 0.232360 -1.061783
v -1.116289 0.216506 -0.867101
v -1.114469 0.217035 -0.869473
v -1.120868 0.211536 -0.861133
v -1.115375 0.216506 -0.853158
v -1.057690 0.233386 -0.934217
v -0.929869 0.232288 -1.061504
v -0.867101 0.216506 -1.116290
v -0.868302 0.216774 -1.115368
v -0.869474 0.217036 -1.114469
v -0.853158 0.216506 -1.115376
v -0.933936 0.233458 -0.933937
v -0.862976 0.216506 -0.862976
v -0.883664 0.220871 -0.883664
v -0.874915 0.219025 -0.874915
v -1.086667 0.216506 -0.708829
v -1.039365 0.216506 -0.569482
v -0.845185 0.216506 -0.773533
v -0.707106 0.057351 -0.707107
v -0.723987 0.096838 -0.723987
v -0.717813 0.114842 -0.694061
v -0.708829 0.216506 -1.086667
v -0.773533 0.216506 -0.845185
v -0.569481 0.216506 -1.039364
v -0.819740 0.182463 -0.819740
v -0.788675 0.158003 -0.788675
v -0.768152 0.145138 -0.768152
v -0.736025 0.125000 -0.736025
v -0.723854 0.125000 -0.700170
v -0.719705 0.125000 -0.691756
v -0.734109 0.145726 -0.674205
v -0.808395 0.216506 -0.665152
v -0.782697 0.215638 -0.615000
v -0.783300 0.216506 -0.614265
v -0.700170 0.125000 -0.723854
v -0.691756 0.125000 -0.719705
v -0.680922 0.137793 -0.728596
v -0.665152 0.216506 -0.808394
v -0.614266 0.216506 -0.783300
v -1.082532 0.000000 -0.375000
v -0.991692 0.000000 -0.239048
v -0.973681 0.000000 -0.218510
v -0.971967 0.018751 -0.224160
v -1.123906 0.125000 -0.534464
v -1.053526 0.125000 -0.391747
v -0.974279 0.216506 -0.437500
v -0.859007 0.247828 -0.504053
v -0.928180 0.216506 -0.368508
v -0.923880 0.219581 -0.382683
v -0.965119 0.125000 -0.259438
v -0.961610 0.126893 -0.258302
v -0.962256 0.125000 -0.256173
v -0.960096 0.131331 -0.263292
v -0.831470 0.235078 -0.555570
v -1.000000 0.250000 -1.000000
v -0.991445 0.250000 -0.869474
v -0.869474 0.250000 -0.991445
v -0.965926 0.250000 -0.741181
v -0.923880 0.250000 -0.617317
v -0.741181 0.250000 -0.965926
v -0.617316 0.250000 -0.923879
v -0.866026 0.250000 -0.500000
v -0.863330 0.250000 -0.495965
v -0.375000 0.000000 -1.082532
v -0.534463 0.125000 -1.123905
v -0.504052 0.247829 -0.859007
v -0.437500 0.216506 -0.974279
v -0.391747 0.125000 -1.053525
v -0.368508 0.216506 -0.928180
v -0.382683 0.219581 -0.923880
v -0.555570 0.235078 -0.831470
v -0.239048 0.000000 -0.991691
v -0.218511 0.000000 -0.973680
v -0.255009 0.121138 -0.962609
v -0.259438 0.125000 -0.965119
v -0.256173 0.125000 -0.962256
v -0.263292 0.131331 -0.960096
v -0.500000 0.250000 -0.866025
v -0.495966 0.250000 -0.863329
v -0.707107 1.000000 -0.707107
v -0.636396 1.000000 -0.636396
v -0.923880 1.000000 -0.382683
v -0.980785 1.000000 -0.195090
v -0.882706 1.000000 -0.175581
v -0.831470 1.000000 -0.555570
v -0.748323 1.000000 -0.500013
v -0.831492 1.000000 -0.344415
v -0.382683 1.000000 -0.923880
v -0.555570 1.000000 -0.831470
v -0.500013 1.000000 -0.748323
v -0.344415 1.000000 -0.831492
v -0.195090 1.000000 -0.980785
v -0.175581 1.000000 -0.882706
v -2.250000 0.000000 0.000000
v -2.239306 0.000000 0.163158
v -2.207407 0.000000 0.323524
v -2.154850 0.000000 0.478354
v -2.216506 0.125000 0.000000
v -2.206099 0.125000 0.158786
v -2.125000 0.216506 0.000000
v -2.115375 0.216506 0.146842
v -2.175055 0.125000 0.314855
v -2.123906 0.125000 0.465536
v -2.086667 0.216506 0.291171
v -2.039365 0.216506 0.430518
v -1.750000 0.000000 0.000000
v -1.743584 0.000000 0.097895
v -1.724444 0.000000 0.194114
v -1.692910 0.000000 0.287012
v -1.875000 0.216506 0.000000
v -1.867514 0.216506 0.114211
v -1.845185 0.216506 0.226467
v -1.783494 0.125000 0.000000
v -1.776791 0.125000 0.102267
v -1.756797 0.125000 0.202783
v -1.723854 0.125000 0.299830
v -1.808395 0.216506 0.334848
v -1.757772 0.216506 0.437500
v -1.694184 0.216506 0.532666
v -2.082532 0.000000 0.625000
v -1.991692 0.000000 0.760952
v -2.053526 0.125000 0.608253
v -1.974279 0.216506 0.562500
v -1.883884 0.000000 0.883883
v -1.760952 0.000000 0.991691
v -1.965119 0.125000 0.740562
v -1.892522 0.216506 0.684857
v -1.795495 0.216506 0.795495
v -1.860200 0.125000 0.860200
v -1.740563 0.125000 0.965119
v -2.000000 0.250000 0.000000
v -1.991445 0.250000 0.130526
v -1.965926 0.250000 0.258819
v -1.923880 0.250000 0.382683
v -1.866026 0.250000 0.500000
v -1.793353 0.250000 0.608761
v -1.707107 0.250000 0.707107
v -1.649519 0.000000 0.375000
v -1.595015 0.000000 0.456571
v -1.530330 0.000000 0.530330
v -1.678525 0.125000 0.391747
v -1.621587 0.125000 0.476961
v -1.554014 0.125000 0.554013
v -1.154849 0.000000 0.521646
v -1.456571 0.000000 0.595015
v -1.625000 0.000000 1.082532
v -1.618719 0.216506 0.618718
v -1.476961 0.125000 0.621587
v -1.532667 0.216506 0.694184
v -1.437500 0.216506 0.757772
v -1.608253 0.125000 1.053526
v -1.684857 0.216506 0.892522
v -1.562500 0.216506 0.974279
v -1.465537 0.125000 1.123905
v -1.430519 0.216506 1.039364
v -1.375000 0.000000 0.649519
v -1.287013 0.000000 0.692910
v -1.207407 0.000000 0.676476
v -1.215504 0.000000 0.717183
v -1.211368 0.020400 0.724348
v -1.206966 0.042109 0.731972
v -1.199566 0.078608 0.744790
v -1.192416 0.112645 0.755491
v -1.391747 0.125000 0.678525
v -1.299830 0.125000 0.723854
v -1.334848 0.216506 0.808395
v -1.175055 0.125000 0.685145
v -1.202783 0.125000 0.756797
v -1.189820 0.125000 0.759375
v -1.157763 0.165888 0.807352
v -1.291172 0.216506 1.086666
v -1.226467 0.216506 0.845185
v -1.128293 0.203477 0.851457
v -1.146843 0.216506 1.115375
v -1.608762 0.250000 0.793353
v -1.500000 0.250000 0.866026
v -1.382684 0.250000 0.923880
v -1.258819 0.250000 0.965926
v -1.130527 0.250000 0.991445
v -1.478354 0.000000 1.154849
v -1.323524 0.000000 1.207407
v -1.226672 0.000000 1.226672
v -1.216650 0.044078 1.216650
v -1.207407 0.000000 1.323524
v -1.206478 0.088813 1.206478
v -1.154850 0.000000 1.478354
v -1.314855 0.125000 1.175055
v -1.198249 0.125000 1.198249
v -1.183659 0.142193 1.183659
v -1.151614 0.179954 1.151614
v -1.175055 0.125000 1.314855
v -1.128208 0.204894 1.128208
v -0.991692 0.000000 0.239048
v -0.973681 0.000000 0.218510
v -0.962609 0.121138 0.255009
v -1.082532 0.000000 0.375000
v -0.965119 0.125000 0.259438
v -0.962256 0.125000 0.256173
v -0.960096 0.131331 0.263292
v -1.053525 0.125000 0.391747
v -1.123905 0.125000 0.534463
v -0.928180 0.216506 0.368509
v -0.923880 0.219581 0.382683
v -0.974278 0.216506 0.437500
v -0.859007 0.247829 0.504052
v -0.831470 0.235078 0.555570
v -1.039364 0.216506 0.569481
v -1.086667 0.216506 0.708829
v -0.845185 0.216506 0.773533
v -1.115375 0.216506 0.853158
v -1.116289 0.216506 0.867101
v -1.115368 0.216774 0.868301
v -1.114469 0.217035 0.869473
v -1.061504 0.232288 0.929868
v -1.117311 0.216506 1.117311
v -1.061783 0.232360 1.061783
v -0.933937 0.233458 0.933936
v -0.862976 0.216506 0.862976
v -0.883664 0.220871 0.883664
v -0.874915 0.219025 0.874914
v -0.934217 0.233386 1.057690
v -0.869474 0.217036 1.114469
v -0.867101 0.216506 1.116290
v -0.861133 0.211536 1.120869
v -0.853158 0.216506 1.115376
v -0.707106 0.057351 0.707107
v -0.715617 0.103045 0.696738
v -0.716387 0.107182 0.695800
v -0.723987 0.096838 0.723987
v -0.694061 0.114842 0.717813
v -0.723854 0.125000 0.700170
v -0.719705 0.125000 0.691756
v -0.758082 0.180220 0.644994
v -0.819740 0.182462 0.819740
v -0.788675 0.158003 0.788675
v -0.768153 0.145138 0.768152
v -0.736025 0.125000 0.736025
v -0.783300 0.216506 0.614265
v -0.808395 0.216506 0.665152
v -0.691756 0.125000 0.719705
v -0.700170 0.125000 0.723854
v -0.643607 0.181858 0.759220
v -0.665152 0.216506 0.808394
v -0.614266 0.216506 0.783300
v -0.773534 0.216506 0.845185
v -0.708829 0.216506 1.086667
v -0.569481 0.216506 1.039364
v -0.866025 0.250000 0.500000
v -0.863329 0.250000 0.495966
v -0.923880 0.250000 0.617317
v -0.965926 0.250000 0.741181
v -0.991445 0.250000 0.869474
v -1.000000 0.250000 1.000000
v -0.869474 0.250000 0.991445
v -0.741181 0.250000 0.965926
v -0.617316 0.250000 0.923879
v -0.375000 0.000000 1.082532
v -0.555570 0.235078 0.831470
v -0.534463 0.125000 1.123905
v -0.504052 0.247829 0.859007
v -0.437500 0.216506 0.974279
v -0.391747 0.125000 1.053525
v -0.368508 0.216506 0.928180
v -0.382683 0.219581 0.923880
v -0.336700 0.190756 0.937829
v -0.218510 0.000000 0.973681
v -0.224160 0.018751 0.971967
v -0.239048 0.000000 0.991692
v -0.259438 0.125000 0.965120
v -0.258301 0.126893 0.961610
v -0.256172 0.125000 0.962256
v -0.263293 0.131332 0.960096
v -0.500000 0.250000 0.866025
v -0.495966 0.250000 0.863329
v -1.082532 0.000000 1.625000
v -1.115375 0.216506 1.146842
v -1.086667 0.216506 1.291171
v -0.851457 0.203477 1.128293
v -0.845185 0.216506 1.226467
v -1.123906 0.125000 1.465536
v -1.053526 0.125000 1.608253
v -1.039365 0.216506 1.430518
v -0.974279 0.216506 1.562500
v -0.892522 0.216506 1.684857
v -0.717183 0.000000 1.215504
v -0.744039 0.076471 1.199999
v -0.744790 0.078609 1.199566
v -0.676477 0.000000 1.207407
v -0.692910 0.000000 1.287012
v -0.649519 0.000000 1.375000
v -0.595015 0.000000 1.456571
v -0.796025 0.156235 1.165332
v -0.759375 0.125000 1.189820
v -0.756797 0.125000 1.202783
v -0.723854 0.125000 1.299830
v -0.842071 0.195478 1.134565
v -0.808395 0.216506 1.334848
v -0.685146 0.125000 1.175055
v -0.678525 0.125000 1.391747
v -0.757772 0.216506 1.437500
v -0.621587 0.125000 1.476961
v -0.694184 0.216506 1.532666
v -0.618719 0.216506 1.618718
v -0.991692 0.000000 1.760952
v -0.883884 0.000000 1.883883
v -0.965119 0.125000 1.740562
v -0.860200 0.125000 1.860200
v -0.760952 0.000000 1.991691
v -0.625000 0.000000 2.082532
v -0.740563 0.125000 1.965119
v -0.795495 0.216506 1.795495
v -0.684857 0.216506 1.892522
v -0.608253 0.125000 2.053526
v -0.991445 0.250000 1.130526
v -0.965926 0.250000 1.258819
v -0.923880 0.250000 1.382683
v -0.866026 0.250000 1.500000
v -0.793353 0.250000 1.608761
v -0.707107 0.250000 1.707107
v -0.608762 0.250000 1.793353
v -0.521645 0.000000 1.154849
v -0.530330 0.000000 1.530330
v -0.456571 0.000000 1.595015
v -0.375000 0.000000 1.649519
v -0.554014 0.125000 1.554013
v -0.476961 0.125000 1.621587
v -0.391747 0.125000 1.678525
v -0.287013 0.000000 1.692910
v -0.478354 0.000000 2.154849
v -0.323524 0.000000 2.207407
v -0.532667 0.216506 1.694184
v -0.437500 0.216506 1.757772
v -0.299830 0.125000 1.723854
v -0.334848 0.216506 1.808395
v -0.465537 0.125000 2.123905
v -0.562500 0.216506 1.974279
v -0.430519 0.216506 2.039364
v -0.314855 0.125000 2.175055
v -0.291172 0.216506 2.086666
v -0.194115 0.000000 1.724444
v -0.097895 0.000000 1.743584
v -0.163158 0.000000 2.239306
v -0.202783 0.125000 1.756797
v -0.226467 0.216506 1.845185
v -0.102267 0.125000 1.776791
v -0.114211 0.216506 1.867514
v -0.158787 0.125000 2.206099
v -0.146843 0.216506 2.115375
v -0.500000 0.250000 1.866026
v -0.382684 0.250000 1.923880
v -0.258819 0.250000 1.965926
v -0.130527 0.250000 1.991445
v -1.000000 1.000000 0.000000
v -0.900000 1.000000 0.000000
v -0.980785 1.000000 0.195090
v -0.882706 1.000000 0.175581
v -0.923880 1.000000 0.382683
v -0.831492 1.000000 0.344415
v -0.831470 1.000000 0.555570
v -0.748323 1.000000 0.500013
v -0.707107 1.000000 0.707107
v -0.636396 1.000000 0.636396
v -0.500013 1.000000 0.748323
v -0.555570 1.000000 0.831470
v -0.344415 1.000000 0.831492
v -0.382683 1.000000 0.923880
v -0.175581 1.000000 0.882706
v -0.195090 1.000000 0.980785
v 0.000000 -1.000000 -1.000000
v 0.000000 -1.000000 -0.900000
v 0.195090 -1.000000 -0.980785
v 0.175581 -1.000000 -0.882706
v 0.382683 -1.000000 -0.923880
v 0.344415 -1.000000 -0.831492
v 0.555570 -1.000000 -0.831470
v 0.500013 -1.000000 -0.748323
v 0.636396 -1.000000 -0.636396
v 0.707107 -1.000000 -0.707107
v 0.748323 -1.000000 -0.500013
v 0.831470 -1.000000 -0.555570
v 0.831492 -1.000000 -0.344415
v 0.923880 -1.000000 -0.382683
v 0.882706 -1.000000 -0.175581
v 0.980785 -1.000000 -0.195090
v 0.000000 -0.216506 -2.125000
v 0.000000 -0.250000 -2.000000
v 0.130526 -0.250000 -1.991445
v 0.146842 -0.216506 -2.115376
v 0.000000 -0.216506 -1.875000
v 0.114210 -0.216506 -1.867514
v 0.258819 -0.250000 -1.965926
v 0.226467 -0.216506 -1.845185
v 0.000000 -0.125000 -2.216506
v 0.158786 -0.125000 -2.206099
v 0.000000 -0.125000 -1.783494
v 0.102266 -0.125000 -1.776791
v 0.202783 -0.125000 -1.756797
v 0.291171 -0.216506 -2.086667
v 0.430519 -0.216506 -2.039364
v 0.382684 -0.250000 -1.923879
v 0.334848 -0.216506 -1.808394
v 0.500000 -0.250000 -1.866025
v 0.437500 -0.216506 -1.757772
v 0.532666 -0.216506 -1.694184
v 0.314855 -0.125000 -2.175055
v 0.465537 -0.125000 -2.123905
v 0.299830 -0.125000 -1.723854
v 0.391747 -0.125000 -1.678525
v 0.476961 -0.125000 -1.621587
v 0.554014 -0.125000 -1.554014
v 0.562500 -0.216506 -1.974279
v 0.684857 -0.216506 -1.892522
v 0.608762 -0.250000 -1.793353
v 0.707107 -0.250000 -1.707107
v 0.795495 -0.216506 -1.795495
v 0.608253 -0.125000 -2.053525
v 0.740562 -0.125000 -1.965119
v 0.860200 -0.125000 -1.860200
v 0.965119 -0.125000 -1.740562
v 0.618718 -0.216506 -1.618719
v 0.694184 -0.216506 -1.532666
v 0.793353 -0.250000 -1.608761
v 0.757772 -0.216506 -1.437500
v 0.808395 -0.216506 -1.334848
v 0.807352 -0.165888 -1.157763
v 0.621587 -0.125000 -1.476961
v 0.678525 -0.125000 -1.391747
v 0.685145 -0.125000 -1.175055
v 0.723854 -0.125000 -1.299830
v 0.756797 -0.125000 -1.202783
v 0.755491 -0.112645 -1.192416
v 0.759375 -0.125000 -1.189820
v 0.744790 -0.078609 -1.199566
v 0.731971 -0.042109 -1.206966
v 0.724348 -0.020401 -1.211368
v 0.892523 -0.216506 -1.684856
v 0.974279 -0.216506 -1.562500
v 0.866025 -0.250000 -1.500000
v 1.039364 -0.216506 -1.430519
v 0.923880 -0.250000 -1.382683
v 0.845185 -0.216506 -1.226467
v 0.851457 -0.203477 -1.128292
v 0.965926 -0.250000 -1.258819
v 1.086667 -0.216506 -1.291171
v 0.991445 -0.250000 -1.130526
v 1.115376 -0.216506 -1.146842
v 1.053525 -0.125000 -1.608253
v 1.123905 -0.125000 -1.465537
v 0.263292 -0.131331 -0.960096
v 0.256173 -0.125000 -0.962256
v 0.255009 -0.121138 -0.962609
v 0.259438 -0.125000 -0.965119
v 0.382683 -0.219581 -0.923880
v 0.368508 -0.216506 -0.928180
v 0.437500 -0.216506 -0.974279
v 0.495965 -0.250000 -0.863330
v 0.500000 -0.250000 -0.866026
v 0.504053 -0.247828 -0.859007
v 0.555570 -0.235078 -0.831470
v 0.391747 -0.125000 -1.053526
v 0.534463 -0.125000 -1.123905
v 0.569481 -0.216506 -1.039364
v 0.617316 -0.250000 -0.923880
v 0.708829 -0.216506 -1.086667
v 0.741181 -0.250000 -0.965926
v 0.773533 -0.216506 -0.845185
v 0.614265 -0.216506 -0.783300
v 0.665152 -0.216506 -0.808395
v 0.808394 -0.216506 -0.665152
v 0.782697 -0.215639 -0.615000
v 0.783300 -0.216506 -0.614266
v 0.768152 -0.145138 -0.768153
v 0.788675 -0.158003 -0.788675
v 0.819740 -0.182462 -0.819740
v 0.759220 -0.181858 -0.643607
v 0.734109 -0.145726 -0.674205
v 0.700170 -0.125000 -0.723854
v 0.691756 -0.125000 -0.719705
v 0.736025 -0.125000 -0.736025
v 0.723987 -0.096838 -0.723987
v 0.719705 -0.125000 -0.691756
v 0.717813 -0.114842 -0.694061
v 0.723854 -0.125000 -0.700170
v 0.707107 -0.057349 -0.707107
v 0.869474 -0.250000 -0.991445
v 0.853158 -0.216506 -1.115375
v 0.867100 -0.216506 -1.116289
v 0.869474 -0.217036 -1.114468
v 0.868302 -0.216774 -1.115367
v 0.929869 -0.232288 -1.061504
v 0.874914 -0.219025 -0.874915
v 0.883663 -0.220871 -0.883663
v 0.862976 -0.216506 -0.862976
v 0.933936 -0.233458 -0.933937
v 1.000000 -0.250000 -1.000000
v 1.061783 -0.232360 -1.061783
v 1.117311 -0.216506 -1.117311
v 0.991445 -0.250000 -0.869474
v 1.057690 -0.233386 -0.934217
v 1.114468 -0.217036 -0.869474
v 1.116290 -0.216506 -0.867100
v 1.115376 -0.216506 -0.853158
v 1.120869 -0.211536 -0.861133
v 0.845185 -0.216506 -0.773534
v 0.965926 -0.250000 -0.741181
v 0.923879 -0.250000 -0.617316
v 1.086667 -0.216506 -0.708829
v 1.039364 -0.216506 -0.569481
v 0.831470 -0.235078 -0.555570
v 0.859007 -0.247829 -0.504052
v 0.863329 -0.250000 -0.495966
v 0.866025 -0.250000 -0.500000
v 0.974279 -0.216506 -0.437500
v 0.923880 -0.219581 -0.382683
v 0.928180 -0.216506 -0.368508
v 0.960096 -0.131331 -0.263292
v 0.961610 -0.126893 -0.258302
v 1.123905 -0.125000 -0.534463
v 1.053525 -0.125000 -0.391747
v 0.962256 -0.125000 -0.256173
v 0.965119 -0.125000 -0.259438
v 0.971967 -0.018751 -0.224160
v 1.128209 -0.204894 -1.128209
v 1.151613 -0.179957 -1.151613
v 1.183659 -0.142193 -1.183659
v 1.175055 -0.125000 -1.314855
v 1.198249 -0.125000 -1.198249
v 1.206478 -0.088812 -1.206478
v 1.216650 -0.044078 -1.216650
v 1.314855 -0.125000 -1.175055
v 1.130526 -0.250000 -0.991445
v 1.146842 -0.216506 -1.115376
v 1.128293 -0.203477 -0.851457
v 1.258819 -0.250000 -0.965926
v 1.226467 -0.216506 -0.845185
v 1.291171 -0.216506 -1.086667
v 1.382684 -0.250000 -0.923879
v 1.134568 -0.195474 -0.842067
v 1.165332 -0.156235 -0.796025
v 1.334848 -0.216506 -0.808394
v 1.189820 -0.125000 -0.759375
v 1.202783 -0.125000 -0.756797
v 1.199566 -0.078610 -0.744790
v 1.199999 -0.076471 -0.744039
v 1.175055 -0.125000 -0.685145
v 1.299830 -0.125000 -0.723854
v 1.391747 -0.125000 -0.678525
v 1.430519 -0.216506 -1.039364
v 1.500000 -0.250000 -0.866025
v 1.562500 -0.216506 -0.974279
v 1.684857 -0.216506 -0.892522
v 1.437500 -0.216506 -0.757772
v 1.532666 -0.216506 -0.694184
v 1.608762 -0.250000 -0.793353
v 1.618718 -0.216506 -0.618719
v 1.465537 -0.125000 -1.123905
v 1.608253 -0.125000 -1.053525
v 1.476961 -0.125000 -0.621587
v 1.554014 -0.125000 -0.554014
v 1.621587 -0.125000 -0.476961
v 1.678525 -0.125000 -0.391747
v 1.707107 -0.250000 -0.707107
v 1.795495 -0.216506 -0.795495
v 1.793353 -0.250000 -0.608761
v 1.892523 -0.216506 -0.684856
v 1.740562 -0.125000 -0.965119
v 1.860200 -0.125000 -0.860200
v 1.965119 -0.125000 -0.740562
v 2.053525 -0.125000 -0.608253
v 1.694184 -0.216506 -0.532666
v 1.757772 -0.216506 -0.437500
v 1.808395 -0.216506 -0.334848
v 1.866025 -0.250000 -0.500000
v 1.923880 -0.250000 -0.382683
v 1.845185 -0.216506 -0.226467
v 1.965926 -0.250000 -0.258819
v 1.867514 -0.216506 -0.114210
v 1.723854 -0.125000 -0.299830
v 1.756797 -0.125000 -0.202783
v 1.776791 -0.125000 -0.102266
v 1.974279 -0.216506 -0.562500
v 2.039364 -0.216506 -0.430519
v 2.086667 -0.216506 -0.291171
v 1.991445 -0.250000 -0.130526
v 2.115376 -0.216506 -0.146842
v 2.123905 -0.125000 -0.465537
v 2.175055 -0.125000 -0.314855
v 2.206099 -0.125000 -0.158786
v 0.000000 -1.000000 0.900000
v 0.000000 -1.000000 1.000000
v 0.175581 -1.000000 0.882706
v 0.195090 -1.000000 0.980785
v 0.344415 -1.000000 0.831492
v 0.500013 -1.000000 0.748323
v 0.555570 -1.000000 0.831470
v 0.382683 -1.000000 0.923880
v 0.831492 -1.000000 0.344415
v 0.748323 -1.000000 0.500013
v 0.831470 -1.000000 0.555570
v 0.900000 -1.000000 0.000000
v 0.882706 -1.000000 0.175581
v 0.980785 -1.000000 0.195090
v 1.000000 -1.000000 0.000000
v 0.923880 -1.000000 0.382683
v 0.636396 -1.000000 0.636396
v 0.707107 -1.000000 0.707107
v 0.263291 -0.131330 0.960097
v 0.256172 -0.125000 0.962256
v 0.259437 -0.125000 0.965119
v 0.224160 -0.018751 0.971967
v 0.555570 -0.235078 0.831470
v 0.382683 -0.219581 0.923880
v 0.368508 -0.216506 0.928180
v 0.437500 -0.216506 0.974279
v 0.504053 -0.247828 0.859007
v 0.495965 -0.250000 0.863330
v 0.500000 -0.250000 0.866026
v 0.391747 -0.125000 1.053526
v 0.534463 -0.125000 1.123905
v 0.831470 -0.235078 0.555570
v 0.960096 -0.131331 0.263292
v 0.923880 -0.219581 0.382683
v 0.928180 -0.216506 0.368508
v 0.859007 -0.247829 0.504052
v 0.863329 -0.250000 0.495966
v 0.866025 -0.250000 0.500000
v 0.974279 -0.216506 0.437500
v 0.962256 -0.125000 0.256173
v 0.965119 -0.125000 0.259438
v 0.962609 -0.121138 0.255009
v 1.053525 -0.125000 0.391747
v 1.123905 -0.125000 0.534463
v 0.614265 -0.216506 0.783300
v 0.665152 -0.216506 0.808395
v 0.783300 -0.216506 0.614265
v 0.808395 -0.216506 0.665152
v 0.758082 -0.180220 0.644994
v 0.768153 -0.145138 0.768152
v 0.788675 -0.158003 0.788675
v 0.819740 -0.182463 0.819740
v 0.617316 -0.250000 0.923880
v 0.569481 -0.216506 1.039364
v 0.741181 -0.250000 0.965926
v 0.773533 -0.216506 0.845185
v 0.708828 -0.216506 1.086666
v 0.691756 -0.125000 0.719705
v 0.700170 -0.125000 0.723854
v 0.694061 -0.114842 0.717813
v 0.719705 -0.125000 0.691756
v 0.723854 -0.125000 0.700170
v 0.716387 -0.107181 0.695800
v 0.715617 -0.103045 0.696738
v 0.736025 -0.125000 0.736025
v 0.723987 -0.096838 0.723987
v 0.707106 -0.057351 0.707107
v 0.923880 -0.250000 0.617317
v 0.845185 -0.216506 0.773533
v 0.965926 -0.250000 0.741181
v 1.039364 -0.216506 0.569481
v 1.086667 -0.216506 0.708829
v 0.874915 -0.219025 0.874915
v 0.883663 -0.220870 0.883663
v 0.862976 -0.216506 0.862976
v 0.933937 -0.233458 0.933936
v 0.869473 -0.250000 0.991445
v 0.853157 -0.216506 1.115375
v 0.861133 -0.211536 1.120868
v 0.869474 -0.217036 1.114468
v 0.867100 -0.216506 1.116289
v 0.934217 -0.233386 1.057691
v 0.991445 -0.250000 0.869474
v 1.061504 -0.232288 0.929869
v 1.115376 -0.216506 0.853158
v 1.114468 -0.217036 0.869474
v 1.115368 -0.216774 0.868302
v 1.116290 -0.216506 0.867100
v 1.000000 -0.250000 1.000000
v 1.061783 -0.232360 1.061783
v 1.117311 -0.216506 1.117311
v 0.391747 -0.125000 1.678525
v 0.476961 -0.125000 1.621587
v 0.554013 -0.125000 1.554014
v 0.000000 -0.216506 1.875000
v 0.114210 -0.216506 1.867514
v 0.258819 -0.250000 1.965926
v 0.226466 -0.216506 1.845185
v 0.000000 -0.250000 2.000000
v 0.130526 -0.250000 1.991445
v 0.000000 -0.216506 2.125000
v 0.146842 -0.216506 2.115376
v 0.000000 -0.125000 1.783494
v 0.102266 -0.125000 1.776791
v 0.202783 -0.125000 1.756797
v 0.000000 -0.125000 2.216506
v 0.158786 -0.125000 2.206099
v 0.334848 -0.216506 1.808394
v 0.382684 -0.250000 1.923879
v 0.437500 -0.216506 1.757772
v 0.532666 -0.216506 1.694184
v 0.500000 -0.250000 1.866025
v 0.291171 -0.216506 2.086667
v 0.430519 -0.216506 2.039364
v 0.299830 -0.125000 1.723854
v 0.314854 -0.125000 2.175055
v 0.465537 -0.125000 2.123905
v 0.842070 -0.195477 1.134565
v 0.808394 -0.216506 1.334848
v 0.796025 -0.156235 1.165332
v 0.694184 -0.216506 1.532666
v 0.618718 -0.216506 1.618719
v 0.757772 -0.216506 1.437500
v 0.793353 -0.250000 1.608761
v 0.685145 -0.125000 1.175055
v 0.678525 -0.125000 1.391747
v 0.759375 -0.125000 1.189820
v 0.756797 -0.125000 1.202783
v 0.744790 -0.078610 1.199566
v 0.744039 -0.076471 1.199999
v 0.723854 -0.125000 1.299830
v 0.621587 -0.125000 1.476961
v 0.851456 -0.203476 1.128293
v 0.845185 -0.216506 1.226466
v 0.965926 -0.250000 1.258819
v 0.923879 -0.250000 1.382684
v 0.991445 -0.250000 1.130526
v 1.115376 -0.216506 1.146842
v 1.086667 -0.216506 1.291171
v 0.866025 -0.250000 1.500000
v 0.892523 -0.216506 1.684856
v 0.974279 -0.216506 1.562500
v 1.039364 -0.216506 1.430519
v 1.123905 -0.125000 1.465537
v 1.053525 -0.125000 1.608253
v 0.608761 -0.250000 1.793353
v 0.684856 -0.216506 1.892523
v 0.707106 -0.250000 1.707107
v 0.795495 -0.216506 1.795496
v 0.562500 -0.216506 1.974279
v 0.740562 -0.125000 1.965120
v 0.608253 -0.125000 2.053525
v 0.965119 -0.125000 1.740562
v 0.860199 -0.125000 1.860200
v 1.678525 -0.125000 0.391747
v 1.554013 -0.125000 0.554014
v 1.621587 -0.125000 0.476961
v 1.157763 -0.165888 0.807352
v 1.334848 -0.216506 0.808394
v 1.128293 -0.203477 0.851457
v 1.258819 -0.250000 0.965926
v 1.226466 -0.216506 0.845185
v 1.130526 -0.250000 0.991445
v 1.146842 -0.216506 1.115376
v 1.382684 -0.250000 0.923879
v 1.291171 -0.216506 1.086667
v 1.175055 -0.125000 0.685145
v 1.189820 -0.125000 0.759375
v 1.192416 -0.112645 0.755491
v 1.202783 -0.125000 0.756797
v 1.199566 -0.078609 0.744790
v 1.206966 -0.042109 0.731971
v 1.211368 -0.020401 0.724348
v 1.391747 -0.125000 0.678525
v 1.299830 -0.125000 0.723854
v 1.532666 -0.216506 0.694184
v 1.437500 -0.216506 0.757772
v 1.618718 -0.216506 0.618719
v 1.608761 -0.250000 0.793353
v 1.500000 -0.250000 0.866025
v 1.430519 -0.216506 1.039364
v 1.562500 -0.216506 0.974279
v 1.684856 -0.216506 0.892523
v 1.476961 -0.125000 0.621587
v 1.465537 -0.125000 1.123905
v 1.608253 -0.125000 1.053525
v 1.875000 -0.216506 0.000000
v 1.867514 -0.216506 0.114210
v 1.845185 -0.216506 0.226466
v 1.965926 -0.250000 0.258819
v 1.808394 -0.216506 0.334848
v 1.757772 -0.216506 0.437500
v 1.694184 -0.216506 0.532666
v 1.923879 -0.250000 0.382684
v 1.866025 -0.250000 0.500000
v 1.783494 -0.125000 0.000000
v 1.776791 -0.125000 0.102266
v 1.756797 -0.125000 0.202783
v 1.723854 -0.125000 0.299830
v 2.000000 -0.250000 0.000000
v 1.991445 -0.250000 0.130526
v 2.125000 -0.216506 0.000000
v 2.115376 -0.216506 0.146842
v 2.086667 -0.216506 0.291171
v 2.039364 -0.216506 0.430519
v 2.216506 -0.125000 0.000000
v 2.206099 -0.125000 0.158786
v 2.175055 -0.125000 0.314855
v 2.123905 -0.125000 0.465537
v 1.793353 -0.250000 0.608761
v 1.707106 -0.250000 0.707107
v 1.795495 -0.216506 0.795496
v 1.892523 -0.216506 0.684856
v 1.965119 -0.125000 0.740562
v 1.740562 -0.125000 0.965120
v 1.860199 -0.125000 0.860200
v 1.974279 -0.216506 0.562500
v 2.053525 -0.125000 0.608253
v 1.128209 -0.204894 1.128209
v 1.151613 -0.179957 1.151613
v 1.183659 -0.142193 1.183659
v 1.198249 -0.125000 1.198249
v 1.206478 -0.088812 1.206478
v 1.175055 -0.125000 1.314855
v 1.216650 -0.044078 1.216650
v 1.314854 -0.125000 1.175055
v 0.000000 0.000000 -2.250000
v 0.163158 0.000000 -2.239306
v 0.000000 0.000000 -1.750000
v 0.097895 0.000000 -1.743584
v 0.194114 0.000000 -1.724444
v 0.000000 0.125000 -2.216506
v 0.000000 0.216506 -2.125000
v 0.158786 0.125000 -2.206099
v 0.146842 0.216506 -2.115376
v 0.000000 0.125000 -1.783494
v 0.102266 0.125000 -1.776791
v 0.000000 0.216506 -1.875000
v 0.114210 0.216506 -1.867514
v 0.202783 0.125000 -1.756797
v 0.226467 0.216506 -1.845185
v 0.323524 0.000000 -2.207407
v 0.478355 0.000000 -2.154849
v 0.287013 0.000000 -1.692910
v 0.314855 0.125000 -2.175055
v 0.291171 0.216506 -2.086667
v 0.465537 0.125000 -2.123905
v 0.430519 0.216506 -2.039364
v 0.299830 0.125000 -1.723854
v 0.334848 0.216506 -1.808394
v 0.437500 0.216506 -1.757772
v 0.532666 0.216506 -1.694184
v 0.375000 0.000000 -1.649519
v 0.456571 0.000000 -1.595015
v 0.530330 0.000000 -1.530330
v 0.521646 0.000000 -1.154849
v 0.391747 0.125000 -1.678525
v 0.476961 0.125000 -1.621587
v 0.554014 0.125000 -1.554014
v 0.000000 0.250000 -2.000000
v 0.130526 0.250000 -1.991445
v 0.258819 0.250000 -1.965926
v 0.382684 0.250000 -1.923879
v 0.500000 0.250000 -1.866025
v 0.625000 0.000000 -2.082532
v 0.760952 0.000000 -1.991691
v 0.608253 0.125000 -2.053525
v 0.562500 0.216506 -1.974279
v 0.684857 0.216506 -1.892522
v 0.740562 0.125000 -1.965119
v 0.795495 0.216506 -1.795495
v 0.883883 0.000000 -1.883884
v 0.991692 0.000000 -1.760952
v 0.860200 0.125000 -1.860200
v 0.965119 0.125000 -1.740562
v 0.595015 0.000000 -1.456571
v 0.649519 0.000000 -1.375000
v 0.692910 0.000000 -1.287013
v 0.676476 0.000000 -1.207407
v 0.717183 0.000000 -1.215504
v 0.744039 0.076471 -1.199999
v 0.744790 0.078610 -1.199566
v 0.621587 0.125000 -1.476961
v 0.618718 0.216506 -1.618719
v 0.694184 0.216506 -1.532666
v 0.757772 0.216506 -1.437500
v 0.678525 0.125000 -1.391747
v 0.685145 0.125000 -1.175055
v 0.723854 0.125000 -1.299830
v 0.756797 0.125000 -1.202783
v 0.759375 0.125000 -1.189820
v 0.796025 0.156235 -1.165332
v 0.808395 0.216506 -1.334848
v 0.842071 0.195478 -1.134564
v 1.082532 0.000000 -1.625000
v 0.892523 0.216506 -1.684856
v 0.974279 0.216506 -1.562500
v 1.053525 0.125000 -1.608253
v 1.123905 0.125000 -1.465537
v 1.039364 0.216506 -1.430519
v 0.845185 0.216506 -1.226467
v 0.851457 0.203477 -1.128292
v 1.086667 0.216506 -1.291171
v 1.115376 0.216506 -1.146842
v 0.608762 0.250000 -1.793353
v 0.707107 0.250000 -1.707107
v 0.793353 0.250000 -1.608761
v 0.866025 0.250000 -1.500000
v 0.923880 0.250000 -1.382683
v 0.965926 0.250000 -1.258819
v 0.991445 0.250000 -1.130526
v 0.239048 0.000000 -0.991692
v 0.218510 0.000000 -0.973681
v 0.224160 0.018751 -0.971967
v 0.256173 0.125000 -0.962256
v 0.258302 0.126893 -0.961610
v 0.259438 0.125000 -0.965119
v 0.263292 0.131331 -0.960096
v 0.375000 0.000000 -1.082532
v 0.391747 0.125000 -1.053526
v 0.368508 0.216506 -0.928180
v 0.382683 0.219581 -0.923880
v 0.534463 0.125000 -1.123905
v 0.437500 0.216506 -0.974279
v 0.504053 0.247828 -0.859007
v 0.555570 0.235078 -0.831470
v 0.495965 0.250000 -0.863330
v 0.500000 0.250000 -0.866026
v 0.694061 0.114842 -0.717813
v 0.707106 0.057351 -0.707107
v 0.723987 0.096838 -0.723987
v 0.715617 0.103045 -0.696738
v 0.716387 0.107182 -0.695800
v 0.569481 0.216506 -1.039364
v 0.708829 0.216506 -1.086667
v 0.773533 0.216506 -0.845185
v 0.700170 0.125000 -0.723854
v 0.691756 0.125000 -0.719705
v 0.614265 0.216506 -0.783300
v 0.665152 0.216506 -0.808395
v 0.736025 0.125000 -0.736025
v 0.768152 0.145138 -0.768152
v 0.788675 0.158003 -0.788675
v 0.819740 0.182463 -0.819740
v 0.719705 0.125000 -0.691756
v 0.723854 0.125000 -0.700170
v 0.728596 0.137793 -0.680922
v 0.758082 0.180221 -0.644994
v 0.808394 0.216506 -0.665152
v 0.783300 0.216506 -0.614266
v 0.861133 0.211536 -1.120868
v 0.853158 0.216506 -1.115375
v 0.867100 0.216506 -1.116289
v 0.869474 0.217036 -1.114468
v 0.934217 0.233386 -1.057690
v 0.862976 0.216506 -0.862976
v 0.874915 0.219025 -0.874915
v 0.883663 0.220871 -0.883663
v 0.933937 0.233458 -0.933936
v 1.117311 0.216506 -1.117311
v 1.061783 0.232360 -1.061783
v 1.115368 0.216774 -0.868302
v 1.114468 0.217036 -0.869474
v 1.116290 0.216506 -0.867100
v 1.115376 0.216506 -0.853158
v 1.061504 0.232288 -0.929869
v 0.845185 0.216506 -0.773534
v 1.086667 0.216506 -0.708829
v 1.039364 0.216506 -0.569481
v 0.831470 0.235078 -0.555570
v 1.082532 0.000000 -0.375000
v 0.973681 0.000000 -0.218510
v 0.962609 0.121138 -0.255009
v 0.991692 0.000000 -0.239048
v 0.859007 0.247829 -0.504052
v 0.974279 0.216506 -0.437500
v 0.928180 0.216506 -0.368508
v 0.923880 0.219581 -0.382683
v 1.123905 0.125000 -0.534463
v 1.053525 0.125000 -0.391747
v 0.962256 0.125000 -0.256173
v 0.965119 0.125000 -0.259438
v 0.960096 0.131331 -0.263292
v 0.617316 0.250000 -0.923880
v 0.741181 0.250000 -0.965926
v 0.869474 0.250000 -0.991445
v 1.000000 0.250000 -1.000000
v 0.991445 0.250000 -0.869474
v 0.965926 0.250000 -0.741181
v 0.923879 0.250000 -0.617316
v 0.863329 0.250000 -0.495966
v 0.866025 0.250000 -0.500000
v 0.000000 1.000000 -1.000000
v 0.000000 1.000000 -0.900000
v 0.195090 1.000000 -0.980785
v 0.175581 1.000000 -0.882706
v 0.382683 1.000000 -0.923880
v 0.344415 1.000000 -0.831492
v 0.555570 1.000000 -0.831470
v 0.500013 1.000000 -0.748323
v 0.636396 1.000000 -0.636396
v 0.707107 1.000000 -0.707107
v 0.748323 1.000000 -0.500013
v 0.831470 1.000000 -0.555570
v 0.831492 1.000000 -0.344415
v 0.923880 1.000000 -0.382683
v 0.882706 1.000000 -0.175581
v 0.980785 1.000000 -0.195090
v 1.154849 0.000000 -1.478354
v 1.207407 0.000000 -1.323524
v 1.226672 0.000000 -1.226672
v 1.216650 0.044078 -1.216650
v 1.206478 0.088812 -1.206478
v 1.323524 0.000000 -1.207407
v 1.175055 0.125000 -1.314855
v 1.183659 0.142193 -1.183659
v 1.151613 0.179957 -1.151613
v 1.198249 0.125000 -1.198249
v 1.128209 0.204894 -1.128209
v 1.314855 0.125000 -1.175055
v 1.478355 0.000000 -1.154849
v 1.215504 0.000000 -0.717183
v 1.211368 0.020401 -0.724348
v 1.206966 0.042108 -0.731971
v 1.207407 0.000000 -0.676477
v 1.192416 0.112645 -0.755491
v 1.199566 0.078609 -0.744790
v 1.287013 0.000000 -0.692910
v 1.375000 0.000000 -0.649519
v 1.146842 0.216506 -1.115376
v 1.128293 0.203477 -0.851457
v 1.226467 0.216506 -0.845185
v 1.291171 0.216506 -1.086667
v 1.189820 0.125000 -0.759375
v 1.157763 0.165888 -0.807352
v 1.202783 0.125000 -0.756797
v 1.175055 0.125000 -0.685145
v 1.299830 0.125000 -0.723854
v 1.391747 0.125000 -0.678525
v 1.334848 0.216506 -0.808394
v 1.625000 0.000000 -1.082532
v 1.456571 0.000000 -0.595015
v 1.465537 0.125000 -1.123905
v 1.430519 0.216506 -1.039364
v 1.608253 0.125000 -1.053525
v 1.562500 0.216506 -0.974279
v 1.684857 0.216506 -0.892522
v 1.476961 0.125000 -0.621587
v 1.437500 0.216506 -0.757772
v 1.532666 0.216506 -0.694184
v 1.618718 0.216506 -0.618719
v 1.154849 0.000000 -0.521645
v 1.530330 0.000000 -0.530330
v 1.595015 0.000000 -0.456571
v 1.649519 0.000000 -0.375000
v 1.554014 0.125000 -0.554014
v 1.621587 0.125000 -0.476961
v 1.678525 0.125000 -0.391747
v 1.130526 0.250000 -0.991445
v 1.258819 0.250000 -0.965926
v 1.382684 0.250000 -0.923879
v 1.500000 0.250000 -0.866025
v 1.608762 0.250000 -0.793353
v 1.760952 0.000000 -0.991691
v 1.883883 0.000000 -0.883884
v 1.740562 0.125000 -0.965119
v 1.860200 0.125000 -0.860200
v 1.795495 0.216506 -0.795495
v 1.965119 0.125000 -0.740562
v 1.892523 0.216506 -0.684856
v 1.991692 0.000000 -0.760952
v 2.082532 0.000000 -0.625000
v 2.053525 0.125000 -0.608253
v 1.692910 0.000000 -0.287013
v 1.724444 0.000000 -0.194114
v 1.743584 0.000000 -0.097895
v 1.723854 0.125000 -0.299830
v 1.694184 0.216506 -0.532666
v 1.757772 0.216506 -0.437500
v 1.808395 0.216506 -0.334848
v 1.756797 0.125000 -0.202783
v 1.776791 0.125000 -0.102266
v 1.845185 0.216506 -0.226467
v 1.867514 0.216506 -0.114210
v 2.154849 0.000000 -0.478354
v 2.207407 0.000000 -0.323524
v 2.239306 0.000000 -0.163158
v 1.974279 0.216506 -0.562500
v 2.039364 0.216506 -0.430519
v 2.086667 0.216506 -0.291171
v 2.123905 0.125000 -0.465537
v 2.175055 0.125000 -0.314855
v 2.206099 0.125000 -0.158786
v 2.115376 0.216506 -0.146842
v 1.707107 0.250000 -0.707107
v 1.793353 0.250000 -0.608761
v 1.866025 0.250000 -0.500000
v 1.923880 0.250000 -0.382683
v 1.965926 0.250000 -0.258819
v 1.991445 0.250000 -0.130526
v 0.218511 0.000000 0.973680
v 0.239048 0.000000 0.991691
v 0.255009 0.121138 0.962609
v 0.256172 0.125000 0.962256
v 0.259437 0.125000 0.965119
v 0.263291 0.131330 0.960097
v 0.375000 0.000000 1.082532
v 0.555570 0.235078 0.831470
v 0.391747 0.125000 1.053526
v 0.368508 0.216506 0.928180
v 0.382683 0.219581 0.923880
v 0.534463 0.125000 1.123905
v 0.437500 0.216506 0.974279
v 0.504053 0.247828 0.859007
v 0.495965 0.250000 0.863330
v 0.500000 0.250000 0.866026
v 0.831470 0.235078 0.555570
v 0.973681 0.000000 0.218510
v 0.971967 0.018751 0.224160
v 0.991692 0.000000 0.239048
v 1.082532 0.000000 0.375000
v 0.962256 0.125000 0.256173
v 0.961610 0.126893 0.258302
v 0.965119 0.125000 0.259438
v 0.960096 0.131331 0.263292
v 0.928180 0.216506 0.368508
v 0.923880 0.219581 0.382683
v 0.859007 0.247829 0.504052
v 0.974279 0.216506 0.437500
v 1.053525 0.125000 0.391747
v 1.123905 0.125000 0.534463
v 0.707107 0.057349 0.707107
v 0.717813 0.114842 0.694061
v 0.723987 0.096838 0.723987
v 0.691756 0.125000 0.719705
v 0.700170 0.125000 0.723854
v 0.614265 0.216506 0.783300
v 0.665152 0.216506 0.808395
v 0.719705 0.125000 0.691756
v 0.723854 0.125000 0.700170
v 0.734109 0.145726 0.674205
v 0.736025 0.125000 0.736025
v 0.768152 0.145138 0.768153
v 0.788675 0.158003 0.788675
v 0.819740 0.182462 0.819740
v 0.782697 0.215638 0.615000
v 0.783300 0.216506 0.614265
v 0.808395 0.216506 0.665152
v 0.569481 0.216506 1.039364
v 0.773533 0.216506 0.845185
v 0.708828 0.216506 1.086666
v 0.845185 0.216506 0.773533
v 1.039364 0.216506 0.569481
v 1.086667 0.216506 0.708829
v 0.862976 0.216506 0.862976
v 0.874914 0.219025 0.874915
v 0.883663 0.220870 0.883663
v 0.933936 0.233458 0.933936
v 0.853157 0.216506 1.115375
v 0.868302 0.216774 1.115367
v 0.869474 0.217036 1.114468
v 0.867100 0.216506 1.116289
v 0.929869 0.232288 1.061504
v 1.115376 0.216506 0.853158
v 1.120869 0.211536 0.861133
v 1.114468 0.217036 0.869474
v 1.116290 0.216506 0.867100
v 1.057690 0.233386 0.934217
v 1.117311 0.216506 1.117311
v 1.061783 0.232360 1.061783
v 0.863329 0.250000 0.495966
v 0.866025 0.250000 0.500000
v 0.617316 0.250000 0.923880
v 0.741181 0.250000 0.965926
v 0.923880 0.250000 0.617317
v 0.965926 0.250000 0.741181
v 0.869473 0.250000 0.991445
v 0.991445 0.250000 0.869474
v 1.000000 0.250000 1.000000
v 0.521646 0.000000 1.154849
v 0.375000 0.000000 1.649519
v 0.530330 0.000000 1.530330
v 0.456571 0.000000 1.595015
v 0.391747 0.125000 1.678525
v 0.476961 0.125000 1.621587
v 0.554013 0.125000 1.554014
v 0.000000 0.000000 1.750000
v 0.097895 0.000000 1.743584
v 0.194114 0.000000 1.724444
v 0.000000 0.000000 2.250000
v 0.163158 0.000000 2.239306
v 0.000000 0.125000 1.783494
v 0.102266 0.125000 1.776791
v 0.000000 0.216506 1.875000
v 0.114210 0.216506 1.867514
v 0.202783 0.125000 1.756797
v 0.226466 0.216506 1.845185
v 0.000000 0.125000 2.216506
v 0.000000 0.216506 2.125000
v 0.158786 0.125000 2.206099
v 0.146842 0.216506 2.115376
v 0.287013 0.000000 1.692910
v 0.323523 0.000000 2.207407
v 0.478355 0.000000 2.154849
v 0.299830 0.125000 1.723854
v 0.334848 0.216506 1.808394
v 0.437500 0.216506 1.757772
v 0.532666 0.216506 1.694184
v 0.314854 0.125000 2.175055
v 0.291171 0.216506 2.086667
v 0.465537 0.125000 2.123905
v 0.430519 0.216506 2.039364
v 0.258819 0.250000 1.965926
v 0.000000 0.250000 2.000000
v 0.130526 0.250000 1.991445
v 0.382684 0.250000 1.923879
v 0.500000 0.250000 1.866025
v 0.676476 0.000000 1.207407
v 0.692910 0.000000 1.287013
v 0.649519 0.000000 1.375000
v 0.717183 0.000000 1.215504
v 0.724348 0.020401 1.211368
v 0.731971 0.042109 1.206966
v 0.744790 0.078610 1.199566
v 0.755491 0.112645 1.192416
v 0.595015 0.000000 1.456571
v 0.685145 0.125000 1.175055
v 0.678525 0.125000 1.391747
v 0.759375 0.125000 1.189820
v 0.756797 0.125000 1.202783
v 0.807352 0.165888 1.157763
v 0.723854 0.125000 1.299830
v 0.808394 0.216506 1.334848
v 0.621587 0.125000 1.476961
v 0.694184 0.216506 1.532666
v 0.618718 0.216506 1.618719
v 0.757772 0.216506 1.437500
v 1.082532 0.000000 1.625000
v 0.851456 0.203476 1.128293
v 0.845185 0.216506 1.226466
v 1.115376 0.216506 1.146842
v 1.086667 0.216506 1.291171
v 0.892523 0.216506 1.684856
v 0.974279 0.216506 1.562500
v 1.123905 0.125000 1.465537
v 1.053525 0.125000 1.608253
v 1.039364 0.216506 1.430519
v 0.625000 0.000000 2.082532
v 0.760952 0.000000 1.991692
v 0.684856 0.216506 1.892523
v 0.740562 0.125000 1.965120
v 0.795495 0.216506 1.795496
v 0.608253 0.125000 2.053525
v 0.562500 0.216506 1.974279
v 0.883883 0.000000 1.883884
v 0.991692 0.000000 1.760952
v 0.965119 0.125000 1.740562
v 0.860199 0.125000 1.860200
v 0.793353 0.250000 1.608761
v 0.965926 0.250000 1.258819
v 0.923879 0.250000 1.382684
v 0.991445 0.250000 1.130526
v 0.866025 0.250000 1.500000
v 0.608761 0.250000 1.793353
v 0.707106 0.250000 1.707107
v 0.000000 1.000000 0.900000
v 0.000000 1.000000 1.000000
v 0.175581 1.000000 0.882706
v 0.195090 1.000000 0.980785
v 0.344415 1.000000 0.831492
v 0.500013 1.000000 0.748323
v 0.555570 1.000000 0.831470
v 0.382683 1.000000 0.923880
v 0.831492 1.000000 0.344415
v 0.748323 1.000000 0.500013
v 0.831470 1.000000 0.555570
v 0.900000 1.000000 0.000000
v 0.882706 1.000000 0.175581
v 0.980785 1.000000 0.195090
v 1.000000 1.000000 0.000000
v 0.923880 1.000000 0.382683
v 0.636396 1.000000 0.636396
v 0.707107 1.000000 0.707107
v 1.154849 0.000000 0.521646
v 1.530330 0.000000 0.530330
v 1.649519 0.000000 0.375000
v 1.595015 0.000000 0.456571
v 1.678525 0.125000 0.391747
v 1.554013 0.125000 0.554014
v 1.621587 0.125000 0.476961
v 1.207407 0.000000 0.676476
v 1.215504 0.000000 0.717183
v 1.199999 0.076471 0.744039
v 1.199566 0.078610 0.744790
v 1.287013 0.000000 0.692910
v 1.375000 0.000000 0.649519
v 1.175055 0.125000 0.685145
v 1.189820 0.125000 0.759375
v 1.165332 0.156235 0.796025
v 1.202783 0.125000 0.756797
v 1.134568 0.195474 0.842067
v 1.391747 0.125000 0.678525
v 1.299830 0.125000 0.723854
v 1.334848 0.216506 0.808394
v 1.128293 0.203477 0.851457
v 1.226466 0.216506 0.845185
v 1.146842 0.216506 1.115376
v 1.291171 0.216506 1.086667
v 1.456571 0.000000 0.595015
v 1.625000 0.000000 1.082532
v 1.476961 0.125000 0.621587
v 1.532666 0.216506 0.694184
v 1.437500 0.216506 0.757772
v 1.618718 0.216506 0.618719
v 1.465537 0.125000 1.123905
v 1.430519 0.216506 1.039364
v 1.608253 0.125000 1.053525
v 1.562500 0.216506 0.974279
v 1.684856 0.216506 0.892523
v 1.258819 0.250000 0.965926
v 1.130526 0.250000 0.991445
v 1.382684 0.250000 0.923879
v 1.608761 0.250000 0.793353
v 1.500000 0.250000 0.866025
v 1.750000 0.000000 0.000000
v 1.743584 0.000000 0.097895
v 1.724444 0.000000 0.194114
v 1.692910 0.000000 0.287013
v 1.783494 0.125000 0.000000
v 1.776791 0.125000 0.102266
v 1.756797 0.125000 0.202783
v 1.875000 0.216506 0.000000
v 1.867514 0.216506 0.114210
v 1.845185 0.216506 0.226466
v 1.723854 0.125000 0.299830
v 1.808394 0.216506 0.334848
v 1.757772 0.216506 0.437500
v 1.694184 0.216506 0.532666
v 2.250000 0.000000 0.000000
v 2.239306 0.000000 0.163158
v 2.207407 0.000000 0.323523
v 2.154849 0.000000 0.478355
v 2.216506 0.125000 0.000000
v 2.206099 0.125000 0.158786
v 2.125000 0.216506 0.000000
v 2.115376 0.216506 0.146842
v 2.086667 0.216506 0.291171
v 2.039364 0.216506 0.430519
v 2.175055 0.125000 0.314855
v 2.123905 0.125000 0.465537
v 1.760952 0.000000 0.991692
v 1.883883 0.000000 0.883884
v 1.795495 0.216506 0.795496
v 1.965119 0.125000 0.740562
v 1.892523 0.216506 0.684856
v 1.740562 0.125000 0.965120
v 1.860199 0.125000 0.860200
v 2.082532 0.000000 0.625000
v 1.991692 0.000000 0.760952
v 2.053525 0.125000 0.608253
v 1.974279 0.216506 0.562500
v 1.965926 0.250000 0.258819
v 1.923879 0.250000 0.382684
v 1.866025 0.250000 0.500000
v 2.000000 0.250000 0.000000
v 1.991445 0.250000 0.130526
v 1.793353 0.250000 0.608761
v 1.707106 0.250000 0.707107
v 1.226672 0.000000 1.226672
v 1.216650 0.044078 1.216650
v 1.207407 0.000000 1.323523
v 1.206478 0.088812 1.206478
v 1.323523 0.000000 1.207407
v 1.154849 0.000000 1.478355
v 1.183659 0.142193 1.183659
v 1.151613 0.179957 1.151613
v 1.198249 0.125000 1.198249
v 1.175055 0.125000 1.314855
v 1.128209 0.204894 1.128209
v 1.314854 0.125000 1.175055
v 1.478355 0.000000 1.154849
vt 0.000000 0.000000
vt 0.000000 0.000000
vt 0.000000 0.000000
vt 0.000000 0.000000
vt 0.000000 0.000000
vt 0.000000 0.000000
vt 0.000000 0.000000
vt 0.000000 0.000000
vt 0.000000 0.000000
vt 0.000000 0.000000
vt 0.000000 0.000000
vt 0.000000 0.000000
vt 0.000000 0.000000
vt 0.000000 0.000000
vt 0.000000 0.000000
vt 0.000000 0.000000
vt 0.000000 0.000000
vt 0.000000 0.000000
vt 0.000000 0.000000
vt 0.000000 0.000000
vt 0.000000 0.000000
vt 0.000000 0.000000
vt 0.000000 0.000000
vt 0.000000 0.000000
vt 0.000000 0.000000
vt 0.000000 0.000000
vt 0.000000 0.000000
vt 0.000000 0.000000
vt 0.000000 0.000000
vt 0.000000 0.000000
vt 0.000000 0.000000
vt 0.000000 0.000000
vt 0.000000 0.000000
vt 0.000000 0.000000
vt 0.000000 0.000000
vt 0.000000 0.000000
vt 0.000000 0.000000
vt 0.000000 0.000000
vt 0.000000 0.000000
vt 0.000000 0.000000
vt 0.000000 0.000000
vt 0.000000 0.000000
vt 0.000000 0.000000
vt 0.000000 0.000000
vt 0.000000 0.000000
vt 0.000000 0.000000
vt 0.000000 0.000000
vt 0.000000 0.000000
vt 0.000000 0.000000
vt 0.000000 0.000000
vt 0.000000 0.000000
vt 0.000000 0.000000
vt 0.000000 0.000000
vt 0.000000 0.000000
vt 0.000000 0.000000
vt 0.000000 0.000000
vt 0.000000 0.000000
vt 0.000000 0.000000
vt 0.000000 0.000000
vt 0.000000 0.000000
vt 0.000000 0.000000
vt 0.000000 0.000000
vt 0.000000 0.000000
vt 0.000000 0.000000
vt 0.000000 0.000000
vt 0.000000 0.000000
vt 0.000000 0.000000
vt 0.000000 0.000000
vt 0.000000 0.000000
vt 0.000000 0.000000
vt 0.000000 0.000000
vt 0.000000 0.000000
vt 0.000000 0.000000
vt 0.000000 0.000000
vt 0.000000 0.000000
vt 0.000000 0.000000
vt 0.000000 0.000000
vt 0.000000 0.000000
vt 0.000000 0.000000
vt 0.000000 0.000000
vt 0.000000 0.000000
vt 0.000000 0.000000
vt 0.000000 0.000000
vt 0.000000 0.000000
vt 0.000000 0.000000
vt 0.000000 0.000000
vt 0.000000 0.000000
vt 0.000000 0.000000
vt 0.000000 0.000000
vt 0.000000 0.000000
vt 0.000000 0.000000
vt 0.000000 0.000000
vt 0.000000 0.000000
vt 0.000000 0.000000
vt 0.000000 0.000000
vt 0.000000 0.000000
vt 0.000000 0.000000
vt 0.000000 0.000000
vt 0.000000 0.000000
vt 0.000000 0.000000
vt 0.000000 0.000000
vt 0.000000 0.000000
vt 0.000000 0.000000
vt 0.000000 0.000000
vt 0.000000 0.000000
vt 0.000000 0.000000
vt 0.000000 0.000000
vt 0.000000 0.000000
vt 0.000000 0.000000
vt 0.000000 0.000000
vt 0.000000 0.000000
vt 0.000000 0.000000
vt 0.000000 0.000000
vt 0.000000 0.000000
vt 0.000000 0.000000
vt 0.000000 0.000000
vt 0.000000 0.000000
vt 0.000000 0.000000
vt 0.000000 0.000000
vt 0.000000 0.000000
vt 0.000000 0.000000
vt 0.000000 0.000000
vt 0.000000 0.000000
vt 0.000000 0.000000
vt 0.000000 0.000000
vt 0.000000 0.000000
vt 0.000000 0.000000
vt 0.000000 0.000000
vt 0.000000 0.000000
vt 0.000000 0.000000
vt 0.000000 0.000000
vt 0.000000 0.000000
vt 0.000000 0.000000
vt 0.000000 0.000000
vt 0.000000 0.000000
vt 0.000000 0.000000
vt 0.000000 0.000000
vt 0.000000 0.000000
vt 0.000000 0.000000
vt 0.000000 0.000000
vt 0.000000 0.000000
vt 0.000000 0.000000
vt 0.000000 0.000000
vt 0.000000 0.000000
vt 0.000000 0.000000
vt 0.000000 0.000000
vt 0.000000 0.000000
vt 0.000000 0.000000
vt 0.000000 0.000000
vt 0.000000 0.000000
vt 0.000000 0.000000
vt 0.000000 0.000000
vt 0.000000 0.000000
vt 0.000000 0.000000
vt 0.000000 0.000000
vt 0.000000 0.000000
vt 0.000000 0.000000
vt 0.000000 0.000000
vt 0.000000 0.000000
vt 0.000000 0.000000
vt 0.000000 0.000000
vt 0.000000 0.000000
vt 0.000000 0.000000
vt 0.000000 0.000000
vt 0.000000 0.000000
vt 0.000000 0.000000
vt 0.000000 0.000000
vt 0.000000 0.000000
vt 0.000000 0.000000
vt 0.000000 0.000000
vt 0.000000 0.000000
vt 0.000000 0.000000
vt 0.000000 0.000000
vt 0.000000 0.000000
vt 0.000000 0.000000
vt 0.000000 0.000000
vt 0.000000 0.000000
vt 0.000000 0.000000
vt 0.000000 0.000000
vt 0.000000 0.000000
vt 0.000000 0.000000
vt 0.000000 0.000000
vt 0.000000 0.000000
vt 0.000000 0.000000
vt 0.000000 0.000000
vt 0.000000 0.000000
vt 0.000000 0.000000
vt 0.000000 0.000000
vt 0.000000 0.000000
vt 0.000000 0.000000
vt 0.000000 0.000000
vt 0.000000 0.000000
vt 0.000000 0.000000
vt 0.000000 0.000000
vt 0.000000 0.000000
vt 0.000000 0.000000
vt 0.000000 0.000000
vt 0.000000 0.000000
vt 0.000000 0.000000
vt 0.000000 0.000000
vt 0.000000 0.000000
vt 0.000000 0.000000
vt 0.000000 0.000000
vt 0.000000 0.000000
vt 0.000000 0.000000
vt 0.000000 0.000000
vt 0.000000 0.000000
vt 0.000000 0.000000
vt 0.000000 0.000000
vt 0.000000 0.000000
vt 0.000000 0.000000
vt 0.000000 0.000000
vt 0.000000 0.000000
vt 0.000000 0.000000
vt 0.000000 0.000000
vt 0.000000 0.000000
vt 0.000000 0.000000
vt 0.000000 0.000000
vt 0.000000 0.000000
vt 0.000000 0.000000
vt 0.000000 0.000000
vt 0.000000 0.000000
vt 0.000000 0.000000
vt 0.000000 0.000000
vt 0.000000 0.000000
vt 0.000000 0.000000
vt 0.000000 0.000000
vt 0.000000 0.000000
vt 0.000000 0.000000
vt 0.000000 0.000000
vt 0.000000 0.000000
vt 0.000000 0.000000
vt 0.000000 0.000000
vt 0.000000 0.000000
vt 0.000000 0.000000
vt 0.000000 0.000000
vt 0.000000 0.000000
vt 0.000000 0.000000
vt 0.000000 0.000000
vt 0.000000 0.000000
vt 0.000000 0.000000
vt 0.000000 0.000000
vt 0.000000 0.000000
vt 0.000000 0.000000
vt 0.000000 0.000000
vt 0.000000 0.000000
vt 0.000000 0.000000
vt 0.000000 0.000000
vt 0.000000 0.000000
vt 0.000000 0.000000
vt 0.000000 0.000000
vt 0.000000 0.000000
vt 0.000000 0.000000
vt 0.000000 0.000000
vt 0.000000 0.000000
vt 0.000000 0.000000
vt 0.000000 0.000000
vt 0.000000 0.000000
vt 0.000000 0.000000
vt 0.000000 0.000000
vt 0.000000 0.000000
vt 0.000000 0.000000
vt 0.000000 0.000000
vt 0.000000 0.000000
vt 0.000000 0.000000
vt 0.000000 0.000000
vt 0.000000 0.000000
vt 0.000000 0.000000
vt 0.000000 0.000000
vt 0.000000 0.000000
vt 0.000000 0.000000
vt 0.000000 0.000000
vt 0.000000 0.000000
vt 0.000000 0.000000
vt 0.000000 0.000000
vt 0.000000 0.000000
vt 0.000000 0.000000
vt 0.000000 0.000000
vt 0.000000 0.000000
vt 0.000000 0.000000
vt 0.000000 0.000000
vt 0.000000 0.000000
vt 0.000000 0.000000
vt 0.000000 0.000000
vt 0.000000 0.000000
vt 0.000000 0.000000
vt 0.000000 0.000000
vt 0.000000 0.000000
vt 0.000000 0.000000
vt 0.000000 0.000000
vt 0.000000 0.000000
vt 0.000000 0.000000
vt 0.000000 0.000000
vt 0.000000 0.000000
vt 0.000000 0.000000
vt 0.000000 0.000000
vt 0.000000 0.000000
vt 0.000000 0.000000
vt 0.000000 0.000000
vt 0.000000 0.000000
vt 0.000000 0.000000
vt 0.000000 0.000000
vt 0.000000 0.000000
vt 0.000000 0.000000
vt 0.000000 0.000000
vt 0.000000 0.000000
vt 0.000000 0.000000
vt 0.000000 0.000000
vt 0.000000 0.000000
vt 0.000000 0.000000
vt 0.000000 0.000000
vt 0.000000 0.000000
vt 0.000000 0.000000
vt 0.000000 0.000000
vt 0.000000 0.000000
vt 0.000000 0.000000
vt 0.000000 0.000000
vt 0.000000 0.000000
vt 0.000000 0.000000
vt 0.000000 0.000000
vt 0.000000 0.000000
vt 0.000000 0.000000
vt 0.000000 0.000000
vt 0.000000 0.000000
vt 0.000000 0.000000
vt 0.000000 0.000000
vt 0.000000 0.000000
vt 0.000000 0.000000
vt 0.000000 0.000000
vt 0.000000 0.000000
vt 0.000000 0.000000
vt 0.000000 0.000000
vt 0.000000 0.000000
vt 0.000000 0.000000
vt 0.000000 0.000000
vt 0.000000 0.000000
vt 0.000000 0.000000
vt 0.000000 0.000000
vt 0.000000 0.000000
vt 0.000000 0.000000
vt 0.000000 0.000000
vt 0.000000 0.000000
vt 0.000000 0.000000
vt 0.000000 0.000000
vt 0.000000 0.000000
vt 0.000000 0.000000
vt 0.000000 0.000000
vt 0.000000 0.000000
vt 0.000000 0.000000
vt 0.000000 0.000000
vt 0.000000 0.000000
vt 0.000000 0.000000
vt 0.000000 0.000000
vt 0.000000 0.000000
vt 0.000000 0.000000
vt 0.000000 0.000000
vt 0.000000 0.000000
vt 0.000000 0.000000
vt 0.000000 0.000000
vt 0.000000 0.000000
vt 0.000000 0.000000
vt 0.000000 0.000000
vt 0.000000 0.000000
vt 0.000000 0.000000
vt 0.000000 0.000000
vt 0.000000 0.000000
vt 0.000000 0.000000
vt 0.000000 0.000000
vt 0.000000 0.000000
vt 0.000000 0.000000
vt 0.000000 0.000000
vt 0.000000 0.000000
vt 0.000000 0.000000
vt 0.000000 0.000000
vt 0.000000 0.000000
vt 0.000000 0.000000
vt 0.000000 0.000000
vt 0.000000 0.000000
vt 0.000000 0.000000
vt 0.000000 0.000000
vt 0.000000 0.000000
vt 0.000000 0.000000
vt 0.000000 0.000000
vt 0.000000 0.000000
vt 0.000000 0.000000
vt 0.000000 0.000000
vt 0.000000 0.000000
vt 0.000000 0.000000
vt 0.000000 0.000000
vt 0.000000 0.000000
vt 0.000000 0.000000
vt 0.000000 0.000000
vt 0.000000 0.000000
vt 0.000000 0.000000
vt 0.000000 0.000000
vt 0.000000 0.000000
vt 0.000000 0.000000
vt 0.000000 0.000000
vt 0.000000 0.000000
vt 0.000000 0.000000
vt 0.000000 0.000000
vt 0.000000 0.000000
vt 0.000000 0.000000
vt 0.000000 0.000000
vt 0.000000 0.000000
vt 0.000000 0.000000
vt 0.000000 0.000000
vt 0.000000 0.000000
vt 0.000000 0.000000
vt 0.000000 0.000000
vt 0.000000 0.000000
vt 0.000000 0.000000
vt 0.000000 0.000000
vt 0.000000 0.000000
vt 0.000000 0.000000
vt 0.000000 0.000000
vt 0.000000 0.000000
vt 0.000000 0.000000
vt 0.000000 0.000000
vt 0.000000 0.000000
vt 0.000000 0.000000
vt 0.000000 0.000000
vt 0.000000 0.000000
vt 0.000000 0.000000
vt 0.000000 0.000000
vt 0.000000 0.000000
vt 0.000000 0.000000
vt 0.000000 0.000000
vt 0.000000 0.000000
vt 0.000000 0.000000
vt 0.000000 0.000000
vt 0.000000 0.000000
vt 0.000000 0.000000
vt 0.000000 0.000000
vt 0.000000 0.000000
vt 0.000000 0.000000
vt 0.000000 0.000000
vt 0.000000 0.000000
vt 0.000000 0.000000
vt 0.000000 0.000000
vt 0.000000 0.000000
vt 0.000000 0.000000
vt 0.000000 0.000000
vt 0.000000 0.000000
vt 0.000000 0.000000
vt 0.000000 0.000000
vt 0.000000 0.000000
vt 0.000000 0.000000
vt 0.000000 0.000000
vt 0.000000 0.000000
vt 0.000000 0.000000
vt 0.000000 0.000000
vt 0.000000 0.000000
vt 0.000000 0.000000
vt 0.000000 0.000000
vt 0.000000 0.000000
vt 0.000000 0.000000
vt 0.000000 0.000000
vt 0.000000 0.000000
vt 0.000000 0.000000
vt 0.000000 0.000000
vt 0.000000 0.000000
vt 0.000000 0.000000
vt 0.000000 0.000000
vt 0.000000 0.000000
vt 0.000000 0.000000
vt 0.000000 0.000000
vt 0.000000 0.000000
vt 0.000000 0.000000
vt 0.000000 0.000000
vt 0.000000 0.000000
vt 0.000000 0.000000
vt 0.000000 0.000000
vt 0.000000 0.000000
vt 0.000000 0.000000
vt 0.000000 0.000000
vt 0.000000 0.000000
vt 0.000000 0.000000
vt 0.000000 0.000000
vt 0.000000 0.000000
vt 0.000000 0.000000
vt 0.000000 0.000000
vt 0.000000 0.000000
vt 0.000000 0.000000
vt 0.000000 0.000000
vt 0.000000 0.000000
vt 0.000000 0.000000
vt 0.000000 0.000000
vt 0.000000 0.000000
vt 0.000000 0.000000
vt 0.000000 0.000000
vt 0.000000 0.000000
vt 0.000000 0.000000
vt 0.000000 0.000000
vt 0.000000 0.000000
vt 0.000000 0.000000
vt 0.000000 0.000000
vt 0.000000 0.000000
vt 0.000000 0.000000
vt 0.000000 0.000000
vt 0.000000 0.000000
vt 0.000000 0.000000
vt 0.000000 0.000000
vt 0.000000 0.000000
vt 0.000000 0.000000
vt 0.000000 0.000000
vt 0.000000 0.000000
vt 0.000000 0.000000
vt 0.000000 0.000000
vt 0.000000 0.000000
vt 0.000000 0.000000
vt 0.000000 0.000000
vt 0.000000 0.000000
vt 0.000000 0.000000
vt 0.000000 0.000000
vt 0.000000 0.000000
vt 0.000000 0.000000
vt 0.000000 0.000000
vt 0.000000 0.000000
vt 0.000000 0.000000
vt 0.000000 0.000000
vt 0.000000 0.000000
vt 0.000000 0.000000
vt 0.000000 0.000000
vt 0.000000 0.000000
vt 0.000000 0.000000
vt 0.000000 0.000000
vt 0.000000 0.000000
vt 0.000000 0.000000
vt 0.000000 0.000000
vt 0.000000 0.000000
vt 0.000000 0.000000
vt 0.000000 0.000000
vt 0.000000 0.000000
vt 0.000000 0.000000
vt 0.000000 0.000000
vt 0.000000 0.000000
vt 0.000000 0.000000
vt 0.000000 0.000000
vt 0.000000 0.000000
vt 0.000000 0.000000
vt 0.000000 0.000000
vt 0.000000 0.000000
vt 0.000000 0.000000
vt 0.000000 0.000000
vt 0.000000 0.000000
vt 0.000000 0.000000
vt 0.000000 0.000000
vt 0.000000 0.000000
vt 0.000000 0.000000
vt 0.000000 0.000000
vt 0.000000 0.000000
vt 0.000000 0.000000
vt 0.000000 0.000000
vt 0.000000 0.000000
vt 0.000000 0.000000
vt 0.000000 0.000000
vt 0.000000 0.000000
vt 0.000000 0.000000
vt 0.000000 0.000000
vt 0.000000 0.000000
vt 0.000000 0.000000
vt 0.000000 0.000000
vt 0.000000 0.000000
vt 0.000000 0.000000
vt 0.000000 0.000000
vt 0.000000 0.000000
vt 0.000000 0.000000
vt 0.000000 0.000000
vt 0.000000 0.000000
vt 0.000000 0.000000
vt 0.000000 0.000000
vt 0.000000 0.000000
vt 0.000000 0.000000
vt 0.000000 0.000000
vt 0.000000 0.000000
vt 0.000000 0.000000
vt 0.000000 0.000000
vt 0.000000 0.000000
vt 0.000000 0.000000
vt 0.000000 0.000000
vt 0.000000 0.000000
vt 0.000000 0.000000
vt 0.000000 0.000000
vt 0.000000 0.000000
vt 0.000000 0.000000
vt 0.000000 0.000000
vt 0.000000 0.000000
vt 0.000000 0.000000
vt 0.000000 0.000000
vt 0.000000 0.000000
vt 0.000000 0.000000
vt 0.000000 0.000000
vt 0.000000 0.000000
vt 0.000000 0.000000
vt 0.000000 0.000000
vt 0.000000 0.000000
vt 0.000000 0.000000
vt 0.000000 0.000000
vt 0.000000 0.000000
vt 0.000000 0.000000
vt 0.000000 0.000000
vt 0.000000 0.000000
vt 0.000000 0.000000
vt 0.000000 0.000000
vt 0.000000 0.000000
vt 0.000000 0.000000
vt 0.000000 0.000000
vt 0.000000 0.000000
vt 0.000000 0.000000
vt 0.000000 0.000000
vt 0.000000 0.000000
vt 0.000000 0.000000
vt 0.000000 0.000000
vt 0.000000 0.000000
vt 0.000000 0.000000
vt 0.000000 0.000000
vt 0.000000 0.000000
vt 0.000000 0.000000
vt 0.000000 0.000000
vt 0.000000 0.000000
vt 0.000000 0.000000
vt 0.000000 0.000000
vt 0.000000 0.000000
vt 0.000000 0.000000
vt 0.000000 0.000000
vt 0.000000 0.000000
vt 0.000000 0.000000
vt 0.000000 0.000000
vt 0.000000 0.000000
vt 0.000000 0.000000
vt 0.000000 0.000000
vt 0.000000 0.000000
vt 0.000000 0.000000
vt 0.000000 0.000000
vt 0.000000 0.000000
vt 0.000000 0.000000
vt 0.000000 0.000000
vt 0.000000 0.000000
vt 0.000000 0.000000
vt 0.000000 0.000000
vt 0.000000 0.000000
vt 0.000000 0.000000
vt 0.000000 0.000000
vt 0.000000 0.000000
vt 0.000000 0.000000
vt 0.000000 0.000000
vt 0.000000 0.000000
vt 0.000000 0.000000
vt 0.000000 0.000000
vt 0.000000 0.000000
vt 0.000000 0.000000
vt 0.000000 0.000000
vt 0.000000 0.000000
vt 0.000000 0.000000
vt 0.000000 0.000000
vt 0.000000 0.000000
vt 0.000000 0.000000
vt 0.000000 0.000000
vt 0.000000 0.000000
vt 0.000000 0.000000
vt 0.000000 0.000000
vt 0.000000 0.000000
vt 0.000000 0.000000
vt 0.000000 0.000000
vt 0.000000 0.000000
vt 0.000000 0.000000
vt 0.000000 0.000000
vt 0.000000 0.000000
vt 0.000000 0.000000
vt 0.000000 0.000000
vt 0.000000 0.000000
vt 0.000000 0.000000
vt 0.000000 0.000000
vt 0.000000 0.000000
vt 0.000000 0.000000
vt 0.000000 0.000000
vt 0.000000 0.000000
vt 0.000000 0.000000
vt 0.000000 0.000000
vt 0.000000 0.000000
vt 0.000000 0.000000
vt 0.000000 0.000000
vt 0.000000 0.000000
vt 0.000000 0.000000
vt 0.000000 0.000000
vt 0.000000 0.000000
vt 0.000000 0.000000
vt 0.000000 0.000000
vt 0.000000 0.000000
vt 0.000000 0.000000
vt 0.000000 0.000000
vt 0.000000 0.000000
vt 0.000000 0.000000
vt 0.000000 0.000000
vt 0.000000 0.000000
vt 0.000000 0.000000
vt 0.000000 0.000000
vt 0.000000 0.000000
vt 0.000000 0.000000
vt 0.000000 0.000000
vt 0.000000 0.000000
vt 0.000000 0.000000
vt 0.000000 0.000000
vt 0.000000 0.000000
vt 0.000000 0.000000
vt 0.000000 0.000000
vt 0.000000 0.000000
vt 0.000000 0.000000
vt 0.000000 0.000000
vt 0.000000 0.000000
vt 0.000000 0.000000
vt 0.000000 0.000000
vt 0.000000 0.000000
vt 0.000000 0.000000
vt 0.000000 0.000000
vt 0.000000 0.000000
vt 0.000000 0.000000
vt 0.000000 0.000000
vt 0.000000 0.000000
vt 0.000000 0.000000
vt 0.000000 0.000000
vt 0.000000 0.000000
vt 0.000000 0.000000
vt 0.000000 0.000000
vt 0.000000 0.000000
vt 0.000000 0.000000
vt 0.000000 0.000000
vt 0.000000 0.000000
vt 0.000000 0.000000
vt 0.000000 0.000000
vt 0.000000 0.000000
vt 0.000000 0.000000
vt 0.000000 0.000000
vt 0.000000 0.000000
vt 0.000000 0.000000
vt 0.000000 0.000000
vt 0.000000 0.000000
vt 0.000000 0.000000
vt 0.000000 0.000000
vt 0.000000 0.000000
vt 0.000000 0.000000
vt 0.000000 0.000000
vt 0.000000 0.000000
vt 0.000000 0.000000
vt 0.000000 0.000000
vt 0.000000 0.000000
vt 0.000000 0.000000
vt 0.000000 0.000000
vt 0.000000 0.000000
vt 0.000000 0.000000
vt 0.000000 0.000000
vt 0.000000 0.000000
vt 0.000000 0.000000
vt 0.000000 0.000000
vt 0.000000 0.000000
vt 0.000000 0.000000
vt 0.000000 0.000000
vt 0.000000 0.000000
vt 0.000000 0.000000
vt 0.000000 0.000000
vt 0.000000 0.000000
vt 0.000000 0.000000
vt 0.000000 0.000000
vt 0.000000 0.000000
vt 0.000000 0.000000
vt 0.000000 0.000000
vt 0.000000 0.000000
vt 0.000000 0.000000
vt 0.000000 0.000000
vt 0.000000 0.000000
vt 0.000000 0.000000
vt 0.000000 0.000000
vt 0.000000 0.000000
vt 0.000000 0.000000
vt 0.000000 0.000000
vt 0.000000 0.000000
vt 0.000000 0.000000
vt 0.000000 0.000000
vt 0.000000 0.000000
vt 0.000000 0.000000
vt 0.000000 0.000000
vt 0.000000 0.000000
vt 0.000000 0.000000
vt 0.000000 0.000000
vt 0.000000 0.000000
vt 0.000000 0.000000
vt 0.000000 0.000000
vt 0.000000 0.000000
vt 0.000000 0.000000
vt 0.000000 0.000000
vt 0.000000 0.000000
vt 0.000000 0.000000
vt 0.000000 0.000000
vt 0.000000 0.000000
vt 0.000000 0.000000
vt 0.000000 0.000000
vt 0.000000 0.000000
vt 0.000000 0.000000
vt 0.000000 0.000000
vt 0.000000 0.000000
vt 0.000000 0.000000
vt 0.000000 0.000000
vt 0.000000 0.000000
vt 0.000000 0.000000
vt 0.000000 0.000000
vt 0.000000 0.000000
vt 0.000000 0.000000
vt 0.000000 0.000000
vt 0.000000 0.000000
vt 0.000000 0.000000
vt 0.000000 0.000000
vt 0.000000 0.000000
vt 0.000000 0.000000
vt 0.000000 0.000000
vt 0.000000 0.000000
vt 0.000000 0.000000
vt 0.000000 0.000000
vt 0.000000 0.000000
vt 0.000000 0.000000
vt 0.000000 0.000000
vt 0.000000 0.000000
vt 0.000000 0.000000
vt 0.000000 0.000000
vt 0.000000 0.000000
vt 0.000000 0.000000
vt 0.000000 0.000000
vt 0.000000 0.000000
vt 0.000000 0.000000
vt 0.000000 0.000000
vt 0.000000 0.000000
vt 0.000000 0.000000
vt 0.000000 0.000000
vt 0.000000 0.000000
vt 0.000000 0.000000
vt 0.000000 0.000000
vt 0.000000 0.000000
vt 0.000000 0.000000
vt 0.000000 0.000000
vt 0.000000 0.000000
vt 0.000000 0.000000
vt 0.000000 0.000000
vt 0.000000 0.000000
vt 0.000000 0.000000
vt 0.000000 0.000000
vt 0.000000 0.000000
vt 0.000000 0.000000
vt 0.000000 0.000000
vt 0.000000 0.000000
vt 0.000000 0.000000
vt 0.000000 0.000000
vt 0.000000 0.000000
vt 0.000000 0.000000
vt 0.000000 0.000000
vt 0.000000 0.000000
vt 0.000000 0.000000
vt 0.000000 0.000000
vt 0.000000 0.000000
vt 0.000000 0.000000
vt 0.000000 0.000000
vt 0.000000 0.000000
vt 0.000000 0.000000
vt 0.000000 0.000000
vt 0.000000 0.000000
vt 0.000000 0.000000
vt 0.000000 0.000000
vt 0.000000 0.000000
vt 0.000000 0.000000
vt 0.000000 0.000000
vt 0.000000 0.000000
vt 0.000000 0.000000
vt 0.000000 0.000000
vt 0.000000 0.000000
vt 0.000000 0.000000
vt 0.000000 0.000000
vt 0.000000 0.000000
vt 0.000000 0.000000
vt 0.000000 0.000000
vt 0.000000 0.000000
vt 0.000000 0.000000
vt 0.000000 0.000000
vt 0.000000 0.000000
vt 0.000000 0.000000
vt 0.000000 0.000000
vt 0.000000 0.000000
vt 0.000000 0.000000
vt 0.000000 0.000000
vt 0.000000 0.000000
vt 0.000000 0.000000
vt 0.000000 0.000000
vt 0.000000 0.000000
vt 0.000000 0.000000
vt 0.000000 0.000000
vt 0.000000 0.000000
vt 0.000000 0.000000
vt 0.000000 0.000000
vt 0.000000 0.000000
vt 0.000000 0.000000
vt 0.000000 0.000000
vt 0.000000 0.000000
vt 0.000000 0.000000
vt 0.000000 0.000000
vt 0.000000 0.000000
vt 0.000000 0.000000
vt 0.000000 0.000000
vt 0.000000 0.000000
vt 0.000000 0.000000
vt 0.000000 0.000000
vt 0.000000 0.000000
vt 0.000000 0.000000
vt 0.000000 0.000000
vt 0.000000 0.000000
vt 0.000000 0.000000
vt 0.000000 0.000000
vt 0.000000 0.000000
vt 0.000000 0.000000
vt 0.000000 0.000000
vt 0.000000 0.000000
vt 0.000000 0.000000
vt 0.000000 0.000000
vt 0.000000 0.000000
vt 0.000000 0.000000
vt 0.000000 0.000000
vt 0.000000 0.000000
vt 0.000000 0.000000
vt 0.000000 0.000000
vt 0.000000 0.000000
vt 0.000000 0.000000
vt 0.000000 0.000000
vt 0.000000 0.000000
vt 0.000000 0.000000
vt 0.000000 0.000000
vt 0.000000 0.000000
vt 0.000000 0.000000
vt 0.000000 0.000000
vt 0.000000 0.000000
vt 0.000000 0.000000
vt 0.000000 0.000000
vt 0.000000 0.000000
vt 0.000000 0.000000
vt 0.000000 0.000000
vt 0.000000 0.000000
vt 0.000000 0.000000
vt 0.000000 0.000000
vt 0.000000 0.000000
vt 0.000000 0.000000
vt 0.000000 0.000000
vt 0.000000 0.000000
vt 0.000000 0.000000
vt 0.000000 0.000000
vt 0.000000 0.000000
vt 0.000000 0.000000
vt 0.000000 0.000000
vt 0.000000 0.000000
vt 0.000000 0.000000
vt 0.000000 0.000000
vt 0.000000 0.000000
vt 0.000000 0.000000
vt 0.000000 0.000000
vt 0.000000 0.000000
vt 0.000000 0.000000
vt 0.000000 0.000000
vt 0.000000 0.000000
vt 0.000000 0.000000
vt 0.000000 0.000000
vt 0.000000 0.000000
vt 0.000000 0.000000
vt 0.000000 0.000000
vt 0.000000 0.000000
vt 0.000000 0.000000
vt 0.000000 0.000000
vt 0.000000 0.000000
vt 0.000000 0.000000
vt 0.000000 0.000000
vt 0.000000 0.000000
vt 0.000000 0.000000
vt 0.000000 0.000000
vt 0.000000 0.000000
vt 0.000000 0.000000
vt 0.000000 0.000000
vt 0.000000 0.000000
vt 0.000000 0.000000
vt 0.000000 0.000000
vt 0.000000 0.000000
vt 0.000000 0.000000
vt 0.000000 0.000000
vt 0.000000 0.000000
vt 0.000000 0.000000
vt 0.000000 0.000000
vt 0.000000 0.000000
vt 0.000000 0.000000
vt 0.000000 0.000000
vt 0.000000 0.000000
vt 0.000000 0.000000
vt 0.000000 0.000000
vt 0.000000 0.000000
vt 0.000000 0.000000
vt 0.000000 0.000000
vt 0.000000 0.000000
vt 0.000000 0.000000
vt 0.000000 0.000000
vt 0.000000 0.000000
vt 0.000000 0.000000
vt 0.000000 0.000000
vt 0.000000 0.000000
vt 0.000000 0.000000
vt 0.000000 0.000000
vt 0.000000 0.000000
vt 0.000000 0.000000
vt 0.000000 0.000000
vt 0.000000 0.000000
vt 0.000000 0.000000
vt 0.000000 0.000000
vt 0.000000 0.000000
vt 0.000000 0.000000
vt 0.000000 0.000000
vt 0.000000 0.000000
vt 0.000000 0.000000
vt 0.000000 0.000000
vt 0.000000 0.000000
vt 0.000000 0.000000
vt 0.000000 0.000000
vt 0.000000 0.000000
vt 0.000000 0.000000
vt 0.000000 0.000000
vt 0.000000 0.000000
vt 0.000000 0.000000
vt 0.000000 0.000000
vt 0.000000 0.000000
vt 0.000000 0.000000
vt 0.000000 0.000000
vt 0.000000 0.000000
vt 0.000000 0.000000
vt 0.000000 0.000000
vt 0.000000 0.000000
vt 0.000000 0.000000
vt 0.000000 0.000000
vt 0.000000 0.000000
vt 0.000000 0.000000
vt 0.000000 0.000000
vt 0.000000 0.000000
vt 0.000000 0.000000
vt 0.000000 0.000000
vt 0.000000 0.000000
vt 0.000000 0.000000
vt 0.000000 0.000000
vt 0.000000 0.000000
vt 0.000000 0.000000
vt 0.000000 0.000000
vt 0.000000 0.000000
vt 0.000000 0.000000
vt 0.000000 0.000000
vt 0.000000 0.000000
vt 0.000000 0.000000
vt 0.000000 0.000000
vt 0.000000 0.000000
vt 0.000000 0.000000
vt 0.000000 0.000000
vt 0.000000 0.000000
vt 0.000000 0.000000
vt 0.000000 0.000000
vt 0.000000 0.000000
vt 0.000000 0.000000
vt 0.000000 0.000000
vt 0.000000 0.000000
vt 0.000000 0.000000
vt 0.000000 0.000000
vt 0.000000 0.000000
vt 0.000000 0.000000
vt 0.000000 0.000000
vt 0.000000 0.000000
vt 0.000000 0.000000
vt 0.000000 0.000000
vt 0.000000 0.000000
vt 0.000000 0.000000
vt 0.000000 0.000000
vt 0.000000 0.000000
vt 0.000000 0.000000
vt 0.000000 0.000000
vt 0.000000 0.000000
vt 0.000000 0.000000
vt 0.000000 0.000000
vt 0.000000 0.000000
vt 0.000000 0.000000
vt 0.000000 0.000000
vt 0.000000 0.000000
vt 0.000000 0.000000
vt 0.000000 0.000000
vt 0.000000 0.000000
vt 0.000000 0.000000
vt 0.000000 0.000000
vt 0.000000 0.000000
vt 0.000000 0.000000
vt 0.000000 0.000000
vt 0.000000 0.000000
vt 0.000000 0.000000
vt 0.000000 0.000000
vt 0.000000 0.000000
vt 0.000000 0.000000
vt 0.000000 0.000000
vt 0.000000 0.000000
vt 0.000000 0.000000
vt 0.000000 0.000000
vt 0.000000 0.000000
vt 0.000000 0.000000
vt 0.000000 0.000000
vt 0.000000 0.000000
vt 0.000000 0.000000
vt 0.000000 0.000000
vt 0.000000 0.000000
vt 0.000000 0.000000
vt 0.000000 0.000000
vt 0.000000 0.000000
vt 0.000000 0.000000
vt 0.000000 0.000000
vt 0.000000 0.000000
vt 0.000000 0.000000
vt 0.000000 0.000000
vt 0.000000 0.000000
vt 0.000000 0.000000
vt 0.000000 0.000000
vt 0.000000 0.000000
vt 0.000000 0.000000
vt 0.000000 0.000000
vt 0.000000 0.000000
vt 0.000000 0.000000
vt 0.000000 0.000000
vt 0.000000 0.000000
vt 0.000000 0.000000
vt 0.000000 0.000000
vt 0.000000 0.000000
vt 0.000000 0.000000
vt 0.000000 0.000000
vt 0.000000 0.000000
vt 0.000000 0.000000
vt 0.000000 0.000000
vt 0.000000 0.000000
vt 0.000000 0.000000
vt 0.000000 0.000000
vt 0.000000 0.000000
vt 0.000000 0.000000
vt 0.000000 0.000000
vt 0.000000 0.000000
vt 0.000000 0.000000
vt 0.000000 0.000000
vt 0.000000 0.000000
vt 0.000000 0.000000
vt 0.000000 0.000000
vt 0.000000 0.000000
vt 0.000000 0.000000
vt 0.000000 0.000000
vt 0.000000 0.000000
vt 0.000000 0.000000
vt 0.000000 0.000000
vt 0.000000 0.000000
vt 0.000000 0.000000
vt 0.000000 0.000000
vt 0.000000 0.000000
vt 0.000000 0.000000
vt 0.000000 0.000000
vt 0.000000 0.000000
vt 0.000000 0.000000
vt 0.000000 0.000000
vt 0.000000 0.000000
vt 0.000000 0.000000
vt 0.000000 0.000000
vt 0.000000 0.000000
vt 0.000000 0.000000
vt 0.000000 0.000000
vt 0.000000 0.000000
vt 0.000000 0.000000
vt 0.000000 0.000000
vt 0.000000 0.000000
vt 0.000000 0.000000
vt 0.000000 0.000000
vt 0.000000 0.000000
vt 0.000000 0.000000
vt 0.000000 0.000000
vt 0.000000 0.000000
vt 0.000000 0.000000
vt 0.000000 0.000000
vt 0.000000 0.000000
vt 0.000000 0.000000
vt 0.000000 0.000000
vt 0.000000 0.000000
vt 0.000000 0.000000
vt 0.000000 0.000000
vt 0.000000 0.000000
vt 0.000000 0.000000
vt 0.000000 0.000000
vt 0.000000 0.000000
vt 0.000000 0.000000
vt 0.000000 0.000000
vt 0.000000 0.000000
vt 0.000000 0.000000
vt 0.000000 0.000000
vt 0.000000 0.000000
vt 0.000000 0.000000
vt 0.000000 0.000000
vt 0.000000 0.000000
vt 0.000000 0.000000
vt 0.000000 0.000000
vt 0.000000 0.000000
vt 0.000000 0.000000
vt 0.000000 0.000000
vt 0.000000 0.000000
vt 0.000000 0.000000
vt 0.000000 0.000000
vt 0.000000 0.000000
vt 0.000000 0.000000
vt 0.000000 0.000000
vt 0.000000 0.000000
vt 0.000000 0.000000
vt 0.000000 0.000000
vt 0.000000 0.000000
vt 0.000000 0.000000
vt 0.000000 0.000000
vt 0.000000 0.000000
vt 0.000000 0.000000
vt 0.000000 0.000000
vt 0.000000 0.000000
vt 0.000000 0.000000
vt 0.000000 0.000000
vt 0.000000 0.000000
vt 0.000000 0.000000
vt 0.000000 0.000000
vt 0.000000 0.000000
vt 0.000000 0.000000
vt 0.000000 0.000000
vt 0.000000 0.000000
vt 0.000000 0.000000
vt 0.000000 0.000000
vt 0.000000 0.000000
vt 0.000000 0.000000
vt 0.000000 0.000000
vt 0.000000 0.000000
vt 0.000000 0.000000
vt 0.000000 0.000000
vt 0.000000 0.000000
vt 0.000000 0.000000
vt 0.000000 0.000000
vt 0.000000 0.000000
vt 0.000000 0.000000
vt 0.000000 0.000000
vt 0.000000 0.000000
vt 0.000000 0.000000
vt 0.000000 0.000000
vt 0.000000 0.000000
vt 0.000000 0.000000
vt 0.000000 0.000000
vt 0.000000 0.000000
vt 0.000000 0.000000
vt 0.000000 0.000000
vt 0.000000 0.000000
vt 0.000000 0.000000
vt 0.000000 0.000000
vt 0.000000 0.000000
vt 0.000000 0.000000
vt 0.000000 0.000000
vt 0.000000 0.000000
vt 0.000000 0.000000
vt 0.000000 0.000000
vt 0.000000 0.000000
vt 0.000000 0.000000
vt 0.000000 0.000000
vt 0.000000 0.000000
vt 0.000000 0.000000
vt 0.000000 0.000000
vt 0.000000 0.000000
vt 0.000000 0.000000
vt 0.000000 0.000000
vt 0.000000 0.000000
vt 0.000000 0.000000
vt 0.000000 0.000000
vt 0.000000 0.000000
vt 0.000000 0.000000
vt 0.000000 0.000000
vt 0.000000 0.000000
vt 0.000000 0.000000
vt 0.000000 0.000000
vt 0.000000 0.000000
vt 0.000000 0.000000
vt 0.000000 0.000000
vt 0.000000 0.000000
vt 0.000000 0.000000
vt 0.000000 0.000000
vt 0.000000 0.000000
vt 0.000000 0.000000
vt 0.000000 0.000000
vt 0.000000 0.000000
vt 0.000000 0.000000
vt 0.000000 0.000000
vt 0.000000 0.000000
vt 0.000000 0.000000
vt 0.000000 0.000000
vt 0.000000 0.000000
vt 0.000000 0.000000
vt 0.000000 0.000000
vt 0.000000 0.000000
vt 0.000000 0.000000
vt 0.000000 0.000000
vt 0.000000 0.000000
vt 0.000000 0.000000
vt 0.000000 0.000000
vt 0.000000 0.000000
vt 0.000000 0.000000
vt 0.000000 0.000000
vt 0.000000 0.000000
vt 0.000000 0.000000
vt 0.000000 0.000000
vt 0.000000 0.000000
vt 0.000000 0.000000
vt 0.000000 0.000000
vt 0.000000 0.000000
vt 0.000000 0.000000
vt 0.000000 0.000000
vt 0.000000 0.000000
vt 0.000000 0.000000
vt 0.000000 0.000000
vt 0.000000 0.000000
vt 0.000000 0.000000
vt 0.000000 0.000000
vt 0.000000 0.000000
vt 0.000000 0.000000
vt 0.000000 0.000000
vt 0.000000 0.000000
vt 0.000000 0.000000
vt 0.000000 0.000000
vt 0.000000 0.000000
vt 0.000000 0.000000
vt 0.000000 0.000000
vt 0.000000 0.000000
vt 0.000000 0.000000
vt 0.000000 0.000000
vt 0.000000 0.000000
vt 0.000000 0.000000
vt 0.000000 0.000000
vt 0.000000 0.000000
vt 0.000000 0.000000
vt 0.000000 0.000000
vt 0.000000 0.000000
vt 0.000000 0.000000
vt 0.000000 0.000000
vt 0.000000 0.000000
vt 0.000000 0.000000
vt 0.000000 0.000000
vt 0.000000 0.000000
vt 0.000000 0.000000
vt 0.000000 0.000000
vt 0.000000 0.000000
vt 0.000000 0.000000
vt 0.000000 0.000000
vt 0.000000 0.000000
vt 0.000000 0.000000
vt 0.000000 0.000000
vt 0.000000 0.000000
vt 0.000000 0.000000
vt 0.000000 0.000000
vt 0.000000 0.000000
vt 0.000000 0.000000
vt 0.000000 0.000000
vt 0.000000 0.000000
vt 0.000000 0.000000
vt 0.000000 0.000000
vt 0.000000 0.000000
vt 0.000000 0.000000
vt 0.000000 0.000000
vt 0.000000 0.000000
vt 0.000000 0.000000
vt 0.000000 0.000000
vt 0.000000 0.000000
vt 0.000000 0.000000
vt 0.000000 0.000000
vt 0.000000 0.000000
vt 0.000000 0.000000
vt 0.000000 0.000000
vt 0.000000 0.000000
vt 0.000000 0.000000
vt 0.000000 0.000000
vt 0.000000 0.000000
vt 0.000000 0.000000
vt 0.000000 0.000000
vt 0.000000 0.000000
vt 0.000000 0.000000
vt 0.000000 0.000000
vt 0.000000 0.000000
vt 0.000000 0.000000
vt 0.000000 0.000000
vt 0.000000 0.000000
vt 0.000000 0.000000
vt 0.000000 0.000000
vt 0.000000 0.000000
vt 0.000000 0.000000
vt 0.000000 0.000000
vt 0.000000 0.000000
vt 0.000000 0.000000
vt 0.000000 0.000000
vt 0.000000 0.000000
vt 0.000000 0.000000
vt 0.000000 0.000000
vt 0.000000 0.000000
vt 0.000000 0.000000
vt 0.000000 0.000000
vt 0.000000 0.000000
vt 0.000000 0.000000
vt 0.000000 0.000000
vt 0.000000 0.000000
vt 0.000000 0.000000
vt 0.000000 0.000000
vt 0.000000 0.000000
vt 0.000000 0.000000
vt 0.000000 0.000000
vt 0.000000 0.000000
vt 0.000000 0.000000
vt 0.000000 0.000000
vt 0.000000 0.000000
vt 0.000000 0.000000
vt 0.000000 0.000000
vt 0.000000 0.000000
vt 0.000000 0.000000
vt 0.000000 0.000000
vt 0.000000 0.000000
vt 0.000000 0.000000
vt 0.000000 0.000000
vt 0.000000 0.000000
vt 0.000000 0.000000
vt 0.000000 0.000000
vt 0.000000 0.000000
vt 0.000000 0.000000
vt 0.000000 0.000000
vt 0.000000 0.000000
vt 0.000000 0.000000
vt 0.000000 0.000000
vt 0.000000 0.000000
vt 0.000000 0.000000
vt 0.000000 0.000000
vt 0.000000 0.000000
vt 0.000000 0.000000
vt 0.000000 0.000000
vt 0.000000 0.000000
vt 0.000000 0.000000
vt 0.000000 0.000000
vt 0.000000 0.000000
vt 0.000000 0.000000
vt 0.000000 0.000000
vt 0.000000 0.000000
vt 0.000000 0.000000
vt 0.000000 0.000000
vt 0.000000 0.000000
vt 0.000000 0.000000
vt 0.000000 0.000000
vt 0.000000 0.000000
vt 0.000000 0.000000
vt 0.000000 0.000000
vt 0.000000 0.000000
vt 0.000000 0.000000
vt 0.000000 0.000000
vt 0.000000 0.000000
vt 0.000000 0.000000
vt 0.000000 0.000000
vt 0.000000 0.000000
vt 0.000000 0.000000
vt 0.000000 0.000000
vt 0.000000 0.000000
vt 0.000000 0.000000
vt 0.000000 0.000000
vt 0.000000 0.000000
vt 0.000000 0.000000
vt 0.000000 0.000000
vt 0.000000 0.000000
vt 0.000000 0.000000
vt 0.000000 0.000000
vt 0.000000 0.000000
vt 0.000000 0.000000
vt 0.000000 0.000000
vt 0.000000 0.000000
vt 0.000000 0.000000
vt 0.000000 0.000000
vt 0.000000 0.000000
vt 0.000000 0.000000
vt 0.000000 0.000000
vt 0.000000 0.000000
vt 0.000000 0.000000
vt 0.000000 0.000000
vt 0.000000 0.000000
vt 0.000000 0.000000
vt 0.000000 0.000000
vt 0.000000 0.000000
vt 0.000000 0.000000
vt 0.000000 0.000000
vt 0.000000 0.000000
vt 0.000000 0.000000
vt 0.000000 0.000000
vt 0.000000 0.000000
vt 0.000000 0.000000
vt 0.000000 0.000000
vt 0.000000 0.000000
vt 0.000000 0.000000
vt 0.000000 0.000000
vt 0.000000 0.000000
vt 0.000000 0.000000
vt 0.000000 0.000000
vt 0.000000 0.000000
vt 0.000000 0.000000
vt 0.000000 0.000000
vt 0.000000 0.000000
vt 0.000000 0.000000
vt 0.000000 0.000000
vt 0.000000 0.000000
vt 0.000000 0.000000
vt 0.000000 0.000000
vt 0.000000 0.000000
vt 0.000000 0.000000
vt 0.000000 0.000000
vt 0.000000 0.000000
vt 0.000000 0.000000
vt 0.000000 0.000000
vt 0.000000 0.000000
vt 0.000000 0.000000
vt 0.000000 0.000000
vt 0.000000 0.000000
vt 0.000000 0.000000
vt 0.000000 0.000000
vt 0.000000 0.000000
vt 0.000000 0.000000
vt 0.000000 0.000000
vt 0.000000 0.000000
vt 0.000000 0.000000
vt 0.000000 0.000000
vt 0.000000 0.000000
vt 0.000000 0.000000
vt 0.000000 0.000000
vt 0.000000 0.000000
vt 0.000000 0.000000
vt 0.000000 0.000000
vt 0.000000 0.000000
vt 0.000000 0.000000
vt 0.000000 0.000000
vt 0.000000 0.000000
vt 0.000000 0.000000
vt 0.000000 0.000000
vt 0.000000 0.000000
vt 0.000000 0.000000
vt 0.000000 0.000000
vt 0.000000 0.000000
vt 0.000000 0.000000
vt 0.000000 0.000000
vt 0.000000 0.000000
vt 0.000000 0.000000
vt 0.000000 0.000000
vt 0.000000 0.000000
vt 0.000000 0.000000
vt 0.000000 0.000000
vt 0.000000 0.000000
vt 0.000000 0.000000
vt 0.000000 0.000000
vt 0.000000 0.000000
vt 0.000000 0.000000
vt 0.000000 0.000000
vt 0.000000 0.000000
vt 0.000000 0.000000
vt 0.000000 0.000000
vt 0.000000 0.000000
vt 0.000000 0.000000
vt 0.000000 0.000000
vt 0.000000 0.000000
vt 0.000000 0.000000
vt 0.000000 0.000000
vt 0.000000 0.000000
vt 0.000000 0.000000
vt 0.000000 0.000000
vt 0.000000 0.000000
vt 0.000000 0.000000
vt 0.000000 0.000000
vt 0.000000 0.000000
vt 0.000000 0.000000
vt 0.000000 0.000000
vt 0.000000 0.000000
vt 0.000000 0.000000
vt 0.000000 0.000000
vt 0.000000 0.000000
vt 0.000000 0.000000
vt 0.000000 0.000000
vt 0.000000 0.000000
vt 0.000000 0.000000
vt 0.000000 0.000000
vt 0.000000 0.000000
vt 0.000000 0.000000
vt 0.000000 0.000000
vt 0.000000 0.000000
vt 0.000000 0.000000
vt 0.000000 0.000000
vt 0.000000 0.000000
vt 0.000000 0.000000
vt 0.000000 0.000000
vt 0.000000 0.000000
vt 0.000000 0.000000
vt 0.000000 0.000000
vt 0.000000 0.000000
vt 0.000000 0.000000
vt 0.000000 0.000000
vt 0.000000 0.000000
vt 0.000000 0.000000
vt 0.000000 0.000000
vt 0.000000 0.000000
vt 0.000000 0.000000
vt 0.000000 0.000000
vt 0.000000 0.000000
vt 0.000000 0.000000
vt 0.000000 0.000000
vt 0.000000 0.000000
vt 0.000000 0.000000
vt 0.000000 0.000000
vt 0.000000 0.000000
vt 0.000000 0.000000
vt 0.000000 0.000000
vt 0.000000 0.000000
vt 0.000000 0.000000
vt 0.000000 0.000000
vt 0.000000 0.000000
vt 0.000000 0.000000
vt 0.000000 0.000000
vt 0.000000 0.000000
vt 0.000000 0.000000
vt 0.000000 0.000000
vt 0.000000 0.000000
vt 0.000000 0.000000
vt 0.000000 0.000000
vt 0.000000 0.000000
vt 0.000000 0.000000
vt 0.000000 0.000000
vt 0.000000 0.000000
vt 0.000000 0.000000
vt 0.000000 0.000000
vt 0.000000 0.000000
vt 0.000000 0.000000
vt 0.000000 0.000000
vt 0.000000 0.000000
vt 0.000000 0.000000
vt 0.000000 0.000000
vt 0.000000 0.000000
vt 0.000000 0.000000
vt 0.000000 0.000000
vt 0.000000 0.000000
vt 0.000000 0.000000
vt 0.000000 0.000000
vt 0.000000 0.000000
vt 0.000000 0.000000
vt 0.000000 0.000000
vt 0.000000 0.000000
vt 0.000000 0.000000
vt 0.000000 0.000000
vt 0.000000 0.000000
vt 0.000000 0.000000
vt 0.000000 0.000000
vt 0.000000 0.000000
vt 0.000000 0.000000
vt 0.000000 0.000000
vt 0.000000 0.000000
vt 0.000000 0.000000
vt 0.000000 0.000000
vt 0.000000 0.000000
vt 0.000000 0.000000
vt 0.000000 0.000000
vt 0.000000 0.000000
vt 0.000000 0.000000
vt 0.000000 0.000000
vt 0.000000 0.000000
vt 0.000000 0.000000
vt 0.000000 0.000000
vt 0.000000 0.000000
vt 0.000000 0.000000
vt 0.000000 0.000000
vt 0.000000 0.000000
vt 0.000000 0.000000
vt 0.000000 0.000000
vt 0.000000 0.000000
vt 0.000000 0.000000
vt 0.000000 0.000000
vt 0.000000 0.000000
vt 0.000000 0.000000
vt 0.000000 0.000000
vt 0.000000 0.000000
vt 0.000000 0.000000
vt 0.000000 0.000000
vt 0.000000 0.000000
vt 0.000000 0.000000
vt 0.000000 0.000000
vt 0.000000 0.000000
vt 0.000000 0.000000
vt 0.000000 0.000000
vt 0.000000 0.000000
vt 0.000000 0.000000
vt 0.000000 0.000000
vt 0.000000 0.000000
vt 0.000000 0.000000
vt 0.000000 0.000000
vt 0.000000 0.000000
vt 0.000000 0.000000
vt 0.000000 0.000000
vt 0.000000 0.000000
vt 0.000000 0.000000
vt 0.000000 0.000000
vt 0.000000 0.000000
vt 0.000000 0.000000
vt 0.000000 0.000000
vt 0.000000 0.000000
vt 0.000000 0.000000
vt 0.000000 0.000000
vt 0.000000 0.000000
vt 0.000000 0.000000
vt 0.000000 0.000000
vt 0.000000 0.000000
vt 0.000000 0.000000
vt 0.000000 0.000000
vt 0.000000 0.000000
vt 0.000000 0.000000
vt 0.000000 0.000000
vt 0.000000 0.000000
vt 0.000000 0.000000
vt 0.000000 0.000000
vt 0.000000 0.000000
vt 0.000000 0.000000
vt 0.000000 0.000000
vt 0.000000 0.000000
vt 0.000000 0.000000
vt 0.000000 0.000000
vt 0.000000 0.000000
vt 0.000000 0.000000
vt 0.000000 0.000000
vt 0.000000 0.000000
vt 0.000000 0.000000
vt 0.000000 0.000000
vt 0.000000 0.000000
vt 0.000000 0.000000
vt 0.000000 0.000000
vt 0.000000 0.000000
vt 0.000000 0.000000
vt 0.000000 0.000000
vt 0.000000 0.000000
vt 0.000000 0.000000
vt 0.000000 0.000000
vt 0.000000 0.000000
vt 0.000000 0.000000
vt 0.000000 0.000000
vt 0.000000 0.000000
vt 0.000000 0.000000
vt 0.000000 0.000000
vt 0.000000 0.000000
vt 0.000000 0.000000
vt 0.000000 0.000000
vt 0.000000 0.000000
vt 0.000000 0.000000
vt 0.000000 0.000000
vt 0.000000 0.000000
vt 0.000000 0.000000
vt 0.000000 0.000000
vt 0.000000 0.000000
vt 0.000000 0.000000
vt 0.000000 0.000000
vt 0.000000 0.000000
vt 0.000000 0.000000
vt 0.000000 0.000000
vt 0.000000 0.000000
vt 0.000000 0.000000
vt 0.000000 0.000000
vt 0.000000 0.000000
vt 0.000000 0.000000
vt 0.000000 0.000000
vt 0.000000 0.000000
vt 0.000000 0.000000
vt 0.000000 0.000000
vt 0.000000 0.000000
vt 0.000000 0.000000
vt 0.000000 0.000000
vt 0.000000 0.000000
vt 0.000000 0.000000
vt 0.000000 0.000000
vt 0.000000 0.000000
vt 0.000000 0.000000
vt 0.000000 0.000000
vt 0.000000 0.000000
vt 0.000000 0.000000
vt 0.000000 0.000000
vt 0.000000 0.000000
vt 0.000000 0.000000
vt 0.000000 0.000000
vt 0.000000 0.000000
vt 0.000000 0.000000
vt 0.000000 0.000000
vt 0.000000 0.000000
vt 0.000000 0.000000
vt 0.000000 0.000000
vt 0.000000 0.000000
vt 0.000000 0.000000
vt 0.000000 0.000000
vt 0.000000 0.000000
vt 0.000000 0.000000
vt 0.000000 0.000000
vt 0.000000 0.000000
vt 0.000000 0.000000
vt 0.000000 0.000000
vt 0.000000 0.000000
vt 0.000000 0.000000
vt 0.000000 0.000000
vt 0.000000 0.000000
vt 0.000000 0.000000
vt 0.000000 0.000000
vt 0.000000 0.000000
vt 0.000000 0.000000
vt 0.000000 0.000000
vt 0.000000 0.000000
vt 0.000000 0.000000
vt 0.000000 0.000000
vt 0.000000 0.000000
vt 0.000000 0.000000
vt 0.000000 0.000000
vt 0.000000 0.000000
vt 0.000000 0.000000
vt 0.000000 0.000000
vt 0.000000 0.000000
vt 0.000000 0.000000
vt 0.000000 0.000000
vt 0.000000 0.000000
vt 0.000000 0.000000
vt 0.000000 0.000000
vt 0.000000 0.000000
vt 0.000000 0.000000
vt 0.000000 0.000000
vt 0.000000 0.000000
vt 0.000000 0.000000
vt 0.000000 0.000000
vt 0.000000 0.000000
vt 0.000000 0.000000
vt 0.000000 0.000000
vt 0.000000 0.000000
vt 0.000000 0.000000
vt 0.000000 0.000000
vt 0.000000 0.000000
vt 0.000000 0.000000
vt 0.000000 0.000000
vt 0.000000 0.000000
vt 0.000000 0.000000
vt 0.000000 0.000000
vt 0.000000 0.000000
vt 0.000000 0.000000
vt 0.000000 0.000000
vt 0.000000 0.000000
vt 0.000000 0.000000
vt 0.000000 0.000000
vt 0.000000 0.000000
vt 0.000000 0.000000
vt 0.000000 0.000000
vt 0.000000 0.000000
vt 0.000000 0.000000
vt 0.000000 0.000000
vt 0.000000 0.000000
vt 0.000000 0.000000
vt 0.000000 0.000000
vt 0.000000 0.000000
vt 0.000000 0.000000
vt 0.000000 0.000000
vt 0.000000 0.000000
vt 0.000000 0.000000
vt 0.000000 0.000000
vt 0.000000 0.000000
vt 0.000000 0.000000
vt 0.000000 0.000000
vt 0.000000 0.000000
vt 0.000000 0.000000
vt 0.000000 0.000000
vt 0.000000 0.000000
vt 0.000000 0.000000
vt 0.000000 0.000000
vt 0.000000 0.000000
vt 0.000000 0.000000
vt 0.000000 0.000000
vt 0.000000 0.000000
vt 0.000000 0.000000
vt 0.000000 0.000000
vt 0.000000 0.000000
vt 0.000000 0.000000
vt 0.000000 0.000000
vt 0.000000 0.000000
vt 0.000000 0.000000
vt 0.000000 0.000000
vt 0.000000 0.000000
vt 0.000000 0.000000
vt 0.000000 0.000000
vt 0.000000 0.000000
vt 0.000000 0.000000
vt 0.000000 0.000000
vt 0.000000 0.000000
vt 0.000000 0.000000
vt 0.000000 0.000000
vt 0.000000 0.000000
vt 0.000000 0.000000
vt 0.000000 0.000000
vt 0.000000 0.000000
vt 0.000000 0.000000
vt 0.000000 0.000000
vt 0.000000 0.000000
vt 0.000000 0.000000
vt 0.000000 0.000000
vt 0.000000 0.000000
vt 0.000000 0.000000
vt 0.000000 0.000000
vt 0.000000 0.000000
vt 0.000000 0.000000
vt 0.000000 0.000000
vt 0.000000 0.000000
vt 0.000000 0.000000
vt 0.000000 0.000000
vt 0.000000 0.000000
vt 0.000000 0.000000
vt 0.000000 0.000000
vt 0.000000 0.000000
vt 0.000000 0.000000
vt 0.000000 0.000000
vt 0.000000 0.000000
vt 0.000000 0.000000
vt 0.000000 0.000000
vt 0.000000 0.000000
vt 0.000000 0.000000
vt 0.000000 0.000000
vt 0.000000 0.000000
vt 0.000000 0.000000
vt 0.000000 0.000000
vt 0.000000 0.000000
vt 0.000000 0.000000
vt 0.000000 0.000000
vt 0.000000 0.000000
vt 0.000000 0.000000
vt 0.000000 0.000000
vt 0.000000 0.000000
vt 0.000000 0.000000
vt 0.000000 0.000000
vt 0.000000 0.000000
vt 0.000000 0.000000
vt 0.000000 0.000000
vt 0.000000 0.000000
vt 0.000000 0.000000
vt 0.000000 0.000000
vt 0.000000 0.000000
vt 0.000000 0.000000
vt 0.000000 0.000000
vt 0.000000 0.000000
vt 0.000000 0.000000
vt 0.000000 0.000000
vt 0.000000 0.000000
vt 0.000000 0.000000
vt 0.000000 0.000000
vt 0.000000 0.000000
vt 0.000000 0.000000
vt 0.000000 0.000000
vt 0.000000 0.000000
vt 0.000000 0.000000
vt 0.000000 0.000000
vt 0.000000 0.000000
vt 0.000000 0.000000
vt 0.000000 0.000000
vt 0.000000 0.000000
vt 0.000000 0.000000
vt 0.000000 0.000000
vt 0.000000 0.000000
vt 0.000000 0.000000
vt 0.000000 0.000000
vt 0.000000 0.000000
vt 0.000000 0.000000
vt 0.000000 0.000000
vt 0.000000 0.000000
vt 0.000000 0.000000
vt 0.000000 0.000000
vt 0.000000 0.000000
vt 0.000000 0.000000
vn 0.000000 0.000000 0.000000
vn 0.000000 0.000000 0.000000
vn 0.000000 0.000000 0.000000
vn 0.000000 0.000000 0.000000
vn 0.000000 0.000000 0.000000
vn 0.000000 0.000000 0.000000
vn 0.000000 0.000000 0.000000
vn 0.000000 0.000000 0.000000
vn 0.000000 0.000000 0.000000
vn 0.000000 0.000000 0.000000
vn 0.000000 0.000000 0.000000
vn 0.000000 0.000000 0.000000
vn 0.000000 0.000000 0.000000
vn 0.000000 0.000000 0.000000
vn 0.000000 0.000000 0.000000
vn 0.000000 0.000000 0.000000
vn 0.000000 0.000000 0.000000
vn 0.000000 0.000000 0.000000
vn 0.000000 0.000000 0.000000
vn 0.000000 0.000000 0.000000
vn 0.000000 0.000000 0.000000
vn 0.000000 0.000000 0.000000
vn 0.000000 0.000000 0.000000
vn 0.000000 0.000000 0.000000
vn 0.000000 0.000000 0.000000
vn 0.000000 0.000000 0.000000
vn 0.000000 0.000000 0.000000
vn 0.000000 0.000000 0.000000
vn 0.000000 0.000000 0.000000
vn 0.000000 0.000000 0.000000
vn 0.000000 0.000000 0.000000
vn 0.000000 0.000000 0.000000
vn 0.000000 0.000000 0.000000
vn 0.000000 0.000000 0.000000
vn 0.000000 0.000000 0.000000
vn 0.000000 0.000000 0.000000
vn 0.000000 0.000000 0.000000
vn 0.000000 0.000000 0.000000
vn 0.000000 0.000000 0.000000
vn 0.000000 0.000000 0.000000
vn 0.000000 0.000000 0.000000
vn 0.000000 0.000000 0.000000
vn 0.000000 0.000000 0.000000
vn 0.000000 0.000000 0.000000
vn 0.000000 0.000000 0.000000
vn 0.000000 0.000000 0.000000
vn 0.000000 0.000000 0.000000
vn 0.000000 0.000000 0.000000
vn 0.000000 0.000000 0.000000
vn 0.000000 0.000000 0.000000
vn 0.000000 0.000000 0.000000
vn 0.000000 0.000000 0.000000
vn 0.000000 0.000000 0.000000
vn 0.000000 0.000000 0.000000
vn 0.000000 0.000000 0.000000
vn 0.000000 0.000000 0.000000
vn 0.000000 0.000000 0.000000
vn 0.000000 0.000000 0.000000
vn 0.000000 0.000000 0.000000
vn 0.000000 0.000000 0.000000
vn 0.000000 0.000000 0.000000
vn 0.000000 0.000000 0.000000
vn 0.000000 0.000000 0.000000
vn 0.000000 0.000000 0.000000
vn 0.000000 0.000000 0.000000
vn 0.000000 0.000000 0.000000
vn 0.000000 0.000000 0.000000
vn 0.000000 0.000000 0.000000
vn 0.000000 0.000000 0.000000
vn 0.000000 0.000000 0.000000
vn 0.000000 0.000000 0.000000
vn 0.000000 0.000000 0.000000
vn 0.000000 0.000000 0.000000
vn 0.000000 0.000000 0.000000
vn 0.000000 0.000000 0.000000
vn 0.000000 0.000000 0.000000
vn 0.000000 0.000000 0.000000
vn 0.000000 0.000000 0.000000
vn 0.000000 0.000000 0.000000
vn 0.000000 0.000000 0.000000
vn 0.000000 0.000000 0.000000
vn 0.000000 0.000000 0.000000
vn 0.000000 0.000000 0.000000
vn 0.000000 0.000000 0.000000
vn 0.000000 0.000000 0.000000
vn 0.000000 0.000000 0.000000
vn 0.000000 0.000000 0.000000
vn 0.000000 0.000000 0.000000
vn 0.000000 0.000000 0.000000
vn 0.000000 0.000000 0.000000
vn 0.000000 0.000000 0.000000
vn 0.000000 0.000000 0.000000
vn 0.000000 0.000000 0.000000
vn 0.000000 0.000000 0.000000
vn 0.000000 0.000000 0.000000
vn 0.000000 0.000000 0.000000
vn 0.000000 0.000000 0.000000
vn 0.000000 0.000000 0.000000
vn 0.000000 0.000000 0.000000
vn 0.000000 0.000000 0.000000
vn 0.000000 0.000000 0.000000
vn 0.000000 0.000000 0.000000
vn 0.000000 0.000000 0.000000
vn 0.000000 0.000000 0.000000
vn 0.000000 0.000000 0.000000
vn 0.000000 0.000000 0.000000
vn 0.000000 0.000000 0.000000
vn 0.000000 0.000000 0.000000
vn 0.000000 0.000000 0.000000
vn 0.000000 0.000000 0.000000
vn 0.000000 0.000000 0.000000
vn 0.000000 0.000000 0.000000
vn 0.000000 0.000000 0.000000
vn 0.000000 0.000000 0.000000
vn 0.000000 0.000000 0.000000
vn 0.000000 0.000000 0.000000
vn 0.000000 0.000000 0.000000
vn 0.000000 0.000000 0.000000
vn 0.000000 0.000000 0.000000
vn 0.000000 0.000000 0.000000
vn 0.000000 0.000000 0.000000
vn 0.000000 0.000000 0.000000
vn 0.000000 0.000000 0.000000
vn 0.000000 0.000000 0.000000
vn 0.000000 0.000000 0.000000
vn 0.000000 0.000000 0.000000
vn 0.000000 0.000000 0.000000
vn 0.000000 0.000000 0.000000
vn 0.000000 0.000000 0.000000
vn 0.000000 0.000000 0.000000
vn 0.000000 0.000000 0.000000
vn 0.000000 0.000000 0.000000
vn 0.000000 0.000000 0.000000
vn 0.000000 0.000000 0.000000
vn 0.000000 0.000000 0.000000
vn 0.000000 0.000000 0.000000
vn 0.000000 0.000000 0.000000
vn 0.000000 0.000000 0.000000
vn 0.000000 0.000000 0.000000
vn 0.000000 0.000000 0.000000
vn 0.000000 0.000000 0.000000
vn 0.000000 0.000000 0.000000
vn 0.000000 0.000000 0.000000
vn 0.000000 0.000000 0.000000
vn 0.000000 0.000000 0.000000
vn 0.000000 0.000000 0.000000
vn 0.000000 0.000000 0.000000
vn 0.000000 0.000000 0.000000
vn 0.000000 0.000000 0.000000
vn 0.000000 0.000000 0.000000
vn 0.000000 0.000000 0.000000
vn 0.000000 0.000000 0.000000
vn 0.000000 0.000000 0.000000
vn 0.000000 0.000000 0.000000
vn 0.000000 0.000000 0.000000
vn 0.000000 0.000000 0.000000
vn 0.000000 0.000000 0.000000
vn 0.000000 0.000000 0.000000
vn 0.000000 0.000000 0.000000
vn 0.000000 0.000000 0.000000
vn 0.000000 0.000000 0.000000
vn 0.000000 0.000000 0.000000
vn 0.000000 0.000000 0.000000
vn 0.000000 0.000000 0.000000
vn 0.000000 0.000000 0.000000
vn 0.000000 0.000000 0.000000
vn 0.000000 0.000000 0.000000
vn 0.000000 0.000000 0.000000
vn 0.000000 0.000000 0.000000
vn 0.000000 0.000000 0.000000
vn 0.000000 0.000000 0.000000
vn 0.000000 0.000000 0.000000
vn 0.000000 0.000000 0.000000
vn 0.000000 0.000000 0.000000
vn 0.000000 0.000000 0.000000
vn 0.000000 0.000000 0.000000
vn 0.000000 0.000000 0.000000
vn 0.000000 0.000000 0.000000
vn 0.000000 0.000000 0.000000
vn 0.000000 0.000000 0.000000
vn 0.000000 0.000000 0.000000
vn 0.000000 0.000000 0.000000
vn 0.000000 0.000000 0.000000
vn 0.000000 0.000000 0.000000
vn 0.000000 0.000000 0.000000
vn 0.000000 0.000000 0.000000
vn 0.000000 0.000000 0.000000
vn 0.000000 0.000000 0.000000
vn 0.000000 0.000000 0.000000
vn 0.000000 0.000000 0.000000
vn 0.000000 0.000000 0.000000
vn 0.000000 0.000000 0.000000
vn 0.000000 0.000000 0.000000
vn 0.000000 0.000000 0.000000
vn 0.000000 0.000000 0.000000
vn 0.000000 0.000000 0.000000
vn 0.000000 0.000000 0.000000
vn 0.000000 0.000000 0.000000
vn 0.000000 0.000000 0.000000
vn 0.000000 0.000000 0.000000
vn 0.000000 0.000000 0.000000
vn 0.000000 0.000000 0.000000
vn 0.000000 0.000000 0.000000
vn 0.000000 0.000000 0.000000
vn 0.000000 0.000000 0.000000
vn 0.000000 0.000000 0.000000
vn 0.000000 0.000000 0.000000
vn 0.000000 0.000000 0.000000
vn 0.000000 0.000000 0.000000
vn 0.000000 0.000000 0.000000
vn 0.000000 0.000000 0.000000
vn 0.000000 0.000000 0.000000
vn 0.000000 0.000000 0.000000
vn 0.000000 0.000000 0.000000
vn 0.000000 0.000000 0.000000
vn 0.000000 0.000000 0.000000
vn 0.000000 0.000000 0.000000
vn 0.000000 0.000000 0.000000
vn 0.000000 0.000000 0.000000
vn 0.000000 0.000000 0.000000
vn 0.000000 0.000000 0.000000
vn 0.000000 0.000000 0.000000
vn 0.000000 0.000000 0.000000
vn 0.000000 0.000000 0.000000
vn 0.000000 0.000000 0.000000
vn 0.000000 0.000000 0.000000
vn 0.000000 0.000000 0.000000
vn 0.000000 0.000000 0.000000
vn 0.000000 0.000000 0.000000
vn 0.000000 0.000000 0.000000
vn 0.000000 0.000000 0.000000
vn 0.000000 0.000000 0.000000
vn 0.000000 0.000000 0.000000
vn 0.000000 0.000000 0.000000
vn 0.000000 0.000000 0.000000
vn 0.000000 0.000000 0.000000
vn 0.000000 0.000000 0.000000
vn 0.000000 0.000000 0.000000
vn 0.000000 0.000000 0.000000
vn 0.000000 0.000000 0.000000
vn 0.000000 0.000000 0.000000
vn 0.000000 0.000000 0.000000
vn 0.000000 0.000000 0.000000
vn 0.000000 0.000000 0.000000
vn 0.000000 0.000000 0.000000
vn 0.000000 0.000000 0.000000
vn 0.000000 0.000000 0.000000
vn 0.000000 0.000000 0.000000
vn 0.000000 0.000000 0.000000
vn 0.000000 0.000000 0.000000
vn 0.000000 0.000000 0.000000
vn 0.000000 0.000000 0.000000
vn 0.000000 0.000000 0.000000
vn 0.000000 0.000000 0.000000
vn 0.000000 0.000000 0.000000
vn 0.000000 0.000000 0.000000
vn 0.000000 0.000000 0.000000
vn 0.000000 0.000000 0.000000
vn 0.000000 0.000000 0.000000
vn 0.000000 0.000000 0.000000
vn 0.000000 0.000000 0.000000
vn 0.000000 0.000000 0.000000
vn 0.000000 0.000000 0.000000
vn 0.000000 0.000000 0.000000
vn 0.000000 0.000000 0.000000
vn 0.000000 0.000000 0.000000
vn 0.000000 0.000000 0.000000
vn 0.000000 0.000000 0.000000
vn 0.000000 0.000000 0.000000
vn 0.000000 0.000000 0.000000
vn 0.000000 0.000000 0.000000
vn 0.000000 0.000000 0.000000
vn 0.000000 0.000000 0.000000
vn 0.000000 0.000000 0.000000
vn 0.000000 0.000000 0.000000
vn 0.000000 0.000000 0.000000
vn 0.000000 0.000000 0.000000
vn 0.000000 0.000000 0.000000
vn 0.000000 0.000000 0.000000
vn 0.000000 0.000000 0.000000
vn 0.000000 0.000000 0.000000
vn 0.000000 0.000000 0.000000
vn 0.000000 0.000000 0.000000
vn 0.000000 0.000000 0.000000
vn 0.000000 0.000000 0.000000
vn 0.000000 0.000000 0.000000
vn 0.000000 0.000000 0.000000
vn 0.000000 0.000000 0.000000
vn 0.000000 0.000000 0.000000
vn 0.000000 0.000000 0.000000
vn 0.000000 0.000000 0.000000
vn 0.000000 0.000000 0.000000
vn 0.000000 0.000000 0.000000
vn 0.000000 0.000000 0.000000
vn 0.000000 0.000000 0.000000
vn 0.000000 0.000000 0.000000
vn 0.000000 0.000000 0.000000
vn 0.000000 0.000000 0.000000
vn 0.000000 0.000000 0.000000
vn 0.000000 0.000000 0.000000
vn 0.000000 0.000000 0.000000
vn 0.000000 0.000000 0.000000
vn 0.000000 0.000000 0.000000
vn 0.000000 0.000000 0.000000
vn 0.000000 0.000000 0.000000
vn 0.000000 0.000000 0.000000
vn 0.000000 0.000000 0.000000
vn 0.000000 0.000000 0.000000
vn 0.000000 0.000000 0.000000
vn 0.000000 0.000000 0.000000
vn 0.000000 0.000000 0.000000
vn 0.000000 0.000000 0.000000
vn 0.000000 0.000000 0.000000
vn 0.000000 0.000000 0.000000
vn 0.000000 0.000000 0.000000
vn 0.000000 0.000000 0.000000
vn 0.000000 0.000000 0.000000
vn 0.000000 0.000000 0.000000
vn 0.000000 0.000000 0.000000
vn 0.000000 0.000000 0.000000
vn 0.000000 0.000000 0.000000
vn 0.000000 0.000000 0.000000
vn 0.000000 0.000000 0.000000
vn 0.000000 0.000000 0.000000
vn 0.000000 0.000000 0.000000
vn 0.000000 0.000000 0.000000
vn 0.000000 0.000000 0.000000
vn 0.000000 0.000000 0.000000
vn 0.000000 0.000000 0.000000
vn 0.000000 0.000000 0.000000
vn 0.000000 0.000000 0.000000
vn 0.000000 0.000000 0.000000
vn 0.000000 0.000000 0.000000
vn 0.000000 0.000000 0.000000
vn 0.000000 0.000000 0.000000
vn 0.000000 0.000000 0.000000
vn 0.000000 0.000000 0.000000
vn 0.000000 0.000000 0.000000
vn 0.000000 0.000000 0.000000
vn 0.000000 0.000000 0.000000
vn 0.000000 0.000000 0.000000
vn 0.000000 0.000000 0.000000
vn 0.000000 0.000000 0.000000
vn 0.000000 0.000000 0.000000
vn 0.000000 0.000000 0.000000
vn 0.000000 0.000000 0.000000
vn 0.000000 0.000000 0.000000
vn 0.000000 0.000000 0.000000
vn 0.000000 0.000000 0.000000
vn 0.000000 0.000000 0.000000
vn 0.000000 0.000000 0.000000
vn 0.000000 0.000000 0.000000
vn 0.000000 0.000000 0.000000
vn 0.000000 0.000000 0.000000
vn 0.000000 0.000000 0.000000
vn 0.000000 0.000000 0.000000
vn 0.000000 0.000000 0.000000
vn 0.000000 0.000000 0.000000
vn 0.000000 0.000000 0.000000
vn 0.000000 0.000000 0.000000
vn 0.000000 0.000000 0.000000
vn 0.000000 0.000000 0.000000
vn 0.000000 0.000000 0.000000
vn 0.000000 0.000000 0.000000
vn 0.000000 0.000000 0.000000
vn 0.000000 0.000000 0.000000
vn 0.000000 0.000000 0.000000
vn 0.000000 0.000000 0.000000
vn 0.000000 0.000000 0.000000
vn 0.000000 0.000000 0.000000
vn 0.000000 0.000000 0.000000
vn 0.000000 0.000000 0.000000
vn 0.000000 0.000000 0.000000
vn 0.000000 0.000000 0.000000
vn 0.000000 0.000000 0.000000
vn 0.000000 0.000000 0.000000
vn 0.000000 0.000000 0.000000
vn 0.000000 0.000000 0.000000
vn 0.000000 0.000000 0.000000
vn 0.000000 0.000000 0.000000
vn 0.000000 0.000000 0.000000
vn 0.000000 0.000000 0.000000
vn 0.000000 0.000000 0.000000
vn 0.000000 0.000000 0.000000
vn 0.000000 0.000000 0.000000
vn 0.000000 0.000000 0.000000
vn 0.000000 0.000000 0.000000
vn 0.000000 0.000000 0.000000
vn 0.000000 0.000000 0.000000
vn 0.000000 0.000000 0.000000
vn 0.000000 0.000000 0.000000
vn 0.000000 0.000000 0.000000
vn 0.000000 0.000000 0.000000
vn 0.000000 0.000000 0.000000
vn 0.000000 0.000000 0.000000
vn 0.000000 0.000000 0.000000
vn 0.000000 0.000000 0.000000
vn 0.000000 0.000000 0.000000
vn 0.000000 0.000000 0.000000
vn 0.000000 0.000000 0.000000
vn 0.000000 0.000000 0.000000
vn 0.000000 0.000000 0.000000
vn 0.000000 0.000000 0.000000
vn 0.000000 0.000000 0.000000
vn 0.000000 0.000000 0.000000
vn 0.000000 0.000000 0.000000
vn 0.000000 0.000000 0.000000
vn 0.000000 0.000000 0.000000
vn 0.000000 0.000000 0.000000
vn 0.000000 0.000000 0.000000
vn 0.000000 0.000000 0.000000
vn 0.000000 0.000000 0.000000
vn 0.000000 0.000000 0.000000
vn 0.000000 0.000000 0.000000
vn 0.000000 0.000000 0.000000
vn 0.000000 0.000000 0.000000
vn 0.000000 0.000000 0.000000
vn 0.000000 0.000000 0.000000
vn 0.000000 0.000000 0.000000
vn 0.000000 0.000000 0.000000
vn 0.000000 0.000000 0.000000
vn 0.000000 0.000000 0.000000
vn 0.000000 0.000000 0.000000
vn 0.000000 0.000000 0.000000
vn 0.000000 0.000000 0.000000
vn 0.000000 0.000000 0.000000
vn 0.000000 0.000000 0.000000
vn 0.000000 0.000000 0.000000
vn 0.000000 0.000000 0.000000
vn 0.000000 0.000000 0.000000
vn 0.000000 0.000000 0.000000
vn 0.000000 0.000000 0.000000
vn 0.000000 0.000000 0.000000
vn 0.000000 0.000000 0.000000
vn 0.000000 0.000000 0.000000
vn 0.000000 0.000000 0.000000
vn 0.000000 0.000000 0.000000
vn 0.000000 0.000000 0.000000
vn 0.000000 0.000000 0.000000
vn 0.000000 0.000000 0.000000
vn 0.000000 0.000000 0.000000
vn 0.000000 0.000000 0.000000
vn 0.000000 0.000000 0.000000
vn 0.000000 0.000000 0.000000
vn 0.000000 0.000000 0.000000
vn 0.000000 0.000000 0.000000
vn 0.000000 0.000000 0.000000
vn 0.000000 0.000000 0.000000
vn 0.000000 0.000000 0.000000
vn 0.000000 0.000000 0.000000
vn 0.000000 0.000000 0.000000
vn 0.000000 0.000000 0.000000
vn 0.000000 0.000000 0.000000
vn 0.000000 0.000000 0.000000
vn 0.000000 0.000000 0.000000
vn 0.000000 0.000000 0.000000
vn 0.000000 0.000000 0.000000
vn 0.000000 0.000000 0.000000
vn 0.000000 0.000000 0.000000
vn 0.000000 0.000000 0.000000
vn 0.000000 0.000000 0.000000
vn 0.000000 0.000000 0.000000
vn 0.000000 0.000000 0.000000
vn 0.000000 0.000000 0.000000
vn 0.000000 0.000000 0.000000
vn 0.000000 0.000000 0.000000
vn 0.000000 0.000000 0.000000
vn 0.000000 0.000000 0.000000
vn 0.000000 0.000000 0.000000
vn 0.000000 0.000000 0.000000
vn 0.000000 0.000000 0.000000
vn 0.000000 0.000000 0.000000
vn 0.000000 0.000000 0.000000
vn 0.000000 0.000000 0.000000
vn 0.000000 0.000000 0.000000
vn 0.000000 0.000000 0.000000
vn 0.000000 0.000000 0.000000
vn 0.000000 0.000000 0.000000
vn 0.000000 0.000000 0.000000
vn 0.000000 0.000000 0.000000
vn 0.000000 0.000000 0.000000
vn 0.000000 0.000000 0.000000
vn 0.000000 0.000000 0.000000
vn 0.000000 0.000000 0.000000
vn 0.000000 0.000000 0.000000
vn 0.000000 0.000000 0.000000
vn 0.000000 0.000000 0.000000
vn 0.000000 0.000000 0.000000
vn 0.000000 0.000000 0.000000
vn 0.000000 0.000000 0.000000
vn 0.000000 0.000000 0.000000
vn 0.000000 0.000000 0.000000
vn 0.000000 0.000000 0.000000
vn 0.000000 0.000000 0.000000
vn 0.000000 0.000000 0.000000
vn 0.000000 0.000000 0.000000
vn 0.000000 0.000000 0.000000
vn 0.000000 0.000000 0.000000
vn 0.000000 0.000000 0.000000
vn 0.000000 0.000000 0.000000
vn 0.000000 0.000000 0.000000
vn 0.000000 0.000000 0.000000
vn 0.000000 0.000000 0.000000
vn 0.000000 0.000000 0.000000
vn 0.000000 0.000000 0.000000
vn 0.000000 0.000000 0.000000
vn 0.000000 0.000000 0.000000
vn 0.000000 0.000000 0.000000
vn 0.000000 0.000000 0.000000
vn 0.000000 0.000000 0.000000
vn 0.000000 0.000000 0.000000
vn 0.000000 0.000000 0.000000
vn 0.000000 0.000000 0.000000
vn 0.000000 0.000000 0.000000
vn 0.000000 0.000000 0.000000
vn 0.000000 0.000000 0.000000
vn 0.000000 0.000000 0.000000
vn 0.000000 0.000000 0.000000
vn 0.000000 0.000000 0.000000
vn 0.000000 0.000000 0.000000
vn 0.000000 0.000000 0.000000
vn 0.000000 0.000000 0.000000
vn 0.000000 0.000000 0.000000
vn 0.000000 0.000000 0.000000
vn 0.000000 0.000000 0.000000
vn 0.000000 0.000000 0.000000
vn 0.000000 0.000000 0.000000
vn 0.000000 0.000000 0.000000
vn 0.000000 0.000000 0.000000
vn 0.000000 0.000000 0.000000
vn 0.000000 0.000000 0.000000
vn 0.000000 0.000000 0.000000
vn 0.000000 0.000000 0.000000
vn 0.000000 0.000000 0.000000
vn 0.000000 0.000000 0.000000
vn 0.000000 0.000000 0.000000
vn 0.000000 0.000000 0.000000
vn 0.000000 0.000000 0.000000
vn 0.000000 0.000000 0.000000
vn 0.000000 0.000000 0.000000
vn 0.000000 0.000000 0.000000
vn 0.000000 0.000000 0.000000
vn 0.000000 0.000000 0.000000
vn 0.000000 0.000000 0.000000
vn 0.000000 0.000000 0.000000
vn 0.000000 0.000000 0.000000
vn 0.000000 0.000000 0.000000
vn 0.000000 0.000000 0.000000
vn 0.000000 0.000000 0.000000
vn 0.000000 0.000000 0.000000
vn 0.000000 0.000000 0.000000
vn 0.000000 0.000000 0.000000
vn 0.000000 0.000000 0.000000
vn 0.000000 0.000000 0.000000
vn 0.000000 0.000000 0.000000
vn 0.000000 0.000000 0.000000
vn 0.000000 0.000000 0.000000
vn 0.000000 0.000000 0.000000
vn 0.000000 0.000000 0.000000
vn 0.000000 0.000000 0.000000
vn 0.000000 0.000000 0.000000
vn 0.000000 0.000000 0.000000
vn 0.000000 0.000000 0.000000
vn 0.000000 0.000000 0.000000
vn 0.000000 0.000000 0.000000
vn 0.000000 0.000000 0.000000
vn 0.000000 0.000000 0.000000
vn 0.000000 0.000000 0.000000
vn 0.000000 0.000000 0.000000
vn 0.000000 0.000000 0.000000
vn 0.000000 0.000000 0.000000
vn 0.000000 0.000000 0.000000
vn 0.000000 0.000000 0.000000
vn 0.000000 0.000000 0.000000
vn 0.000000 0.000000 0.000000
vn 0.000000 0.000000 0.000000
vn 0.000000 0.000000 0.000000
vn 0.000000 0.000000 0.000000
vn 0.000000 0.000000 0.000000
vn 0.000000 0.000000 0.000000
vn 0.000000 0.000000 0.000000
vn 0.000000 0.000000 0.000000
vn 0.000000 0.000000 0.000000
vn 0.000000 0.000000 0.000000
vn 0.000000 0.000000 0.000000
vn 0.000000 0.000000 0.000000
vn 0.000000 0.000000 0.000000
vn 0.000000 0.000000 0.000000
vn 0.000000 0.000000 0.000000
vn 0.000000 0.000000 0.000000
vn 0.000000 0.000000 0.000000
vn 0.000000 0.000000 0.000000
vn 0.000000 0.000000 0.000000
vn 0.000000 0.000000 0.000000
vn 0.000000 0.000000 0.000000
vn 0.000000 0.000000 0.000000
vn 0.000000 0.000000 0.000000
vn 0.000000 0.000000 0.000000
vn 0.000000 0.000000 0.000000
vn 0.000000 0.000000 0.000000
vn 0.000000 0.000000 0.000000
vn 0.000000 0.000000 0.000000
vn 0.000000 0.000000 0.000000
vn 0.000000 0.000000 0.000000
vn 0.000000 0.000000 0.000000
vn 0.000000 0.000000 0.000000
vn 0.000000 0.000000 0.000000
vn 0.000000 0.000000 0.000000
vn 0.000000 0.000000 0.000000
vn 0.000000 0.000000 0.000000
vn 0.000000 0.000000 0.000000
vn 0.000000 0.000000 0.000000
vn 0.000000 0.000000 0.000000
vn 0.000000 0.000000 0.000000
vn 0.000000 0.000000 0.000000
vn 0.000000 0.000000 0.000000
vn 0.000000 0.000000 0.000000
vn 0.000000 0.000000 0.000000
vn 0.000000 0.000000 0.000000
vn 0.000000 0.000000 0.000000
vn 0.000000 0.000000 0.000000
vn 0.000000 0.000000 0.000000
vn 0.000000 0.000000 0.000000
vn 0.000000 0.000000 0.000000
vn 0.000000 0.000000 0.000000
vn 0.000000 0.000000 0.000000
vn 0.000000 0.000000 0.000000
vn 0.000000 0.000000 0.000000
vn 0.000000 0.000000 0.000000
vn 0.000000 0.000000 0.000000
vn 0.000000 0.000000 0.000000
vn 0.000000 0.000000 0.000000
vn 0.000000 0.000000 0.000000
vn 0.000000 0.000000 0.000000
vn 0.000000 0.000000 0.000000
vn 0.000000 0.000000 0.000000
vn 0.000000 0.000000 0.000000
vn 0.000000 0.000000 0.000000
vn 0.000000 0.000000 0.000000
vn 0.000000 0.000000 0.000000
vn 0.000000 0.000000 0.000000
vn 0.000000 0.000000 0.000000
vn 0.000000 0.000000 0.000000
vn 0.000000 0.000000 0.000000
vn 0.000000 0.000000 0.000000
vn 0.000000 0.000000 0.000000
vn 0.000000 0.000000 0.000000
vn 0.000000 0.000000 0.000000
vn 0.000000 0.000000 0.000000
vn 0.000000 0.000000 0.000000
vn 0.000000 0.000000 0.000000
vn 0.000000 0.000000 0.000000
vn 0.000000 0.000000 0.000000
vn 0.000000 0.000000 0.000000
vn 0.000000 0.000000 0.000000
vn 0.000000 0.000000 0.000000
vn 0.000000 0.000000 0.000000
vn 0.000000 0.000000 0.000000
vn 0.000000 0.000000 0.000000
vn 0.000000 0.000000 0.000000
vn 0.000000 0.000000 0.000000
vn 0.000000 0.000000 0.000000
vn 0.000000 0.000000 0.000000
vn 0.000000 0.000000 0.000000
vn 0.000000 0.000000 0.000000
vn 0.000000 0.000000 0.000000
vn 0.000000 0.000000 0.000000
vn 0.000000 0.000000 0.000000
vn 0.000000 0.000000 0.000000
vn 0.000000 0.000000 0.000000
vn 0.000000 0.000000 0.000000
vn 0.000000 0.000000 0.000000
vn 0.000000 0.000000 0.000000
vn 0.000000 0.000000 0.000000
vn 0.000000 0.000000 0.000000
vn 0.000000 0.000000 0.000000
vn 0.000000 0.000000 0.000000
vn 0.000000 0.000000 0.000000
vn 0.000000 0.000000 0.000000
vn 0.000000 0.000000 0.000000
vn 0.000000 0.000000 0.000000
vn 0.000000 0.000000 0.000000
vn 0.000000 0.000000 0.000000
vn 0.000000 0.000000 0.000000
vn 0.000000 0.000000 0.000000
vn 0.000000 0.000000 0.000000
vn 0.000000 0.000000 0.000000
vn 0.000000 0.000000 0.000000
vn 0.000000 0.000000 0.000000
vn 0.000000 0.000000 0.000000
vn 0.000000 0.000000 0.000000
vn 0.000000 0.000000 0.000000
vn 0.000000 0.000000 0.000000
vn 0.000000 0.000000 0.000000
vn 0.000000 0.000000 0.000000
vn 0.000000 0.000000 0.000000
vn 0.000000 0.000000 0.000000
vn 0.000000 0.000000 0.000000
vn 0.000000 0.000000 0.000000
vn 0.000000 0.000000 0.000000
vn 0.000000 0.000000 0.000000
vn 0.000000 0.000000 0.000000
vn 0.000000 0.000000 0.000000
vn 0.000000 0.000000 0.000000
vn 0.000000 0.000000 0.000000
vn 0.000000 0.000000 0.000000
vn 0.000000 0.000000 0.000000
vn 0.000000 0.000000 0.000000
vn 0.000000 0.000000 0.000000
vn 0.000000 0.000000 0.000000
vn 0.000000 0.000000 0.000000
vn 0.000000 0.000000 0.000000
vn 0.000000 0.000000 0.000000
vn 0.000000 0.000000 0.000000
vn 0.000000 0.000000 0.000000
vn 0.000000 0.000000 0.000000
vn 0.000000 0.000000 0.000000
vn 0.000000 0.000000 0.000000
vn 0.000000 0.000000 0.000000
vn 0.000000 0.000000 0.000000
vn 0.000000 0.000000 0.000000
vn 0.000000 0.000000 0.000000
vn 0.000000 0.000000 0.000000
vn 0.000000 0.000000 0.000000
vn 0.000000 0.000000 0.000000
vn 0.000000 0.000000 0.000000
vn 0.000000 0.000000 0.000000
vn 0.000000 0.000000 0.000000
vn 0.000000 0.000000 0.000000
vn 0.000000 0.000000 0.000000
vn 0.000000 0.000000 0.000000
vn 0.000000 0.000000 0.000000
vn 0.000000 0.000000 0.000000
vn 0.000000 0.000000 0.000000
vn 0.000000 0.000000 0.000000
vn 0.000000 0.000000 0.000000
vn 0.000000 0.000000 0.000000
vn 0.000000 0.000000 0.000000
vn 0.000000 0.000000 0.000000
vn 0.000000 0.000000 0.000000
vn 0.000000 0.000000 0.000000
vn 0.000000 0.000000 0.000000
vn 0.000000 0.000000 0.000000
vn 0.000000 0.000000 0.000000
vn 0.000000 0.000000 0.000000
vn 0.000000 0.000000 0.000000
vn 0.000000 0.000000 0.000000
vn 0.000000 0.000000 0.000000
vn 0.000000 0.000000 0.000000
vn 0.000000 0.000000 0.000000
vn 0.000000 0.000000 0.000000
vn 0.000000 0.000000 0.000000
vn 0.000000 0.000000 0.000000
vn 0.000000 0.000000 0.000000
vn 0.000000 0.000000 0.000000
vn 0.000000 0.000000 0.000000
vn 0.000000 0.000000 0.000000
vn 0.000000 0.000000 0.000000
vn 0.000000 0.000000 0.000000
vn 0.000000 0.000000 0.000000
vn 0.000000 0.000000 0.000000
vn 0.000000 0.000000 0.000000
vn 0.000000 0.000000 0.000000
vn 0.000000 0.000000 0.000000
vn 0.000000 0.000000 0.000000
vn 0.000000 0.000000 0.000000
vn 0.000000 0.000000 0.000000
vn 0.000000 0.000000 0.000000
vn 0.000000 0.000000 0.000000
vn 0.000000 0.000000 0.000000
vn 0.000000 0.000000 0.000000
vn 0.000000 0.000000 0.000000
vn 0.000000 0.000000 0.000000
vn 0.000000 0.000000 0.000000
vn 0.000000 0.000000 0.000000
vn 0.000000 0.000000 0.000000
vn 0.000000 0.000000 0.000000
vn 0.000000 0.000000 0.000000
vn 0.000000 0.000000 0.000000
vn 0.000000 0.000000 0.000000
vn 0.000000 0.000000 0.000000
vn 0.000000 0.000000 0.000000
vn 0.000000 0.000000 0.000000
vn 0.000000 0.000000 0.000000
vn 0.000000 0.000000 0.000000
vn 0.000000 0.000000 0.000000
vn 0.000000 0.000000 0.000000
vn 0.000000 0.000000 0.000000
vn 0.000000 0.000000 0.000000
vn 0.000000 0.000000 0.000000
vn 0.000000 0.000000 0.000000
vn 0.000000 0.000000 0.000000
vn 0.000000 0.000000 0.000000
vn 0.000000 0.000000 0.000000
vn 0.000000 0.000000 0.000000
vn 0.000000 0.000000 0.000000
vn 0.000000 0.000000 0.000000
vn 0.000000 0.000000 0.000000
vn 0.000000 0.000000 0.000000
vn 0.000000 0.000000 0.000000
vn 0.000000 0.000000 0.000000
vn 0.000000 0.000000 0.000000
vn 0.000000 0.000000 0.000000
vn 0.000000 0.000000 0.000000
vn 0.000000 0.000000 0.000000
vn 0.000000 0.000000 0.000000
vn 0.000000 0.000000 0.000000
vn 0.000000 0.000000 0.000000
vn 0.000000 0.000000 0.000000
vn 0.000000 0.000000 0.000000
vn 0.000000 0.000000 0.000000
vn 0.000000 0.000000 0.000000
vn 0.000000 0.000000 0.000000
vn 0.000000 0.000000 0.000000
vn 0.000000 0.000000 0.000000
vn 0.000000 0.000000 0.000000
vn 0.000000 0.000000 0.000000
vn 0.000000 0.000000 0.000000
vn 0.000000 0.000000 0.000000
vn 0.000000 0.000000 0.000000
vn 0.000000 0.000000 0.000000
vn 0.000000 0.000000 0.000000
vn 0.000000 0.000000 0.000000
vn 0.000000 0.000000 0.000000
vn 0.000000 0.000000 0.000000
vn 0.000000 0.000000 0.000000
vn 0.000000 0.000000 0.000000
vn 0.000000 0.000000 0.000000
vn 0.000000 0.000000 0.000000
vn 0.000000 0.000000 0.000000
vn 0.000000 0.000000 0.000000
vn 0.000000 0.000000 0.000000
vn 0.000000 0.000000 0.000000
vn 0.000000 0.000000 0.000000
vn 0.000000 0.000000 0.000000
vn 0.000000 0.000000 0.000000
vn 0.000000 0.000000 0.000000
vn 0.000000 0.000000 0.000000
vn 0.000000 0.000000 0.000000
vn 0.000000 0.000000 0.000000
vn 0.000000 0.000000 0.000000
vn 0.000000 0.000000 0.000000
vn 0.000000 0.000000 0.000000
vn 0.000000 0.000000 0.000000
vn 0.000000 0.000000 0.000000
vn 0.000000 0.000000 0.000000
vn 0.000000 0.000000 0.000000
vn 0.000000 0.000000 0.000000
vn 0.000000 0.000000 0.000000
vn 0.000000 0.000000 0.000000
vn 0.000000 0.000000 0.000000
vn 0.000000 0.000000 0.000000
vn 0.000000 0.000000 0.000000
vn 0.000000 0.000000 0.000000
vn 0.000000 0.000000 0.000000
vn 0.000000 0.000000 0.000000
vn 0.000000 0.000000 0.000000
vn 0.000000 0.000000 0.000000
vn 0.000000 0.000000 0.000000
vn 0.000000 0.000000 0.000000
vn 0.000000 0.000000 0.000000
vn 0.000000 0.000000 0.000000
vn 0.000000 0.000000 0.000000
vn 0.000000 0.000000 0.000000
vn 0.000000 0.000000 0.000000
vn 0.000000 0.000000 0.000000
vn 0.000000 0.000000 0.000000
vn 0.000000 0.000000 0.000000
vn 0.000000 0.000000 0.000000
vn 0.000000 0.000000 0.000000
vn 0.000000 0.000000 0.000000
vn 0.000000 0.000000 0.000000
vn 0.000000 0.000000 0.000000
vn 0.000000 0.000000 0.000000
vn 0.000000 0.000000 0.000000
vn 0.000000 0.000000 0.000000
vn 0.000000 0.000000 0.000000
vn 0.000000 0.000000 0.000000
vn 0.000000 0.000000 0.000000
vn 0.000000 0.000000 0.000000
vn 0.000000 0.000000 0.000000
vn 0.000000 0.000000 0.000000
vn 0.000000 0.000000 0.000000
vn 0.000000 0.000000 0.000000
vn 0.000000 0.000000 0.000000
vn 0.000000 0.000000 0.000000
vn 0.000000 0.000000 0.000000
vn 0.000000 0.000000 0.000000
vn 0.000000 0.000000 0.000000
vn 0.000000 0.000000 0.000000
vn 0.000000 0.000000 0.000000
vn 0.000000 0.000000 0.000000
vn 0.000000 0.000000 0.000000
vn 0.000000 0.000000 0.000000
vn 0.000000 0.000000 0.000000
vn 0.000000 0.000000 0.000000
vn 0.000000 0.000000 0.000000
vn 0.000000 0.000000 0.000000
vn 0.000000 0.000000 0.000000
vn 0.000000 0.000000 0.000000
vn 0.000000 0.000000 0.000000
vn 0.000000 0.000000 0.000000
vn 0.000000 0.000000 0.000000
vn 0.000000 0.000000 0.000000
vn 0.000000 0.000000 0.000000
vn 0.000000 0.000000 0.000000
vn 0.000000 0.000000 0.000000
vn 0.000000 0.000000 0.000000
vn 0.000000 0.000000 0.000000
vn 0.000000 0.000000 0.000000
vn 0.000000 0.000000 0.000000
vn 0.000000 0.000000 0.000000
vn 0.000000 0.000000 0.000000
vn 0.000000 0.000000 0.000000
vn 0.000000 0.000000 0.000000
vn 0.000000 0.000000 0.000000
vn 0.000000 0.000000 0.000000
vn 0.000000 0.000000 0.000000
vn 0.000000 0.000000 0.000000
vn 0.000000 0.000000 0.000000
vn 0.000000 0.000000 0.000000
vn 0.000000 0.000000 0.000000
vn 0.000000 0.000000 0.000000
vn 0.000000 0.000000 0.000000
vn 0.000000 0.000000 0.000000
vn 0.000000 0.000000 0.000000
vn 0.000000 0.000000 0.000000
vn 0.000000 0.000000 0.000000
vn 0.000000 0.000000 0.000000
vn 0.000000 0.000000 0.000000
vn 0.000000 0.000000 0.000000
vn 0.000000 0.000000 0.000000
vn 0.000000 0.000000 0.000000
vn 0.000000 0.000000 0.000000
vn 0.000000 0.000000 0.000000
vn 0.000000 0.000000 0.000000
vn 0.000000 0.000000 0.000000
vn 0.000000 0.000000 0.000000
vn 0.000000 0.000000 0.000000
vn 0.000000 0.000000 0.000000
vn 0.000000 0.000000 0.000000
vn 0.000000 0.000000 0.000000
vn 0.000000 0.000000 0.000000
vn 0.000000 0.000000 0.000000
vn 0.000000 0.000000 0.000000
vn 0.000000 0.000000 0.000000
vn 0.000000 0.000000 0.000000
vn 0.000000 0.000000 0.000000
vn 0.000000 0.000000 0.000000
vn 0.000000 0.000000 0.000000
vn 0.000000 0.000000 0.000000
vn 0.000000 0.000000 0.000000
vn 0.000000 0.000000 0.000000
vn 0.000000 0.000000 0.000000
vn 0.000000 0.000000 0.000000
vn 0.000000 0.000000 0.000000
vn 0.000000 0.000000 0.000000
vn 0.000000 0.000000 0.000000
vn 0.000000 0.000000 0.000000
vn 0.000000 0.000000 0.000000
vn 0.000000 0.000000 0.000000
vn 0.000000 0.000000 0.000000
vn 0.000000 0.000000 0.000000
vn 0.000000 0.000000 0.000000
vn 0.000000 0.000000 0.000000
vn 0.000000 0.000000 0.000000
vn 0.000000 0.000000 0.000000
vn 0.000000 0.000000 0.000000
vn 0.000000 0.000000 0.000000
vn 0.000000 0.000000 0.000000
vn 0.000000 0.000000 0.000000
vn 0.000000 0.000000 0.000000
vn 0.000000 0.000000 0.000000
vn 0.000000 0.000000 0.000000
vn 0.000000 0.000000 0.000000
vn 0.000000 0.000000 0.000000
vn 0.000000 0.000000 0.000000
vn 0.000000 0.000000 0.000000
vn 0.000000 0.000000 0.000000
vn 0.000000 0.000000 0.000000
vn 0.000000 0.000000 0.000000
vn 0.000000 0.000000 0.000000
vn 0.000000 0.000000 0.000000
vn 0.000000 0.000000 0.000000
vn 0.000000 0.000000 0.000000
vn 0.000000 0.000000 0.000000
vn 0.000000 0.000000 0.000000
vn 0.000000 0.000000 0.000000
vn 0.000000 0.000000 0.000000
vn 0.000000 0.000000 0.000000
vn 0.000000 0.000000 0.000000
vn 0.000000 0.000000 0.000000
vn 0.000000 0.000000 0.000000
vn 0.000000 0.000000 0.000000
vn 0.000000 0.000000 0.000000
vn 0.000000 0.000000 0.000000
vn 0.000000 0.000000 0.000000
vn 0.000000 0.000000 0.000000
vn 0.000000 0.000000 0.000000
vn 0.000000 0.000000 0.000000
vn 0.000000 0.000000 0.000000
vn 0.000000 0.000000 0.000000
vn 0.000000 0.000000 0.000000
vn 0.000000 0.000000 0.000000
vn 0.000000 0.000000 0.000000
vn 0.000000 0.000000 0.000000
vn 0.000000 0.000000 0.000000
vn 0.000000 0.000000 0.000000
vn 0.000000 0.000000 0.000000
vn 0.000000 0.000000 0.000000
vn 0.000000 0.000000 0.000000
vn 0.000000 0.000000 0.000000
vn 0.000000 0.000000 0.000000
vn 0.000000 0.000000 0.000000
vn 0.000000 0.000000 0.000000
vn 0.000000 0.000000 0.000000
vn 0.000000 0.000000 0.000000
vn 0.000000 0.000000 0.000000
vn 0.000000 0.000000 0.000000
vn 0.000000 0.000000 0.000000
vn 0.000000 0.000000 0.000000
vn 0.000000 0.000000 0.000000
vn 0.000000 0.000000 0.000000
vn 0.000000 0.000000 0.000000
vn 0.000000 0.000000 0.000000
vn 0.000000 0.000000 0.000000
vn 0.000000 0.000000 0.000000
vn 0.000000 0.000000 0.000000
vn 0.000000 0.000000 0.000000
vn 0.000000 0.000000 0.000000
vn 0.000000 0.000000 0.000000
vn 0.000000 0.000000 0.000000
vn 0.000000 0.000000 0.000000
vn 0.000000 0.000000 0.000000
vn 0.000000 0.000000 0.000000
vn 0.000000 0.000000 0.000000
vn 0.000000 0.000000 0.000000
vn 0.000000 0.000000 0.000000
vn 0.000000 0.000000 0.000000
vn 0.000000 0.000000 0.000000
vn 0.000000 0.000000 0.000000
vn 0.000000 0.000000 0.000000
vn 0.000000 0.000000 0.000000
vn 0.000000 0.000000 0.000000
vn 0.000000 0.000000 0.000000
vn 0.000000 0.000000 0.000000
vn 0.000000 0.000000 0.000000
vn 0.000000 0.000000 0.000000
vn 0.000000 0.000000 0.000000
vn 0.000000 0.000000 0.000000
vn 0.000000 0.000000 0.000000
vn 0.000000 0.000000 0.000000
vn 0.000000 0.000000 0.000000
vn 0.000000 0.000000 0.000000
vn 0.000000 0.000000 0.000000
vn 0.000000 0.000000 0.000000
vn 0.000000 0.000000 0.000000
vn 0.000000 0.000000 0.000000
vn 0.000000 0.000000 0.000000
vn 0.000000 0.000000 0.000000
vn 0.000000 0.000000 0.000000
vn 0.000000 0.000000 0.000000
vn 0.000000 0.000000 0.000000
vn 0.000000 0.000000 0.000000
vn 0.000000 0.000000 0.000000
vn 0.000000 0.000000 0.000000
vn 0.000000 0.000000 0.000000
vn 0.000000 0.000000 0.000000
vn 0.000000 0.000000 0.000000
vn 0.000000 0.000000 0.000000
vn 0.000000 0.000000 0.000000
vn 0.000000 0.000000 0.000000
vn 0.000000 0.000000 0.000000
vn 0.000000 0.000000 0.000000
vn 0.000000 0.000000 0.000000
vn 0.000000 0.000000 0.000000
vn 0.000000 0.000000 0.000000
vn 0.000000 0.000000 0.000000
vn 0.000000 0.000000 0.000000
vn 0.000000 0.000000 0.000000
vn 0.000000 0.000000 0.000000
vn 0.000000 0.000000 0.000000
vn 0.000000 0.000000 0.000000
vn 0.000000 0.000000 0.000000
vn 0.000000 0.000000 0.000000
vn 0.000000 0.000000 0.000000
vn 0.000000 0.000000 0.000000
vn 0.000000 0.000000 0.000000
vn 0.000000 0.000000 0.000000
vn 0.000000 0.000000 0.000000
vn 0.000000 0.000000 0.000000
vn 0.000000 0.000000 0.000000
vn 0.000000 0.000000 0.000000
vn 0.000000 0.000000 0.000000
vn 0.000000 0.000000 0.000000
vn 0.000000 0.000000 0.000000
vn 0.000000 0.000000 0.000000
vn 0.000000 0.000000 0.000000
vn 0.000000 0.000000 0.000000
vn 0.000000 0.000000 0.000000
vn 0.000000 0.000000 0.000000
vn 0.000000 0.000000 0.000000
vn 0.000000 0.000000 0.000000
vn 0.000000 0.000000 0.000000
vn 0.000000 0.000000 0.000000
vn 0.000000 0.000000 0.000000
vn 0.000000 0.000000 0.000000
vn 0.000000 0.000000 0.000000
vn 0.000000 0.000000 0.000000
vn 0.000000 0.000000 0.000000
vn 0.000000 0.000000 0.000000
vn 0.000000 0.000000 0.000000
vn 0.000000 0.000000 0.000000
vn 0.000000 0.000000 0.000000
vn 0.000000 0.000000 0.000000
vn 0.000000 0.000000 0.000000
vn 0.000000 0.000000 0.000000
vn 0.000000 0.000000 0.000000
vn 0.000000 0.000000 0.000000
vn 0.000000 0.000000 0.000000
vn 0.000000 0.000000 0.000000
vn 0.000000 0.000000 0.000000
vn 0.000000 0.000000 0.000000
vn 0.000000 0.000000 0.000000
vn 0.000000 0.000000 0.000000
vn 0.000000 0.000000 0.000000
vn 0.000000 0.000000 0.000000
vn 0.000000 0.000000 0.000000
vn 0.000000 0.000000 0.000000
vn 0.000000 0.000000 0.000000
vn 0.000000 0.000000 0.000000
vn 0.000000 0.000000 0.000000
vn 0.000000 0.000000 0.000000
vn 0.000000 0.000000 0.000000
vn 0.000000 0.000000 0.000000
vn 0.000000 0.000000 0.000000
vn 0.000000 0.000000 0.000000
vn 0.000000 0.000000 0.000000
vn 0.000000 0.000000 0.000000
vn 0.000000 0.000000 0.000000
vn 0.000000 0.000000 0.000000
vn 0.000000 0.000000 0.000000
vn 0.000000 0.000000 0.000000
vn 0.000000 0.000000 0.000000
vn 0.000000 0.000000 0.000000
vn 0.000000 0.000000 0.000000
vn 0.000000 0.000000 0.000000
vn 0.000000 0.000000 0.000000
vn 0.000000 0.000000 0.000000
vn 0.000000 0.000000 0.000000
vn 0.000000 0.000000 0.000000
vn 0.000000 0.000000 0.000000
vn 0.000000 0.000000 0.000000
vn 0.000000 0.000000 0.000000
vn 0.000000 0.000000 0.000000
vn 0.000000 0.000000 0.000000
vn 0.000000 0.000000 0.000000
vn 0.000000 0.000000 0.000000
vn 0.000000 0.000000 0.000000
vn 0.000000 0.000000 0.000000
vn 0.000000 0.000000 0.000000
vn 0.000000 0.000000 0.000000
vn 0.000000 0.000000 0.000000
vn 0.000000 0.000000 0.000000
vn 0.000000 0.000000 0.000000
vn 0.000000 0.000000 0.000000
vn 0.000000 0.000000 0.000000
vn 0.000000 0.000000 0.000000
vn 0.000000 0.000000 0.000000
vn 0.000000 0.000000 0.000000
vn 0.000000 0.000000 0.000000
vn 0.000000 0.000000 0.000000
vn 0.000000 0.000000 0.000000
vn 0.000000 0.000000 0.000000
vn 0.000000 0.000000 0.000000
vn 0.000000 0.000000 0.000000
vn 0.000000 0.000000 0.000000
vn 0.000000 0.000000 0.000000
vn 0.000000 0.000000 0.000000
vn 0.000000 0.000000 0.000000
vn 0.000000 0.000000 0.000000
vn 0.000000 0.000000 0.000000
vn 0.000000 0.000000 0.000000
vn 0.000000 0.000000 0.000000
vn 0.000000 0.000000 0.000000
vn 0.000000 0.000000 0.000000
vn 0.000000 0.000000 0.000000
vn 0.000000 0.000000 0.000000
vn 0.000000 0.000000 0.000000
vn 0.000000 0.000000 0.000000
vn 0.000000 0.000000 0.000000
vn 0.000000 0.000000 0.000000
vn 0.000000 0.000000 0.000000
vn 0.000000 0.000000 0.000000
vn 0.000000 0.000000 0.000000
vn 0.000000 0.000000 0.000000
vn 0.000000 0.000000 0.000000
vn 0.000000 0.000000 0.000000
vn 0.000000 0.000000 0.000000
vn 0.000000 0.000000 0.000000
vn 0.000000 0.000000 0.000000
vn 0.000000 0.000000 0.000000
vn 0.000000 0.000000 0.000000
vn 0.000000 0.000000 0.000000
vn 0.000000 0.000000 0.000000
vn 0.000000 0.000000 0.000000
vn 0.000000 0.000000 0.000000
vn 0.000000 0.000000 0.000000
vn 0.000000 0.000000 0.000000
vn 0.000000 0.000000 0.000000
vn 0.000000 0.000000 0.000000
vn 0.000000 0.000000 0.000000
vn 0.000000 0.000000 0.000000
vn 0.000000 0.000000 0.000000
vn 0.000000 0.000000 0.000000
vn 0.000000 0.000000 0.000000
vn 0.000000 0.000000 0.000000
vn 0.000000 0.000000 0.000000
vn 0.000000 0.000000 0.000000
vn 0.000000 0.000000 0.000000
vn 0.000000 0.000000 0.000000
vn 0.000000 0.000000 0.000000
vn 0.000000 0.000000 0.000000
vn 0.000000 0.000000 0.000000
vn 0.000000 0.000000 0.000000
vn 0.000000 0.000000 0.000000
vn 0.000000 0.000000 0.000000
vn 0.000000 0.000000 0.000000
vn 0.000000 0.000000 0.000000
vn 0.000000 0.000000 0.000000
vn 0.000000 0.000000 0.000000
vn 0.000000 0.000000 0.000000
vn 0.000000 0.000000 0.000000
vn 0.000000 0.000000 0.000000
vn 0.000000 0.000000 0.000000
vn 0.000000 0.000000 0.000000
vn 0.000000 0.000000 0.000000
vn 0.000000 0.000000 0.000000
vn 0.000000 0.000000 0.000000
vn 0.000000 0.000000 0.000000
vn 0.000000 0.000000 0.000000
vn 0.000000 0.000000 0.000000
vn 0.000000 0.000000 0.000000
vn 0.000000 0.000000 0.000000
vn 0.000000 0.000000 0.000000
vn 0.000000 0.000000 0.000000
vn 0.000000 0.000000 0.000000
vn 0.000000 0.000000 0.000000
vn 0.000000 0.000000 0.000000
vn 0.000000 0.000000 0.000000
vn 0.000000 0.000000 0.000000
vn 0.000000 0.000000 0.000000
vn 0.000000 0.000000 0.000000
vn 0.000000 0.000000 0.000000
vn 0.000000 0.000000 0.000000
vn 0.000000 0.000000 0.000000
vn 0.000000 0.000000 0.000000
vn 0.000000 0.000000 0.000000
vn 0.000000 0.000000 0.000000
vn 0.000000 0.000000 0.000000
vn 0.000000 0.000000 0.000000
vn 0.000000 0.000000 0.000000
vn 0.000000 0.000000 0.000000
vn 0.000000 0.000000 0.000000
vn 0.000000 0.000000 0.000000
vn 0.000000 0.000000 0.000000
vn 0.000000 0.000000 0.000000
vn 0.000000 0.000000 0.000000
vn 0.000000 0.000000 0.000000
vn 0.000000 0.000000 0.000000
vn 0.000000 0.000000 0.000000
vn 0.000000 0.000000 0.000000
vn 0.000000 0.000000 0.000000
vn 0.000000 0.000000 0.000000
vn 0.000000 0.000000 0.000000
vn 0.000000 0.000000 0.000000
vn 0.000000 0.000000 0.000000
vn 0.000000 0.000000 0.000000
vn 0.000000 0.000000 0.000000
vn 0.000000 0.000000 0.000000
vn 0.000000 0.000000 0.000000
vn 0.000000 0.000000 0.000000
vn 0.000000 0.000000 0.000000
vn 0.000000 0.000000 0.000000
vn 0.000000 0.000000 0.000000
vn 0.000000 0.000000 0.000000
vn 0.000000 0.000000 0.000000
vn 0.000000 0.000000 0.000000
vn 0.000000 0.000000 0.000000
vn 0.000000 0.000000 0.000000
vn 0.000000 0.000000 0.000000
vn 0.000000 0.000000 0.000000
vn 0.000000 0.000000 0.000000
vn 0.000000 0.000000 0.000000
vn 0.000000 0.000000 0.000000
vn 0.000000 0.000000 0.000000
vn 0.000000 0.000000 0.000000
vn 0.000000 0.000000 0.000000
vn 0.000000 0.000000 0.000000
vn 0.000000 0.000000 0.000000
vn 0.000000 0.000000 0.000000
vn 0.000000 0.000000 0.000000
vn 0.000000 0.000000 0.000000
vn 0.000000 0.000000 0.000000
vn 0.000000 0.000000 0.000000
vn 0.000000 0.000000 0.000000
vn 0.000000 0.000000 0.000000
vn 0.000000 0.000000 0.000000
vn 0.000000 0.000000 0.000000
vn 0.000000 0.000000 0.000000
vn 0.000000 0.000000 0.000000
vn 0.000000 0.000000 0.000000
vn 0.000000 0.000000 0.000000
vn 0.000000 0.000000 0.000000
vn 0.000000 0.000000 0.000000
vn 0.000000 0.000000 0.000000
vn 0.000000 0.000000 0.000000
vn 0.000000 0.000000 0.000000
vn 0.000000 0.000000 0.000000
vn 0.000000 0.000000 0.000000
vn 0.000000 0.000000 0.000000
vn 0.000000 0.000000 0.000000
vn 0.000000 0.000000 0.000000
vn 0.000000 0.000000 0.000000
vn 0.000000 0.000000 0.000000
vn 0.000000 0.000000 0.000000
vn 0.000000 0.000000 0.000000
vn 0.000000 0.000000 0.000000
vn 0.000000 0.000000 0.000000
vn 0.000000 0.000000 0.000000
vn 0.000000 0.000000 0.000000
vn 0.000000 0.000000 0.000000
vn 0.000000 0.000000 0.000000
vn 0.000000 0.000000 0.000000
vn 0.000000 0.000000 0.000000
vn 0.000000 0.000000 0.000000
vn 0.000000 0.000000 0.000000
vn 0.000000 0.000000 0.000000
vn 0.000000 0.000000 0.000000
vn 0.000000 0.000000 0.000000
vn 0.000000 0.000000 0.000000
vn 0.000000 0.000000 0.000000
vn 0.000000 0.000000 0.000000
vn 0.000000 0.000000 0.000000
vn 0.000000 0.000000 0.000000
vn 0.000000 0.000000 0.000000
vn 0.000000 0.000000 0.000000
vn 0.000000 0.000000 0.000000
vn 0.000000 0.000000 0.000000
vn 0.000000 0.000000 0.000000
vn 0.000000 0.000000 0.000000
vn 0.000000 0.000000 0.000000
vn 0.000000 0.000000 0.000000
vn 0.000000 0.000000 0.000000
vn 0.000000 0.000000 0.000000
vn 0.000000 0.000000 0.000000
vn 0.000000 0.000000 0.000000
vn 0.000000 0.000000 0.000000
vn 0.000000 0.000000 0.000000
vn 0.000000 0.000000 0.000000
vn 0.000000 0.000000 0.000000
vn 0.000000 0.000000 0.000000
vn 0.000000 0.000000 0.000000
vn 0.000000 0.000000 0.000000
vn 0.000000 0.000000 0.000000
vn 0.000000 0.000000 0.000000
vn 0.000000 0.000000 0.000000
vn 0.000000 0.000000 0.000000
vn 0.000000 0.000000 0.000000
vn 0.000000 0.000000 0.000000
vn 0.000000 0.000000 0.000000
vn 0.000000 0.000000 0.000000
vn 0.000000 0.000000 0.000000
vn 0.000000 0.000000 0.000000
vn 0.000000 0.000000 0.000000
vn 0.000000 0.000000 0.000000
vn 0.000000 0.000000 0.000000
vn 0.000000 0.000000 0.000000
vn 0.000000 0.000000 0.000000
vn 0.000000 0.000000 0.000000
vn 0.000000 0.000000 0.000000
vn 0.000000 0.000000 0.000000
vn 0.000000 0.000000 0.000000
vn 0.000000 0.000000 0.000000
vn 0.000000 0.000000 0.000000
vn 0.000000 0.000000 0.000000
vn 0.000000 0.000000 0.000000
vn 0.000000 0.000000 0.000000
vn 0.000000 0.000000 0.000000
vn 0.000000 0.000000 0.000000
vn 0.000000 0.000000 0.000000
vn 0.000000 0.000000 0.000000
vn 0.000000 0.000000 0.000000
vn 0.000000 0.000000 0.000000
vn 0.000000 0.000000 0.000000
vn 0.000000 0.000000 0.000000
vn 0.000000 0.000000 0.000000
vn 0.000000 0.000000 0.000000
vn 0.000000 0.000000 0.000000
vn 0.000000 0.000000 0.000000
vn 0.000000 0.000000 0.000000
vn 0.000000 0.000000 0.000000
vn 0.000000 0.000000 0.000000
vn 0.000000 0.000000 0.000000
vn 0.000000 0.000000 0.000000
vn 0.000000 0.000000 0.000000
vn 0.000000 0.000000 0.000000
vn 0.000000 0.000000 0.000000
vn 0.000000 0.000000 0.000000
vn 0.000000 0.000000 0.000000
vn 0.000000 0.000000 0.000000
vn 0.000000 0.000000 0.000000
vn 0.000000 0.000000 0.000000
vn 0.000000 0.000000 0.000000
vn 0.000000 0.000000 0.000000
vn 0.000000 0.000000 0.000000
vn 0.000000 0.000000 0.000000
vn 0.000000 0.000000 0.000000
vn 0.000000 0.000000 0.000000
vn 0.000000 0.000000 0.000000
vn 0.000000 0.000000 0.000000
vn 0.000000 0.000000 0.000000
vn 0.000000 0.000000 0.000000
vn 0.000000 0.000000 0.000000
vn 0.000000 0.000000 0.000000
vn 0.000000 0.000000 0.000000
vn 0.000000 0.000000 0.000000
vn 0.000000 0.000000 0.000000
vn 0.000000 0.000000 0.000000
vn 0.000000 0.000000 0.000000
vn 0.000000 0.000000 0.000000
vn 0.000000 0.000000 0.000000
vn 0.000000 0.000000 0.000000
vn 0.000000 0.000000 0.000000
vn 0.000000 0.000000 0.000000
vn 0.000000 0.000000 0.000000
vn 0.000000 0.000000 0.000000
vn 0.000000 0.000000 0.000000
vn 0.000000 0.000000 0.000000
vn 0.000000 0.000000 0.000000
vn 0.000000 0.000000 0.000000
vn 0.000000 0.000000 0.000000
vn 0.000000 0.000000 0.000000
vn 0.000000 0.000000 0.000000
vn 0.000000 0.000000 0.000000
vn 0.000000 0.000000 0.000000
vn 0.000000 0.000000 0.000000
vn 0.000000 0.000000 0.000000
vn 0.000000 0.000000 0.000000
vn 0.000000 0.000000 0.000000
vn 0.000000 0.000000 0.000000
vn 0.000000 0.000000 0.000000
vn 0.000000 0.000000 0.000000
vn 0.000000 0.000000 0.000000
vn 0.000000 0.000000 0.000000
vn 0.000000 0.000000 0.000000
vn 0.000000 0.000000 0.000000
vn 0.000000 0.000000 0.000000
vn 0.000000 0.000000 0.000000
vn 0.000000 0.000000 0.000000
vn 0.000000 0.000000 0.000000
vn 0.000000 0.000000 0.000000
vn 0.000000 0.000000 0.000000
vn 0.000000 0.000000 0.000000
vn 0.000000 0.000000 0.000000
vn 0.000000 0.000000 0.000000
vn 0.000000 0.000000 0.000000
vn 0.000000 0.000000 0.000000
vn 0.000000 0.000000 0.000000
vn 0.000000 0.000000 0.000000
vn 0.000000 0.000000 0.000000
vn 0.000000 0.000000 0.000000
vn 0.000000 0.000000 0.000000
vn 0.000000 0.000000 0.000000
vn 0.000000 0.000000 0.000000
vn 0.000000 0.000000 0.000000
vn 0.000000 0.000000 0.000000
vn 0.000000 0.000000 0.000000
vn 0.000000 0.000000 0.000000
vn 0.000000 0.000000 0.000000
vn 0.000000 0.000000 0.000000
vn 0.000000 0.000000 0.000000
vn 0.000000 0.000000 0.000000
vn 0.000000 0.000000 0.000000
vn 0.000000 0.000000 0.000000
vn 0.000000 0.000000 0.000000
vn 0.000000 0.000000 0.000000
vn 0.000000 0.000000 0.000000
vn 0.000000 0.000000 0.000000
vn 0.000000 0.000000 0.000000
vn 0.000000 0.000000 0.000000
vn 0.000000 0.000000 0.000000
vn 0.000000 0.000000 0.000000
vn 0.000000 0.000000 0.000000
vn 0.000000 0.000000 0.000000
vn 0.000000 0.000000 0.000000
vn 0.000000 0.000000 0.000000
vn 0.000000 0.000000 0.000000
vn 0.000000 0.000000 0.000000
vn 0.000000 0.000000 0.000000
vn 0.000000 0.000000 0.000000
vn 0.000000 0.000000 0.000000
vn 0.000000 0.000000 0.000000
vn 0.000000 0.000000 0.000000
vn 0.000000 0.000000 0.000000
vn 0.000000 0.000000 0.000000
vn 0.000000 0.000000 0.000000
vn 0.000000 0.000000 0.000000
vn 0.000000 0.000000 0.000000
vn 0.000000 0.000000 0.000000
vn 0.000000 0.000000 0.000000
vn 0.000000 0.000000 0.000000
vn 0.000000 0.000000 0.000000
vn 0.000000 0.000000 0.000000
vn 0.000000 0.000000 0.000000
vn 0.000000 0.000000 0.000000
vn 0.000000 0.000000 0.000000
vn 0.000000 0.000000 0.000000
vn 0.000000 0.000000 0.000000
vn 0.000000 0.000000 0.000000
vn 0.000000 0.000000 0.000000
vn 0.000000 0.000000 0.000000
vn 0.000000 0.000000 0.000000
vn 0.000000 0.000000 0.000000
vn 0.000000 0.000000 0.000000
vn 0.000000 0.000000 0.000000
vn 0.000000 0.000000 0.000000
vn 0.000000 0.000000 0.000000
vn 0.000000 0.000000 0.000000
vn 0.000000 0.000000 0.000000
vn 0.000000 0.000000 0.000000
vn 0.000000 0.000000 0.000000
vn 0.000000 0.000000 0.000000
vn 0.000000 0.000000 0.000000
vn 0.000000 0.000000 0.000000
vn 0.000000 0.000000 0.000000
vn 0.000000 0.000000 0.000000
vn 0.000000 0.000000 0.000000
vn 0.000000 0.000000 0.000000
vn 0.000000 0.000000 0.000000
vn 0.000000 0.000000 0.000000
vn 0.000000 0.000000 0.000000
vn 0.000000 0.000000 0.000000
vn 0.000000 0.000000 0.000000
vn 0.000000 0.000000 0.000000
vn 0.000000 0.000000 0.000000
vn 0.000000 0.000000 0.000000
vn 0.000000 0.000000 0.000000
vn 0.000000 0.000000 0.000000
vn 0.000000 0.000000 0.000000
vn 0.000000 0.000000 0.000000
vn 0.000000 0.000000 0.000000
vn 0.000000 0.000000 0.000000
vn 0.000000 0.000000 0.000000
vn 0.000000 0.000000 0.000000
vn 0.000000 0.000000 0.000000
vn 0.000000 0.000000 0.000000
vn 0.000000 0.000000 0.000000
vn 0.000000 0.000000 0.000000
vn 0.000000 0.000000 0.000000
vn 0.000000 0.000000 0.000000
vn 0.000000 0.000000 0.000000
vn 0.000000 0.000000 0.000000
vn 0.000000 0.000000 0.000000
vn 0.000000 0.000000 0.000000
vn 0.000000 0.000000 0.000000
vn 0.000000 0.000000 0.000000
vn 0.000000 0.000000 0.000000
vn 0.000000 0.000000 0.000000
vn 0.000000 0.000000 0.000000
vn 0.000000 0.000000 0.000000
vn 0.000000 0.000000 0.000000
vn 0.000000 0.000000 0.000000
vn 0.000000 0.000000 0.000000
vn 0.000000 0.000000 0.000000
vn 0.000000 0.000000 0.000000
vn 0.000000 0.000000 0.000000
vn 0.000000 0.000000 0.000000
vn 0.000000 0.000000 0.000000
vn 0.000000 0.000000 0.000000
vn 0.000000 0.000000 0.000000
vn 0.000000 0.000000 0.000000
vn 0.000000 0.000000 0.000000
vn 0.000000 0.000000 0.000000
vn 0.000000 0.000000 0.000000
vn 0.000000 0.000000 0.000000
vn 0.000000 0.000000 0.000000
vn 0.000000 0.000000 0.000000
vn 0.000000 0.000000 0.000000
vn 0.000000 0.000000 0.000000
vn 0.000000 0.000000 0.000000
vn 0.000000 0.000000 0.000000
vn 0.000000 0.000000 0.000000
vn 0.000000 0.000000 0.000000
vn 0.000000 0.000000 0.000000
vn 0.000000 0.000000 0.000000
vn 0.000000 0.000000 0.000000
vn 0.000000 0.000000 0.000000
vn 0.000000 0.000000 0.000000
vn 0.000000 0.000000 0.000000
vn 0.000000 0.000000 0.000000
vn 0.000000 0.000000 0.000000
vn 0.000000 0.000000 0.000000
vn 0.000000 0.000000 0.000000
vn 0.000000 0.000000 0.000000
vn 0.000000 0.000000 0.000000
vn 0.000000 0.000000 0.000000
vn 0.000000 0.000000 0.000000
vn 0.000000 0.000000 0.000000
vn 0.000000 0.000000 0.000000
vn 0.000000 0.000000 0.000000
vn 0.000000 0.000000 0.000000
vn 0.000000 0.000000 0.000000
vn 0.000000 0.000000 0.000000
vn 0.000000 0.000000 0.000000
vn 0.000000 0.000000 0.000000
vn 0.000000 0.000000 0.000000
vn 0.000000 0.000000 0.000000
vn 0.000000 0.000000 0.000000
vn 0.000000 0.000000 0.000000
vn 0.000000 0.000000 0.000000
vn 0.000000 0.000000 0.000000
vn 0.000000 0.000000 0.000000
vn 0.000000 0.000000 0.000000
vn 0.000000 0.000000 0.000000
vn 0.000000 0.000000 0.000000
vn 0.000000 0.000000 0.000000
vn 0.000000 0.000000 0.000000
vn 0.000000 0.000000 0.000000
vn 0.000000 0.000000 0.000000
vn 0.000000 0.000000 0.000000
vn 0.000000 0.000000 0.000000
vn 0.000000 0.000000 0.000000
vn 0.000000 0.000000 0.000000
vn 0.000000 0.000000 0.000000
vn 0.000000 0.000000 0.000000
vn 0.000000 0.000000 0.000000
vn 0.000000 0.000000 0.000000
vn 0.000000 0.000000 0.000000
vn 0.000000 0.000000 0.000000
vn 0.000000 0.000000 0.000000
vn 0.000000 0.000000 0.000000
vn 0.000000 0.000000 0.000000
vn 0.000000 0.000000 0.000000
vn 0.000000 0.000000 0.000000
vn 0.000000 0.000000 0.000000
vn 0.000000 0.000000 0.000000
vn 0.000000 0.000000 0.000000
vn 0.000000 0.000000 0.000000
vn 0.000000 0.000000 0.000000
vn 0.000000 0.000000 0.000000
vn 0.000000 0.000000 0.000000
vn 0.000000 0.000000 0.000000
vn 0.000000 0.000000 0.000000
vn 0.000000 0.000000 0.000000
vn 0.000000 0.000000 0.000000
vn 0.000000 0.000000 0.000000
vn 0.000000 0.000000 0.000000
vn 0.000000 0.000000 0.000000
vn 0.000000 0.000000 0.000000
vn 0.000000 0.000000 0.000000
vn 0.000000 0.000000 0.000000
vn 0.000000 0.000000 0.000000
vn 0.000000 0.000000 0.000000
vn 0.000000 0.000000 0.000000
vn 0.000000 0.000000 0.000000
vn 0.000000 0.000000 0.000000
vn 0.000000 0.000000 0.000000
vn 0.000000 0.000000 0.000000
vn 0.000000 0.000000 0.000000
vn 0.000000 0.000000 0.000000
vn 0.000000 0.000000 0.000000
vn 0.000000 0.000000 0.000000
vn 0.000000 0.000000 0.000000
vn 0.000000 0.000000 0.000000
vn 0.000000 0.000000 0.000000
vn 0.000000 0.000000 0.000000
vn 0.000000 0.000000 0.000000
vn 0.000000 0.000000 0.000000
vn 0.000000 0.000000 0.000000
vn 0.000000 0.000000 0.000000
vn 0.000000 0.000000 0.000000
vn 0.000000 0.000000 0.000000
vn 0.000000 0.000000 0.000000
vn 0.000000 0.000000 0.000000
vn 0.000000 0.000000 0.000000
vn 0.000000 0.000000 0.000000
vn 0.000000 0.000000 0.000000
vn 0.000000 0.000000 0.000000
vn 0.000000 0.000000 0.000000
vn 0.000000 0.000000 0.000000
vn 0.000000 0.000000 0.000000
vn 0.000000 0.000000 0.000000
vn 0.000000 0.000000 0.000000
vn 0.000000 0.000000 0.000000
vn 0.000000 0.000000 0.000000
vn 0.000000 0.000000 0.000000
vn 0.000000 0.000000 0.000000
vn 0.000000 0.000000 0.000000
vn 0.000000 0.000000 0.000000
vn 0.000000 0.000000 0.000000
vn 0.000000 0.000000 0.000000
vn 0.000000 0.000000 0.000000
vn 0.000000 0.000000 0.000000
vn 0.000000 0.000000 0.000000
vn 0.000000 0.000000 0.000000
vn 0.000000 0.000000 0.000000
vn 0.000000 0.000000 0.000000
vn 0.000000 0.000000 0.000000
vn 0.000000 0.000000 0.000000
vn 0.000000 0.000000 0.000000
vn 0.000000 0.000000 0.000000
vn 0.000000 0.000000 0.000000
vn 0.000000 0.000000 0.000000
vn 0.000000 0.000000 0.000000
vn 0.000000 0.000000 0.000000
vn 0.000000 0.000000 0.000000
vn 0.000000 0.000000 0.000000
vn 0.000000 0.000000 0.000000
vn 0.000000 0.000000 0.000000
vn 0.000000 0.000000 0.000000
vn 0.000000 0.000000 0.000000
vn 0.000000 0.000000 0.000000
vn 0.000000 0.000000 0.000000
vn 0.000000 0.000000 0.000000
vn 0.000000 0.000000 0.000000
vn 0.000000 0.000000 0.000000
vn 0.000000 0.000000 0.000000
vn 0.000000 0.000000 0.000000
vn 0.000000 0.000000 0.000000
vn 0.000000 0.000000 0.000000
vn 0.000000 0.000000 0.000000
vn 0.000000 0.000000 0.000000
vn 0.000000 0.000000 0.000000
vn 0.000000 0.000000 0.000000
vn 0.000000 0.000000 0.000000
vn 0.000000 0.000000 0.000000
vn 0.000000 0.000000 0.000000
vn 0.000000 0.000000 0.000000
vn 0.000000 0.000000 0.000000
vn 0.000000 0.000000 0.000000
vn 0.000000 0.000000 0.000000
vn 0.000000 0.000000 0.000000
vn 0.000000 0.000000 0.000000
vn 0.000000 0.000000 0.000000
vn 0.000000 0.000000 0.000000
vn 0.000000 0.000000 0.000000
vn 0.000000 0.000000 0.000000
vn 0.000000 0.000000 0.000000
vn 0.000000 0.000000 0.000000
vn 0.000000 0.000000 0.000000
vn 0.000000 0.000000 0.000000
vn 0.000000 0.000000 0.000000
vn 0.000000 0.000000 0.000000
vn 0.000000 0.000000 0.000000
vn 0.000000 0.000000 0.000000
vn 0.000000 0.000000 0.000000
vn 0.000000 0.000000 0.000000
vn 0.000000 0.000000 0.000000
vn 0.000000 0.000000 0.000000
vn 0.000000 0.000000 0.000000
vn 0.000000 0.000000 0.000000
vn 0.000000 0.000000 0.000000
vn 0.000000 0.000000 0.000000
vn 0.000000 0.000000 0.000000
vn 0.000000 0.000000 0.000000
vn 0.000000 0.000000 0.000000
vn 0.000000 0.000000 0.000000
vn 0.000000 0.000000 0.000000
vn 0.000000 0.000000 0.000000
vn 0.000000 0.000000 0.000000
vn 0.000000 0.000000 0.000000
vn 0.000000 0.000000 0.000000
vn 0.000000 0.000000 0.000000
vn 0.000000 0.000000 0.000000
vn 0.000000 0.000000 0.000000
vn 0.000000 0.000000 0.000000
vn 0.000000 0.000000 0.000000
vn 0.000000 0.000000 0.000000
vn 0.000000 0.000000 0.000000
vn 0.000000 0.000000 0.000000
vn 0.000000 0.000000 0.000000
vn 0.000000 0.000000 0.000000
vn 0.000000 0.000000 0.000000
vn 0.000000 0.000000 0.000000
vn 0.000000 0.000000 0.000000
vn 0.000000 0.000000 0.000000
vn 0.000000 0.000000 0.000000
vn 0.000000 0.000000 0.000000
vn 0.000000 0.000000 0.000000
vn 0.000000 0.000000 0.000000
vn 0.000000 0.000000 0.000000
vn 0.000000 0.000000 0.000000
vn 0.000000 0.000000 0.000000
vn 0.000000 0.000000 0.000000
vn 0.000000 0.000000 0.000000
vn 0.000000 0.000000 0.000000
vn 0.000000 0.000000 0.000000
vn 0.000000 0.000000 0.000000
vn 0.000000 0.000000 0.000000
vn 0.000000 0.000000 0.000000
vn 0.000000 0.000000 0.000000
vn 0.000000 0.000000 0.000000
vn 0.000000 0.000000 0.000000
vn 0.000000 0.000000 0.000000
vn 0.000000 0.000000 0.000000
vn 0.000000 0.000000 0.000000
vn 0.000000 0.000000 0.000000
vn 0.000000 0.000000 0.000000
vn 0.000000 0.000000 0.000000
vn 0.000000 0.000000 0.000000
vn 0.000000 0.000000 0.000000
vn 0.000000 0.000000 0.000000
vn 0.000000 0.000000 0.000000
vn 0.000000 0.000000 0.000000
vn 0.000000 0.000000 0.000000
vn 0.000000 0.000000 0.000000
vn 0.000000 0.000000 0.000000
vn 0.000000 0.000000 0.000000
vn 0.000000 0.000000 0.000000
vn 0.000000 0.000000 0.000000
vn 0.000000 0.000000 0.000000
vn 0.000000 0.000000 0.000000
vn 0.000000 0.000000 0.000000
vn 0.000000 0.000000 0.000000
vn 0.000000 0.000000 0.000000
vn 0.000000 0.000000 0.000000
vn 0.000000 0.000000 0.000000
vn 0.000000 0.000000 0.000000
vn 0.000000 0.000000 0.000000
vn 0.000000 0.000000 0.000000
vn 0.000000 0.000000 0.000000
vn 0.000000 0.000000 0.000000
vn 0.000000 0.000000 0.000000
vn 0.000000 0.000000 0.000000
vn 0.000000 0.000000 0.000000
vn 0.000000 0.000000 0.000000
vn 0.000000 0.000000 0.000000
vn 0.000000 0.000000 0.000000
vn 0.000000 0.000000 0.000000
vn 0.000000 0.000000 0.000000
vn 0.000000 0.000000 0.000000
vn 0.000000 0.000000 0.000000
vn 0.000000 0.000000 0.000000
vn 0.000000 0.000000 0.000000
vn 0.000000 0.000000 0.000000
vn 0.000000 0.000000 0.000000
vn 0.000000 0.000000 0.000000
vn 0.000000 0.000000 0.000000
vn 0.000000 0.000000 0.000000
vn 0.000000 0.000000 0.000000
vn 0.000000 0.000000 0.000000
vn 0.000000 0.000000 0.000000
vn 0.000000 0.000000 0.000000
vn 0.000000 0.000000 0.000000
vn 0.000000 0.000000 0.000000
vn 0.000000 0.000000 0.000000
vn 0.000000 0.000000 0.000000
vn 0.000000 0.000000 0.000000
vn 0.000000 0.000000 0.000000
vn 0.000000 0.000000 0.000000
vn 0.000000 0.000000 0.000000
vn 0.000000 0.000000 0.000000
vn 0.000000 0.000000 0.000000
vn 0.000000 0.000000 0.000000
vn 0.000000 0.000000 0.000000
vn 0.000000 0.000000 0.000000
vn 0.000000 0.000000 0.000000
vn 0.000000 0.000000 0.000000
vn 0.000000 0.000000 0.000000
vn 0.000000 0.000000 0.000000
vn 0.000000 0.000000 0.000000
vn 0.000000 0.000000 0.000000
vn 0.000000 0.000000 0.000000
vn 0.000000 0.000000 0.000000
vn 0.000000 0.000000 0.000000
vn 0.000000 0.000000 0.000000
vn 0.000000 0.000000 0.000000
vn 0.000000 0.000000 0.000000
vn 0.000000 0.000000 0.000000
vn 0.000000 0.000000 0.000000
vn 0.000000 0.000000 0.000000
vn 0.000000 0.000000 0.000000
vn 0.000000 0.000000 0.000000
vn 0.000000 0.000000 0.000000
vn 0.000000 0.000000 0.000000
vn 0.000000 0.000000 0.000000
vn 0.000000 0.000000 0.000000
vn 0.000000 0.000000 0.000000
vn 0.000000 0.000000 0.000000
vn 0.000000 0.000000 0.000000
vn 0.000000 0.000000 0.000000
vn 0.000000 0.000000 0.000000
vn 0.000000 0.000000 0.000000
vn 0.000000 0.000000 0.000000
vn 0.000000 0.000000 0.000000
vn 0.000000 0.000000 0.000000
vn 0.000000 0.000000 0.000000
vn 0.000000 0.000000 0.000000
vn 0.000000 0.000000 0.000000
vn 0.000000 0.000000 0.000000
vn 0.000000 0.000000 0.000000
vn 0.000000 0.000000 0.000000
vn 0.000000 0.000000 0.000000
vn 0.000000 0.000000 0.000000
vn 0.000000 0.000000 0.000000
vn 0.000000 0.000000 0.000000
vn 0.000000 0.000000 0.000000
vn 0.000000 0.000000 0.000000
vn 0.000000 0.000000 0.000000
vn 0.000000 0.000000 0.000000
vn 0.000000 0.000000 0.000000
vn 0.000000 0.000000 0.000000
vn 0.000000 0.000000 0.000000
vn 0.000000 0.000000 0.000000
vn 0.000000 0.000000 0.000000
vn 0.000000 0.000000 0.000000
vn 0.000000 0.000000 0.000000
vn 0.000000 0.000000 0.000000
vn 0.000000 0.000000 0.000000
vn 0.000000 0.000000 0.000000
vn 0.000000 0.000000 0.000000
vn 0.000000 0.000000 0.000000
vn 0.000000 0.000000 0.000000
vn 0.000000 0.000000 0.000000
vn 0.000000 0.000000 0.000000
vn 0.000000 0.000000 0.000000
vn 0.000000 0.000000 0.000000
vn 0.000000 0.000000 0.000000
vn 0.000000 0.000000 0.000000
vn 0.000000 0.000000 0.000000
vn 0.000000 0.000000 0.000000
vn 0.000000 0.000000 0.000000
vn 0.000000 0.000000 0.000000
vn 0.000000 0.000000 0.000000
vn 0.000000 0.000000 0.000000
vn 0.000000 0.000000 0.000000
vn 0.000000 0.000000 0.000000
vn 0.000000 0.000000 0.000000
vn 0.000000 0.000000 0.000000
vn 0.000000 0.000000 0.000000
vn 0.000000 0.000000 0.000000
vn 0.000000 0.000000 0.000000
vn 0.000000 0.000000 0.000000
vn 0.000000 0.000000 0.000000
vn 0.000000 0.000000 0.000000
vn 0.000000 0.000000 0.000000
vn 0.000000 0.000000 0.000000
vn 0.000000 0.000000 0.000000
vn 0.000000 0.000000 0.000000
vn 0.000000 0.000000 0.000000
vn 0.000000 0.000000 0.000000
vn 0.000000 0.000000 0.000000
vn 0.000000 0.000000 0.000000
vn 0.000000 0.000000 0.000000
vn 0.000000 0.000000 0.000000
vn 0.000000 0.000000 0.000000
vn 0.000000 0.000000 0.000000
vn 0.000000 0.000000 0.000000
vn 0.000000 0.000000 0.000000
vn 0.000000 0.000000 0.000000
vn 0.000000 0.000000 0.000000
vn 0.000000 0.000000 0.000000
vn 0.000000 0.000000 0.000000
vn 0.000000 0.000000 0.000000
vn 0.000000 0.000000 0.000000
vn 0.000000 0.000000 0.000000
vn 0.000000 0.000000 0.000000
vn 0.000000 0.000000 0.000000
vn 0.000000 0.000000 0.000000
vn 0.000000 0.000000 0.000000
vn 0.000000 0.000000 0.000000
vn 0.000000 0.000000 0.000000
vn 0.000000 0.000000 0.000000
vn 0.000000 0.000000 0.000000
g submesh
usemtl 
f 4/4/4 45/45/45 436/436/436 
f 4/4/4 47/47/47 45/45/45 
f 1/1/1 50/50/50 2/2/2 
f 1/1/1 2/2/2 95/95/95 
f 5/5/5 94/94/94 6/6/6 
f 4/4/4 50/50/50 47/47/47 
f 2/2/2 50/50/50 4/4/4 
f 3/3/3 4/4/4 6/6/6 
f 2/2/2 4/4/4 3/3/3 
f 2/2/2 3/3/3 94/94/94 
f 3/3/3 6/6/6 94/94/94 
f 102/102/102 439/439/439 437/437/437 
f 4/4/4 438/438/438 7/7/7 
f 4/4/4 436/436/436 438/438/438 
f 5/5/5 439/439/439 102/102/102 
f 4/4/4 7/7/7 6/6/6 
f 5/5/5 7/7/7 8/8/8 
f 5/5/5 6/6/6 7/7/7 
f 5/5/5 8/8/8 439/439/439 
f 7/7/7 438/438/438 8/8/8 
f 8/8/8 438/438/438 440/440/440 
f 8/8/8 440/440/440 439/439/439 
f 9/9/9 10/10/10 18/18/18 
f 9/9/9 16/16/16 10/10/10 
f 9/9/9 450/450/450 16/16/16 
f 16/16/16 450/450/450 449/449/449 
f 9/9/9 459/459/459 450/450/450 
f 11/11/11 14/14/14 36/36/36 
f 14/14/14 15/15/15 36/36/36 
f 10/10/10 13/13/13 18/18/18 
f 10/10/10 16/16/16 11/11/11 
f 11/11/11 16/16/16 14/14/14 
f 10/10/10 11/11/11 12/12/12 
f 11/11/11 36/36/36 40/40/40 
f 11/11/11 40/40/40 12/12/12 
f 10/10/10 12/12/12 13/13/13 
f 12/12/12 41/41/41 13/13/13 
f 13/13/13 41/41/41 27/27/27 
f 14/14/14 452/452/452 15/15/15 
f 15/15/15 453/453/453 44/44/44 
f 15/15/15 452/452/452 453/453/453 
f 14/14/14 16/16/16 449/449/449 
f 14/14/14 449/449/449 452/452/452 
f 17/17/17 23/23/23 22/22/22 
f 17/17/17 26/26/26 19/19/19 
f 19/19/19 26/26/26 30/30/30 
f 17/17/17 22/22/22 18/18/18 
f 9/9/9 18/18/18 22/22/22 
f 17/17/17 19/19/19 23/23/23 
f 19/19/19 20/20/20 24/24/24 
f 19/19/19 24/24/24 23/23/23 
f 20/20/20 216/216/216 222/222/222 
f 20/20/20 222/222/222 24/24/24 
f 19/19/19 30/30/30 20/20/20 
f 20/20/20 30/30/30 21/21/21 
f 20/20/20 21/21/21 216/216/216 
f 21/21/21 218/218/218 216/216/216 
f 9/9/9 22/22/22 459/459/459 
f 22/22/22 23/23/23 460/460/460 
f 22/22/22 460/460/460 459/459/459 
f 23/23/23 24/24/24 461/461/461 
f 24/24/24 222/222/222 700/700/700 
f 23/23/23 461/461/461 460/460/460 
f 24/24/24 700/700/700 461/461/461 
f 17/17/17 18/18/18 25/25/25 
f 17/17/17 25/25/25 26/26/26 
f 13/13/13 25/25/25 18/18/18 
f 25/25/25 28/28/28 26/26/26 
f 26/26/26 29/29/29 30/30/30 
f 26/26/26 28/28/28 29/29/29 
f 13/13/13 27/27/27 25/25/25 
f 25/25/25 27/27/27 28/28/28 
f 27/27/27 65/65/65 28/28/28 
f 29/29/29 33/33/33 31/31/31 
f 28/28/28 67/67/67 29/29/29 
f 29/29/29 67/67/67 33/33/33 
f 21/21/21 30/30/30 31/31/31 
f 21/21/21 31/31/31 32/32/32 
f 29/29/29 31/31/31 30/30/30 
f 21/21/21 32/32/32 218/218/218 
f 32/32/32 226/226/226 218/218/218 
f 32/32/32 35/35/35 226/226/226 
f 31/31/31 34/34/34 32/32/32 
f 31/31/31 33/33/33 34/34/34 
f 32/32/32 34/34/34 35/35/35 
f 35/35/35 235/235/235 226/226/226 
f 33/33/33 516/516/516 469/469/469 
f 33/33/33 469/469/469 34/34/34 
f 34/34/34 470/470/470 35/35/35 
f 35/35/35 471/471/471 235/235/235 
f 34/34/34 469/469/469 470/470/470 
f 235/235/235 471/471/471 712/712/712 
f 35/35/35 470/470/470 471/471/471 
f 36/36/36 39/39/39 40/40/40 
f 36/36/36 37/37/37 39/39/39 
f 15/15/15 44/44/44 37/37/37 
f 15/15/15 37/37/37 36/36/36 
f 37/37/37 48/48/48 39/39/39 
f 37/37/37 38/38/38 48/48/48 
f 37/37/37 44/44/44 38/38/38 
f 38/38/38 44/44/44 45/45/45 
f 12/12/12 40/40/40 43/43/43 
f 12/12/12 43/43/43 41/41/41 
f 27/27/27 41/41/41 66/66/66 
f 41/41/41 46/46/46 66/66/66 
f 39/39/39 42/42/42 40/40/40 
f 40/40/40 42/42/42 43/43/43 
f 39/39/39 54/54/54 42/42/42 
f 42/42/42 57/57/57 43/43/43 
f 41/41/41 43/43/43 46/46/46 
f 43/43/43 57/57/57 46/46/46 
f 44/44/44 486/486/486 45/45/45 
f 44/44/44 453/453/453 486/486/486 
f 45/45/45 486/486/486 436/436/436 
f 46/46/46 487/487/487 66/66/66 
f 46/46/46 57/57/57 497/497/497 
f 46/46/46 497/497/497 487/487/487 
f 38/38/38 47/47/47 51/51/51 
f 38/38/38 51/51/51 48/48/48 
f 39/39/39 48/48/48 54/54/54 
f 48/48/48 52/52/52 54/54/54 
f 48/48/48 51/51/51 52/52/52 
f 38/38/38 45/45/45 47/47/47 
f 47/47/47 49/49/49 51/51/51 
f 47/47/47 50/50/50 49/49/49 
f 1/1/1 141/141/141 50/50/50 
f 51/51/51 146/146/146 52/52/52 
f 49/49/49 146/146/146 51/51/51 
f 52/52/52 146/146/146 144/144/144 
f 52/52/52 144/144/144 53/53/53 
f 42/42/42 54/54/54 56/56/56 
f 42/42/42 56/56/56 57/57/57 
f 54/54/54 58/58/58 56/56/56 
f 52/52/52 53/53/53 55/55/55 
f 53/53/53 147/147/147 55/55/55 
f 52/52/52 58/58/58 54/54/54 
f 52/52/52 60/60/60 58/58/58 
f 52/52/52 55/55/55 60/60/60 
f 55/55/55 147/147/147 62/62/62 
f 62/62/62 147/147/147 159/159/159 
f 55/55/55 62/62/62 60/60/60 
f 62/62/62 159/159/159 195/195/195 
f 56/56/56 498/498/498 57/57/57 
f 56/56/56 64/64/64 498/498/498 
f 57/57/57 498/498/498 497/497/497 
f 56/56/56 58/58/58 59/59/59 
f 58/58/58 61/61/61 59/59/59 
f 56/56/56 59/59/59 63/63/63 
f 56/56/56 63/63/63 64/64/64 
f 58/58/58 60/60/60 61/61/61 
f 60/60/60 62/62/62 61/61/61 
f 59/59/59 61/61/61 62/62/62 
f 59/59/59 62/62/62 63/63/63 
f 62/62/62 195/195/195 521/521/521 
f 64/64/64 499/499/499 498/498/498 
f 63/63/63 500/500/500 64/64/64 
f 64/64/64 500/500/500 499/499/499 
f 62/62/62 500/500/500 63/63/63 
f 62/62/62 521/521/521 500/500/500 
f 27/27/27 66/66/66 65/65/65 
f 28/28/28 65/65/65 67/67/67 
f 65/65/65 515/515/515 67/67/67 
f 65/65/65 66/66/66 517/517/517 
f 33/33/33 67/67/67 516/516/516 
f 65/65/65 517/517/517 515/515/515 
f 67/67/67 515/515/515 516/516/516 
f 66/66/66 487/487/487 517/517/517 
f 73/73/73 69/69/69 74/74/74 
f 68/68/68 77/77/77 73/73/73 
f 73/73/73 78/78/78 69/69/69 
f 70/70/70 73/73/73 71/71/71 
f 73/73/73 75/75/75 72/72/72 
f 71/71/71 73/73/73 289/289/289 
f 73/73/73 72/72/72 289/289/289 
f 73/73/73 74/74/74 75/75/75 
f 68/68/68 73/73/73 200/200/200 
f 68/68/68 176/176/176 77/77/77 
f 70/70/70 190/190/190 73/73/73 
f 70/70/70 71/71/71 193/193/193 
f 76/76/76 80/80/80 77/77/77 
f 80/80/80 79/79/79 78/78/78 
f 73/73/73 77/77/77 80/80/80 
f 73/73/73 80/80/80 78/78/78 
f 80/80/80 81/81/81 79/79/79 
f 80/80/80 976/976/976 81/81/81 
f 80/80/80 978/978/978 976/976/976 
f 76/76/76 77/77/77 202/202/202 
f 76/76/76 205/205/205 80/80/80 
f 83/83/83 84/84/84 92/92/92 
f 82/82/82 84/84/84 83/83/83 
f 83/83/83 537/537/537 527/527/527 
f 82/82/82 83/83/83 527/527/527 
f 82/82/82 527/527/527 528/528/528 
f 88/88/88 118/118/118 89/89/89 
f 84/84/84 85/85/85 92/92/92 
f 84/84/84 87/87/87 85/85/85 
f 82/82/82 86/86/86 84/84/84 
f 82/82/82 89/89/89 86/86/86 
f 86/86/86 118/118/118 121/121/121 
f 86/86/86 121/121/121 87/87/87 
f 84/84/84 86/86/86 87/87/87 
f 85/85/85 87/87/87 122/122/122 
f 86/86/86 89/89/89 118/118/118 
f 88/88/88 89/89/89 531/531/531 
f 88/88/88 532/532/532 126/126/126 
f 88/88/88 531/531/531 532/532/532 
f 82/82/82 528/528/528 89/89/89 
f 89/89/89 528/528/528 531/531/531 
f 90/90/90 102/102/102 91/91/91 
f 91/91/91 102/102/102 101/101/101 
f 91/91/91 92/92/92 103/103/103 
f 91/91/91 103/103/103 93/93/93 
f 90/90/90 91/91/91 93/93/93 
f 90/90/90 93/93/93 97/97/97 
f 93/93/93 104/104/104 97/97/97 
f 91/91/91 101/101/101 92/92/92 
f 83/83/83 92/92/92 101/101/101 
f 90/90/90 97/97/97 94/94/94 
f 94/94/94 97/97/97 98/98/98 
f 94/94/94 98/98/98 95/95/95 
f 95/95/95 96/96/96 141/141/141 
f 2/2/2 94/94/94 95/95/95 
f 1/1/1 95/95/95 141/141/141 
f 95/95/95 98/98/98 96/96/96 
f 5/5/5 90/90/90 94/94/94 
f 5/5/5 102/102/102 90/90/90 
f 97/97/97 107/107/107 98/98/98 
f 98/98/98 107/107/107 99/99/99 
f 96/96/96 98/98/98 99/99/99 
f 96/96/96 99/99/99 152/152/152 
f 99/99/99 108/108/108 100/100/100 
f 99/99/99 154/154/154 151/151/151 
f 99/99/99 151/151/151 152/152/152 
f 99/99/99 100/100/100 154/154/154 
f 83/83/83 101/101/101 537/537/537 
f 101/101/101 102/102/102 437/437/437 
f 101/101/101 437/437/437 537/537/537 
f 85/85/85 103/103/103 92/92/92 
f 93/93/93 103/103/103 106/106/106 
f 85/85/85 105/105/105 103/103/103 
f 93/93/93 106/106/106 104/104/104 
f 103/103/103 105/105/105 106/106/106 
f 85/85/85 122/122/122 105/105/105 
f 105/105/105 137/137/137 106/106/106 
f 104/104/104 106/106/106 110/110/110 
f 104/104/104 110/110/110 116/116/116 
f 106/106/106 137/137/137 110/110/110 
f 97/97/97 104/104/104 107/107/107 
f 108/108/108 109/109/109 164/164/164 
f 99/99/99 107/107/107 111/111/111 
f 104/104/104 116/116/116 107/107/107 
f 107/107/107 116/116/116 111/111/111 
f 99/99/99 112/112/112 108/108/108 
f 108/108/108 112/112/112 109/109/109 
f 99/99/99 111/111/111 112/112/112 
f 109/109/109 117/117/117 164/164/164 
f 109/109/109 112/112/112 113/113/113 
f 109/109/109 113/113/113 117/117/117 
f 110/110/110 137/137/137 596/596/596 
f 110/110/110 547/547/547 116/116/116 
f 116/116/116 547/547/547 553/553/553 
f 110/110/110 596/596/596 547/547/547 
f 112/112/112 114/114/114 113/113/113 
f 113/113/113 114/114/114 117/117/117 
f 112/112/112 115/115/115 114/114/114 
f 111/111/111 554/554/554 112/112/112 
f 112/112/112 554/554/554 115/115/115 
f 114/114/114 115/115/115 117/117/117 
f 115/115/115 554/554/554 548/548/548 
f 115/115/115 548/548/548 555/555/555 
f 111/111/111 116/116/116 553/553/553 
f 115/115/115 555/555/555 117/117/117 
f 117/117/117 555/555/555 209/209/209 
f 111/111/111 553/553/553 554/554/554 
f 209/209/209 555/555/555 598/598/598 
f 118/118/118 119/119/119 124/124/124 
f 88/88/88 119/119/119 118/118/118 
f 88/88/88 126/126/126 119/119/119 
f 119/119/119 131/131/131 124/124/124 
f 119/119/119 120/120/120 131/131/131 
f 120/120/120 126/126/126 127/127/127 
f 119/119/119 126/126/126 120/120/120 
f 118/118/118 124/124/124 121/121/121 
f 87/87/87 121/121/121 123/123/123 
f 87/87/87 123/123/123 122/122/122 
f 121/121/121 125/125/125 123/123/123 
f 122/122/122 123/123/123 139/139/139 
f 121/121/121 124/124/124 125/125/125 
f 124/124/124 131/131/131 132/132/132 
f 124/124/124 132/132/132 125/125/125 
f 123/123/123 125/125/125 128/128/128 
f 123/123/123 128/128/128 139/139/139 
f 126/126/126 532/532/532 574/574/574 
f 126/126/126 574/574/574 127/127/127 
f 127/127/127 574/574/574 575/575/575 
f 128/128/128 576/576/576 139/139/139 
f 120/120/120 130/130/130 131/131/131 
f 120/120/120 129/129/129 130/130/130 
f 120/120/120 127/127/127 129/129/129 
f 127/127/127 134/134/134 129/129/129 
f 129/129/129 992/992/992 130/130/130 
f 129/129/129 991/991/991 992/992/992 
f 129/129/129 134/134/134 991/991/991 
f 134/134/134 999/999/999 991/991/991 
f 130/130/130 133/133/133 131/131/131 
f 131/131/131 133/133/133 132/132/132 
f 132/132/132 133/133/133 136/136/136 
f 125/125/125 132/132/132 135/135/135 
f 125/125/125 135/135/135 128/128/128 
f 132/132/132 136/136/136 135/135/135 
f 130/130/130 995/995/995 133/133/133 
f 130/130/130 992/992/992 995/995/995 
f 133/133/133 995/995/995 1001/1001/1001 
f 133/133/133 1001/1001/1001 136/136/136 
f 127/127/127 575/575/575 134/134/134 
f 134/134/134 575/575/575 586/586/586 
f 134/134/134 586/586/586 999/999/999 
f 586/586/586 1421/1421/1421 999/999/999 
f 128/128/128 135/135/135 587/587/587 
f 128/128/128 587/587/587 576/576/576 
f 135/135/135 588/588/588 587/587/587 
f 135/135/135 136/136/136 588/588/588 
f 136/136/136 1001/1001/1001 1423/1423/1423 
f 136/136/136 1423/1423/1423 588/588/588 
f 105/105/105 122/122/122 138/138/138 
f 105/105/105 138/138/138 137/137/137 
f 122/122/122 139/139/139 138/138/138 
f 137/137/137 138/138/138 595/595/595 
f 137/137/137 595/595/595 596/596/596 
f 138/138/138 597/597/597 595/595/595 
f 138/138/138 139/139/139 597/597/597 
f 139/139/139 576/576/576 597/597/597 
f 68/68/68 200/200/200 170/170/170 
f 68/68/68 170/170/170 174/174/174 
f 68/68/68 183/183/183 184/184/184 
f 68/68/68 174/174/174 181/181/181 
f 68/68/68 181/181/181 182/182/182 
f 68/68/68 182/182/182 183/183/183 
f 68/68/68 177/177/177 176/176/176 
f 77/77/77 176/176/176 208/208/208 
f 68/68/68 186/186/186 177/177/177 
f 68/68/68 187/187/187 186/186/186 
f 68/68/68 184/184/184 187/187/187 
f 73/73/73 190/190/190 191/191/191 
f 70/70/70 193/193/193 192/192/192 
f 70/70/70 192/192/192 190/190/190 
f 71/71/71 194/194/194 193/193/193 
f 71/71/71 199/199/199 194/194/194 
f 71/71/71 198/198/198 199/199/199 
f 71/71/71 287/287/287 959/959/959 
f 71/71/71 648/648/648 198/198/198 
f 73/73/73 191/191/191 200/200/200 
f 50/50/50 141/141/141 140/140/140 
f 96/96/96 140/140/140 141/141/141 
f 50/50/50 140/140/140 142/142/142 
f 49/49/49 50/50/50 142/142/142 
f 96/96/96 142/142/142 140/140/140 
f 49/49/49 143/143/143 145/145/145 
f 49/49/49 142/142/142 143/143/143 
f 142/142/142 147/147/147 143/143/143 
f 49/49/49 145/145/145 146/146/146 
f 143/143/143 144/144/144 146/146/146 
f 143/143/143 146/146/146 145/145/145 
f 143/143/143 147/147/147 144/144/144 
f 53/53/53 144/144/144 147/147/147 
f 142/142/142 148/148/148 147/147/147 
f 96/96/96 149/149/149 142/142/142 
f 96/96/96 152/152/152 149/149/149 
f 142/142/142 149/149/149 150/150/150 
f 150/150/150 152/152/152 151/151/151 
f 150/150/150 151/151/151 153/153/153 
f 149/149/149 152/152/152 150/150/150 
f 151/151/151 154/154/154 153/153/153 
f 100/100/100 153/153/153 154/154/154 
f 142/142/142 155/155/155 148/148/148 
f 142/142/142 150/150/150 155/155/155 
f 148/148/148 155/155/155 156/156/156 
f 148/148/148 156/156/156 157/157/157 
f 150/150/150 156/156/156 155/155/155 
f 150/150/150 157/157/157 156/156/156 
f 150/150/150 158/158/158 157/157/157 
f 147/147/147 148/148/148 159/159/159 
f 148/148/148 161/161/161 159/159/159 
f 159/159/159 161/161/161 160/160/160 
f 159/159/159 160/160/160 195/195/195 
f 148/148/148 157/157/157 161/161/161 
f 157/157/157 158/158/158 161/161/161 
f 158/158/158 162/162/162 161/161/161 
f 161/161/161 162/162/162 163/163/163 
f 160/160/160 161/161/161 163/163/163 
f 162/162/162 169/169/169 163/163/163 
f 163/163/163 169/169/169 189/189/189 
f 150/150/150 153/153/153 166/166/166 
f 100/100/100 164/164/164 153/153/153 
f 100/100/100 108/108/108 164/164/164 
f 153/153/153 164/164/164 166/166/166 
f 150/150/150 166/166/166 165/165/165 
f 150/150/150 165/165/165 158/158/158 
f 165/165/165 166/166/166 175/175/175 
f 164/164/164 168/168/168 166/166/166 
f 164/164/164 167/167/167 168/168/168 
f 166/166/166 168/168/168 175/175/175 
f 168/168/168 208/208/208 176/176/176 
f 117/117/117 167/167/167 164/164/164 
f 117/117/117 209/209/209 167/167/167 
f 158/158/158 171/171/171 162/162/162 
f 158/158/158 165/165/165 171/171/171 
f 162/162/162 172/172/172 169/169/169 
f 169/169/169 200/200/200 189/189/189 
f 169/169/169 170/170/170 200/200/200 
f 169/169/169 174/174/174 170/170/170 
f 162/162/162 171/171/171 172/172/172 
f 165/165/165 172/172/172 171/171/171 
f 165/165/165 173/173/173 172/172/172 
f 169/169/169 172/172/172 173/173/173 
f 165/165/165 178/178/178 173/173/173 
f 165/165/165 175/175/175 185/185/185 
f 169/169/169 173/173/173 178/178/178 
f 165/165/165 185/185/185 178/178/178 
f 169/169/169 180/180/180 174/174/174 
f 169/169/169 178/178/178 180/180/180 
f 174/174/174 180/180/180 181/181/181 
f 175/175/175 176/176/176 177/177/177 
f 168/168/168 176/176/176 175/175/175 
f 175/175/175 177/177/177 185/185/185 
f 177/177/177 186/186/186 185/185/185 
f 178/178/178 179/179/179 180/180/180 
f 178/178/178 185/185/185 179/179/179 
f 179/179/179 184/184/184 180/180/180 
f 179/179/179 185/185/185 184/184/184 
f 180/180/180 182/182/182 181/181/181 
f 180/180/180 183/183/183 182/182/182 
f 180/180/180 184/184/184 183/183/183 
f 185/185/185 186/186/186 187/187/187 
f 184/184/184 185/185/185 187/187/187 
f 160/160/160 196/196/196 195/195/195 
f 160/160/160 188/188/188 196/196/196 
f 188/188/188 197/197/197 196/196/196 
f 160/160/160 163/163/163 188/188/188 
f 163/163/163 189/189/189 188/188/188 
f 188/188/188 189/189/189 192/192/192 
f 189/189/189 191/191/191 190/190/190 
f 189/189/189 200/200/200 191/191/191 
f 189/189/189 190/190/190 192/192/192 
f 188/188/188 192/192/192 193/193/193 
f 188/188/188 193/193/193 197/197/197 
f 193/193/193 194/194/194 197/197/197 
f 194/194/194 199/199/199 197/197/197 
f 195/195/195 196/196/196 646/646/646 
f 196/196/196 197/197/197 647/647/647 
f 195/195/195 646/646/646 521/521/521 
f 196/196/196 647/647/647 646/646/646 
f 197/197/197 199/199/199 198/198/198 
f 197/197/197 198/198/198 647/647/647 
f 198/198/198 648/648/648 647/647/647 
f 77/77/77 203/203/203 202/202/202 
f 76/76/76 202/202/202 205/205/205 
f 80/80/80 205/205/205 206/206/206 
f 80/80/80 206/206/206 207/207/207 
f 77/77/77 208/208/208 203/203/203 
f 80/80/80 207/207/207 211/211/211 
f 80/80/80 211/211/211 212/212/212 
f 80/80/80 212/212/212 214/214/214 
f 80/80/80 214/214/214 215/215/215 
f 80/80/80 215/215/215 679/679/679 
f 80/80/80 698/698/698 975/975/975 
f 167/167/167 201/201/201 168/168/168 
f 167/167/167 204/204/204 201/201/201 
f 168/168/168 201/201/201 203/203/203 
f 168/168/168 203/203/203 208/208/208 
f 201/201/201 202/202/202 203/203/203 
f 202/202/202 204/204/204 205/205/205 
f 201/201/201 204/204/204 202/202/202 
f 167/167/167 209/209/209 204/204/204 
f 204/204/204 209/209/209 210/210/210 
f 204/204/204 206/206/206 205/205/205 
f 204/204/204 207/207/207 206/206/206 
f 204/204/204 210/210/210 207/207/207 
f 210/210/210 213/213/213 211/211/211 
f 207/207/207 210/210/210 211/211/211 
f 209/209/209 598/598/598 210/210/210 
f 210/210/210 598/598/598 670/670/670 
f 210/210/210 670/670/670 213/213/213 
f 213/213/213 670/670/670 678/678/678 
f 211/211/211 213/213/213 212/212/212 
f 212/212/212 213/213/213 214/214/214 
f 213/213/213 215/215/215 214/214/214 
f 213/213/213 678/678/678 215/215/215 
f 215/215/215 678/678/678 679/679/679 
f 216/216/216 223/223/223 222/222/222 
f 216/216/216 217/217/217 223/223/223 
f 217/217/217 220/220/220 224/224/224 
f 217/217/217 224/224/224 223/223/223 
f 216/216/216 218/218/218 217/217/217 
f 217/217/217 218/218/218 219/219/219 
f 217/217/217 219/219/219 220/220/220 
f 219/219/219 228/228/228 220/220/220 
f 220/220/220 225/225/225 224/224/224 
f 220/220/220 228/228/228 221/221/221 
f 221/221/221 228/228/228 230/230/230 
f 221/221/221 230/230/230 239/239/239 
f 220/220/220 221/221/221 225/225/225 
f 221/221/221 240/240/240 225/225/225 
f 221/221/221 239/239/239 240/240/240 
f 222/222/222 223/223/223 701/701/701 
f 223/223/223 224/224/224 702/702/702 
f 222/222/222 701/701/701 700/700/700 
f 223/223/223 702/702/702 701/701/701 
f 224/224/224 225/225/225 703/703/703 
f 224/224/224 703/703/703 702/702/702 
f 225/225/225 726/726/726 703/703/703 
f 218/218/218 226/226/226 219/219/219 
f 219/219/219 226/226/226 227/227/227 
f 219/219/219 227/227/227 228/228/228 
f 227/227/227 229/229/229 228/228/228 
f 226/226/226 235/235/235 227/227/227 
f 227/227/227 236/236/236 229/229/229 
f 227/227/227 235/235/235 236/236/236 
f 229/229/229 237/237/237 232/232/232 
f 229/229/229 236/236/236 237/237/237 
f 232/232/232 237/237/237 238/238/238 
f 228/228/228 229/229/229 230/230/230 
f 229/229/229 232/232/232 230/230/230 
f 230/230/230 232/232/232 231/231/231 
f 230/230/230 231/231/231 239/239/239 
f 231/231/231 232/232/232 233/233/233 
f 231/231/231 233/233/233 242/242/242 
f 233/233/233 234/234/234 242/242/242 
f 232/232/232 238/238/238 233/233/233 
f 233/233/233 238/238/238 248/248/248 
f 233/233/233 248/248/248 234/234/234 
f 235/235/235 712/712/712 236/236/236 
f 236/236/236 713/713/713 237/237/237 
f 237/237/237 714/714/714 238/238/238 
f 236/236/236 712/712/712 713/713/713 
f 237/237/237 713/713/713 714/714/714 
f 238/238/238 714/714/714 715/715/715 
f 238/238/238 715/715/715 248/248/248 
f 239/239/239 245/245/245 240/240/240 
f 225/225/225 240/240/240 726/726/726 
f 240/240/240 245/245/245 727/727/727 
f 240/240/240 727/727/727 726/726/726 
f 231/231/231 241/241/241 239/239/239 
f 231/231/231 242/242/242 241/241/241 
f 239/239/239 241/241/241 245/245/245 
f 241/241/241 246/246/246 245/245/245 
f 241/241/241 243/243/243 246/246/246 
f 241/241/241 242/242/242 243/243/243 
f 234/234/234 244/244/244 242/242/242 
f 242/242/242 244/244/244 243/243/243 
f 243/243/243 244/244/244 255/255/255 
f 243/243/243 247/247/247 246/246/246 
f 243/243/243 255/255/255 247/247/247 
f 245/245/245 246/246/246 730/730/730 
f 245/245/245 730/730/730 727/727/727 
f 246/246/246 731/731/731 730/730/730 
f 246/246/246 247/247/247 731/731/731 
f 247/247/247 752/752/752 731/731/731 
f 234/234/234 249/249/249 251/251/251 
f 234/234/234 248/248/248 249/249/249 
f 249/249/249 250/250/250 251/251/251 
f 248/248/248 744/744/744 249/249/249 
f 249/249/249 745/745/745 250/250/250 
f 248/248/248 715/715/715 744/744/744 
f 249/249/249 744/744/744 745/745/745 
f 250/250/250 745/745/745 746/746/746 
f 234/234/234 251/251/251 244/244/244 
f 251/251/251 253/253/253 252/252/252 
f 244/244/244 251/251/251 252/252/252 
f 244/244/244 252/252/252 255/255/255 
f 252/252/252 253/253/253 257/257/257 
f 250/250/250 253/253/253 251/251/251 
f 253/253/253 254/254/254 257/257/257 
f 253/253/253 259/259/259 254/254/254 
f 250/250/250 259/259/259 253/253/253 
f 254/254/254 259/259/259 272/272/272 
f 252/252/252 256/256/256 255/255/255 
f 252/252/252 257/257/257 256/256/256 
f 255/255/255 256/256/256 260/260/260 
f 247/247/247 255/255/255 260/260/260 
f 256/256/256 257/257/257 258/258/258 
f 254/254/254 265/265/265 257/257/257 
f 257/257/257 265/265/265 258/258/258 
f 256/256/256 258/258/258 261/261/261 
f 256/256/256 261/261/261 260/260/260 
f 250/250/250 746/746/746 259/259/259 
f 259/259/259 751/751/751 272/272/272 
f 259/259/259 746/746/746 751/751/751 
f 272/272/272 751/751/751 762/762/762 
f 247/247/247 260/260/260 752/752/752 
f 260/260/260 786/786/786 752/752/752 
f 260/260/260 261/261/261 786/786/786 
f 254/254/254 262/262/262 265/265/265 
f 254/254/254 272/272/272 262/262/262 
f 262/262/262 272/272/272 273/273/273 
f 262/262/262 273/273/273 268/268/268 
f 263/263/263 264/264/264 318/318/318 
f 268/268/268 273/273/273 275/275/275 
f 264/264/264 274/274/274 318/318/318 
f 263/263/263 268/268/268 275/275/275 
f 263/263/263 275/275/275 264/264/264 
f 264/264/264 275/275/275 278/278/278 
f 264/264/264 278/278/278 274/274/274 
f 262/262/262 267/267/267 265/265/265 
f 262/262/262 268/268/268 267/267/267 
f 258/258/258 265/265/265 266/266/266 
f 265/265/265 267/267/267 266/266/266 
f 258/258/258 266/266/266 282/282/282 
f 258/258/258 282/282/282 261/261/261 
f 267/267/267 268/268/268 270/270/270 
f 268/268/268 326/326/326 270/270/270 
f 263/263/263 269/269/269 268/268/268 
f 268/268/268 325/325/325 326/326/326 
f 268/268/268 323/323/323 325/325/325 
f 268/268/268 269/269/269 323/323/323 
f 266/266/266 267/267/267 271/271/271 
f 267/267/267 270/270/270 271/271/271 
f 271/271/271 329/329/329 279/279/279 
f 272/272/272 762/762/762 273/273/273 
f 273/273/273 762/762/762 763/763/763 
f 274/274/274 764/764/764 315/315/315 
f 274/274/274 277/277/277 764/764/764 
f 275/275/275 276/276/276 278/278/278 
f 273/273/273 763/763/763 275/275/275 
f 275/275/275 277/277/277 276/276/276 
f 275/275/275 763/763/763 277/277/277 
f 274/274/274 278/278/278 276/276/276 
f 274/274/274 276/276/276 277/277/277 
f 315/315/315 764/764/764 750/750/750 
f 277/277/277 763/763/763 765/765/765 
f 277/277/277 765/765/765 764/764/764 
f 261/261/261 787/787/787 786/786/786 
f 266/266/266 271/271/271 281/281/281 
f 271/271/271 279/279/279 280/280/280 
f 279/279/279 377/377/377 280/280/280 
f 266/266/266 281/281/281 282/282/282 
f 281/281/281 283/283/283 282/282/282 
f 271/271/271 280/280/280 281/281/281 
f 280/280/280 377/377/377 285/285/285 
f 285/285/285 377/377/377 379/379/379 
f 280/280/280 285/285/285 281/281/281 
f 281/281/281 285/285/285 283/283/283 
f 285/285/285 379/379/379 388/388/388 
f 261/261/261 282/282/282 787/787/787 
f 282/282/282 286/286/286 787/787/787 
f 282/282/282 283/283/283 284/284/284 
f 282/282/282 284/284/284 286/286/286 
f 283/283/283 285/285/285 284/284/284 
f 284/284/284 285/285/285 790/790/790 
f 284/284/284 790/790/790 286/286/286 
f 286/286/286 788/788/788 787/787/787 
f 286/286/286 790/790/790 788/788/788 
f 285/285/285 792/792/792 790/790/790 
f 285/285/285 388/388/388 792/792/792 
f 71/71/71 289/289/289 287/287/287 
f 289/289/289 72/72/72 288/288/288 
f 289/289/289 288/288/288 290/290/290 
f 289/289/289 290/290/290 292/292/292 
f 289/289/289 292/292/292 294/294/294 
f 289/289/289 293/293/293 291/291/291 
f 289/289/289 298/298/298 293/293/293 
f 289/289/289 294/294/294 298/298/298 
f 293/293/293 298/298/298 295/295/295 
f 298/298/298 294/294/294 296/296/296 
f 298/298/298 296/296/296 297/297/297 
f 289/289/289 291/291/291 305/305/305 
f 291/291/291 293/293/293 309/309/309 
f 293/293/293 295/295/295 361/361/361 
f 295/295/295 298/298/298 364/364/364 
f 298/298/298 297/297/297 299/299/299 
f 298/298/298 299/299/299 301/301/301 
f 298/298/298 302/302/302 300/300/300 
f 298/298/298 301/301/301 1198/1198/1198 
f 298/298/298 1198/1198/1198 302/302/302 
f 298/298/298 300/300/300 367/367/367 
f 300/300/300 302/302/302 370/370/370 
f 289/289/289 306/306/306 303/303/303 
f 289/289/289 303/303/303 304/304/304 
f 289/289/289 304/304/304 312/312/312 
f 289/289/289 312/312/312 313/313/313 
f 289/289/289 305/305/305 306/306/306 
f 291/291/291 309/309/309 305/305/305 
f 293/293/293 310/310/310 309/309/309 
f 287/287/287 289/289/289 961/961/961 
f 289/289/289 313/313/313 800/800/800 
f 293/293/293 316/316/316 310/310/310 
f 293/293/293 342/342/342 316/316/316 
f 293/293/293 341/341/341 342/342/342 
f 293/293/293 344/344/344 341/341/341 
f 293/293/293 357/357/357 344/344/344 
f 293/293/293 358/358/358 357/357/357 
f 293/293/293 361/361/361 358/358/358 
f 295/295/295 349/349/349 350/350/350 
f 295/295/295 364/364/364 349/349/349 
f 295/295/295 350/350/350 362/362/362 
f 295/295/295 362/362/362 361/361/361 
f 304/304/304 311/311/311 312/312/312 
f 303/303/303 311/311/311 304/304/304 
f 306/306/306 307/307/307 314/314/314 
f 303/303/303 314/314/314 311/311/311 
f 307/307/307 317/317/317 315/315/315 
f 307/307/307 315/315/315 314/314/314 
f 305/305/305 307/307/307 306/306/306 
f 305/305/305 309/309/309 307/307/307 
f 307/307/307 308/308/308 317/317/317 
f 308/308/308 319/319/319 317/317/317 
f 307/307/307 309/309/309 308/308/308 
f 308/308/308 310/310/310 319/319/319 
f 308/308/308 309/309/309 310/310/310 
f 310/310/310 316/316/316 319/319/319 
f 303/303/303 306/306/306 314/314/314 
f 311/311/311 313/313/313 312/312/312 
f 311/311/311 799/799/799 313/313/313 
f 313/313/313 799/799/799 800/800/800 
f 311/311/311 314/314/314 802/802/802 
f 314/314/314 315/315/315 750/750/750 
f 311/311/311 802/802/802 799/799/799 
f 314/314/314 750/750/750 802/802/802 
f 317/317/317 319/319/319 318/318/318 
f 318/318/318 319/319/319 320/320/320 
f 318/318/318 320/320/320 324/324/324 
f 269/269/269 318/318/318 324/324/324 
f 263/263/263 318/318/318 269/269/269 
f 320/320/320 327/327/327 324/324/324 
f 274/274/274 317/317/317 318/318/318 
f 274/274/274 315/315/315 317/317/317 
f 316/316/316 342/342/342 319/319/319 
f 319/319/319 343/343/343 320/320/320 
f 320/320/320 321/321/321 327/327/327 
f 320/320/320 343/343/343 321/321/321 
f 321/321/321 334/334/334 327/327/327 
f 324/324/324 327/327/327 325/325/325 
f 325/325/325 327/327/327 326/326/326 
f 270/270/270 326/326/326 322/322/322 
f 270/270/270 322/322/322 330/330/330 
f 323/323/323 324/324/324 325/325/325 
f 269/269/269 324/324/324 323/323/323 
f 322/322/322 326/326/326 327/327/327 
f 322/322/322 327/327/327 330/330/330 
f 270/270/270 330/330/330 328/328/328 
f 270/270/270 328/328/328 271/271/271 
f 271/271/271 328/328/328 329/329/329 
f 328/328/328 377/377/377 329/329/329 
f 328/328/328 330/330/330 377/377/377 
f 330/330/330 378/378/378 377/377/377 
f 327/327/327 332/332/332 331/331/331 
f 327/327/327 333/333/333 332/332/332 
f 327/327/327 331/331/331 330/330/330 
f 330/330/330 331/331/331 336/336/336 
f 327/327/327 334/334/334 333/333/333 
f 331/331/331 332/332/332 336/336/336 
f 330/330/330 335/335/335 378/378/378 
f 330/330/330 340/340/340 335/335/335 
f 335/335/335 337/337/337 378/378/378 
f 330/330/330 336/336/336 340/340/340 
f 337/337/337 338/338/338 378/378/378 
f 335/335/335 339/339/339 338/338/338 
f 335/335/335 338/338/338 337/337/337 
f 335/335/335 340/340/340 339/339/339 
f 339/339/339 340/340/340 381/381/381 
f 319/319/319 342/342/342 343/343/343 
f 341/341/341 343/343/343 342/342/342 
f 341/341/341 344/344/344 343/343/343 
f 321/321/321 345/345/345 334/334/334 
f 334/334/334 345/345/345 351/351/351 
f 346/346/346 348/348/348 351/351/351 
f 343/343/343 344/344/344 356/356/356 
f 344/344/344 357/357/357 356/356/356 
f 321/321/321 343/343/343 356/356/356 
f 321/321/321 359/359/359 347/347/347 
f 321/321/321 346/346/346 345/345/345 
f 321/321/321 347/347/347 346/346/346 
f 345/345/345 346/346/346 351/351/351 
f 347/347/347 363/363/363 348/348/348 
f 346/346/346 347/347/347 348/348/348 
f 321/321/321 356/356/356 359/359/359 
f 347/347/347 359/359/359 363/363/363 
f 348/348/348 350/350/350 349/349/349 
f 348/348/348 349/349/349 364/364/364 
f 348/348/348 364/364/364 366/366/366 
f 348/348/348 363/363/363 350/350/350 
f 350/350/350 363/363/363 362/362/362 
f 332/332/332 333/333/333 352/352/352 
f 333/333/333 351/351/351 352/352/352 
f 332/332/332 352/352/352 336/336/336 
f 333/333/333 334/334/334 351/351/351 
f 351/351/351 354/354/354 352/352/352 
f 336/336/336 353/353/353 340/340/340 
f 336/336/336 352/352/352 353/353/353 
f 348/348/348 354/354/354 351/351/351 
f 352/352/352 354/354/354 355/355/355 
f 348/348/348 366/366/366 354/354/354 
f 352/352/352 355/355/355 353/353/353 
f 353/353/353 355/355/355 371/371/371 
f 356/356/356 357/357/357 358/358/358 
f 356/356/356 358/358/358 361/361/361 
f 356/356/356 360/360/360 359/359/359 
f 359/359/359 360/360/360 363/363/363 
f 356/356/356 361/361/361 360/360/360 
f 360/360/360 361/361/361 363/363/363 
f 361/361/361 362/362/362 363/363/363 
f 298/298/298 365/365/365 364/364/364 
f 298/298/298 367/367/367 365/365/365 
f 300/300/300 369/369/369 367/367/367 
f 300/300/300 370/370/370 369/369/369 
f 302/302/302 373/373/373 370/370/370 
f 302/302/302 375/375/375 373/373/373 
f 302/302/302 376/376/376 375/375/375 
f 302/302/302 872/872/872 376/376/376 
f 302/302/302 1196/1196/1196 1861/1861/1861 
f 364/364/364 365/365/365 366/366/366 
f 365/365/365 367/367/367 366/366/366 
f 354/354/354 368/368/368 355/355/355 
f 354/354/354 366/366/366 368/368/368 
f 366/366/366 367/367/367 369/369/369 
f 366/366/366 369/369/369 368/368/368 
f 355/355/355 372/372/372 371/371/371 
f 355/355/355 368/368/368 372/372/372 
f 368/368/368 369/369/369 370/370/370 
f 368/368/368 370/370/370 374/374/374 
f 370/370/370 373/373/373 374/374/374 
f 368/368/368 374/374/374 372/372/372 
f 371/371/371 372/372/372 863/863/863 
f 371/371/371 863/863/863 927/927/927 
f 372/372/372 374/374/374 874/874/874 
f 372/372/372 874/874/874 863/863/863 
f 373/373/373 375/375/375 374/374/374 
f 374/374/374 375/375/375 376/376/376 
f 374/374/374 376/376/376 874/874/874 
f 376/376/376 872/872/872 874/874/874 
f 377/377/377 378/378/378 379/379/379 
f 279/279/279 329/329/329 377/377/377 
f 378/378/378 380/380/380 379/379/379 
f 379/379/379 380/380/380 384/384/384 
f 379/379/379 384/384/384 388/388/388 
f 338/338/338 380/380/380 378/378/378 
f 338/338/338 382/382/382 380/380/380 
f 338/338/338 339/339/339 382/382/382 
f 339/339/339 381/381/381 382/382/382 
f 380/380/380 383/383/383 384/384/384 
f 380/380/380 382/382/382 383/383/383 
f 382/382/382 390/390/390 383/383/383 
f 383/383/383 390/390/390 385/385/385 
f 384/384/384 389/389/389 388/388/388 
f 384/384/384 386/386/386 389/389/389 
f 386/386/386 406/406/406 389/389/389 
f 383/383/383 386/386/386 384/384/384 
f 383/383/383 385/385/385 386/386/386 
f 385/385/385 387/387/387 386/386/386 
f 385/385/385 393/393/393 387/387/387 
f 386/386/386 387/387/387 406/406/406 
f 388/388/388 389/389/389 881/881/881 
f 388/388/388 881/881/881 792/792/792 
f 389/389/389 910/910/910 881/881/881 
f 340/340/340 391/391/391 381/381/381 
f 381/381/381 391/391/391 382/382/382 
f 340/340/340 403/403/403 391/391/391 
f 382/382/382 391/391/391 396/396/396 
f 382/382/382 398/398/398 390/390/390 
f 382/382/382 396/396/396 398/398/398 
f 340/340/340 353/353/353 403/403/403 
f 391/391/391 403/403/403 396/396/396 
f 390/390/390 400/400/400 392/392/392 
f 390/390/390 398/398/398 400/400/400 
f 392/392/392 400/400/400 404/404/404 
f 353/353/353 371/371/371 403/403/403 
f 385/385/385 390/390/390 392/392/392 
f 385/385/385 392/392/392 393/393/393 
f 392/392/392 394/394/394 393/393/393 
f 393/393/393 394/394/394 409/409/409 
f 392/392/392 404/404/404 394/394/394 
f 394/394/394 395/395/395 409/409/409 
f 394/394/394 405/405/405 395/395/395 
f 394/394/394 404/404/404 405/405/405 
f 395/395/395 414/414/414 417/417/417 
f 395/395/395 405/405/405 414/414/414 
f 396/396/396 397/397/397 398/398/398 
f 396/396/396 403/403/403 397/397/397 
f 397/397/397 403/403/403 399/399/399 
f 398/398/398 399/399/399 400/400/400 
f 397/397/397 399/399/399 398/398/398 
f 399/399/399 403/403/403 401/401/401 
f 399/399/399 401/401/401 400/400/400 
f 400/400/400 401/401/401 402/402/402 
f 401/401/401 894/894/894 402/402/402 
f 402/402/402 894/894/894 891/891/891 
f 402/402/402 891/891/891 895/895/895 
f 400/400/400 402/402/402 895/895/895 
f 371/371/371 927/927/927 403/403/403 
f 400/400/400 895/895/895 404/404/404 
f 401/401/401 403/403/403 894/894/894 
f 403/403/403 927/927/927 894/894/894 
f 404/404/404 895/895/895 896/896/896 
f 404/404/404 896/896/896 405/405/405 
f 405/405/405 897/897/897 414/414/414 
f 405/405/405 896/896/896 897/897/897 
f 387/387/387 408/408/408 407/407/407 
f 387/387/387 407/407/407 406/406/406 
f 389/389/389 406/406/406 910/910/910 
f 406/406/406 407/407/407 911/911/911 
f 406/406/406 911/911/911 910/910/910 
f 387/387/387 393/393/393 408/408/408 
f 393/393/393 409/409/409 408/408/408 
f 408/408/408 409/409/409 411/411/411 
f 407/407/407 408/408/408 412/412/412 
f 408/408/408 411/411/411 412/412/412 
f 395/395/395 410/410/410 409/409/409 
f 409/409/409 410/410/410 411/411/411 
f 395/395/395 417/417/417 410/410/410 
f 410/410/410 422/422/422 411/411/411 
f 411/411/411 413/413/413 412/412/412 
f 411/411/411 422/422/422 413/413/413 
f 407/407/407 412/412/412 914/914/914 
f 407/407/407 914/914/914 911/911/911 
f 412/412/412 915/915/915 914/914/914 
f 412/412/412 413/413/413 915/915/915 
f 413/413/413 935/935/935 915/915/915 
f 414/414/414 415/415/415 417/417/417 
f 415/415/415 416/416/416 418/418/418 
f 414/414/414 928/928/928 415/415/415 
f 415/415/415 929/929/929 416/416/416 
f 414/414/414 897/897/897 928/928/928 
f 415/415/415 928/928/928 929/929/929 
f 416/416/416 930/930/930 425/425/425 
f 416/416/416 929/929/929 930/930/930 
f 410/410/410 417/417/417 419/419/419 
f 417/417/417 418/418/418 419/419/419 
f 410/410/410 419/419/419 422/422/422 
f 419/419/419 423/423/423 422/422/422 
f 418/418/418 421/421/421 419/419/419 
f 419/419/419 421/421/421 423/423/423 
f 415/415/415 418/418/418 417/417/417 
f 418/418/418 420/420/420 421/421/421 
f 420/420/420 428/428/428 421/421/421 
f 416/416/416 420/420/420 418/418/418 
f 420/420/420 425/425/425 429/429/429 
f 416/416/416 425/425/425 420/420/420 
f 413/413/413 422/422/422 426/426/426 
f 422/422/422 423/423/423 426/426/426 
f 421/421/421 424/424/424 423/423/423 
f 421/421/421 428/428/428 424/424/424 
f 423/423/423 424/424/424 427/427/427 
f 423/423/423 427/427/427 426/426/426 
f 425/425/425 930/930/930 934/934/934 
f 413/413/413 426/426/426 935/935/935 
f 426/426/426 936/936/936 935/935/935 
f 426/426/426 427/427/427 936/936/936 
f 420/420/420 429/429/429 428/428/428 
f 428/428/428 429/429/429 432/432/432 
f 429/429/429 430/430/430 432/432/432 
f 425/425/425 433/433/433 429/429/429 
f 429/429/429 433/433/433 430/430/430 
f 430/430/430 1293/1293/1293 432/432/432 
f 430/430/430 1289/1289/1289 1293/1293/1293 
f 430/430/430 433/433/433 434/434/434 
f 434/434/434 1297/1297/1297 1289/1289/1289 
f 430/430/430 434/434/434 1289/1289/1289 
f 424/424/424 428/428/428 431/431/431 
f 428/428/428 432/432/432 431/431/431 
f 424/424/424 435/435/435 427/427/427 
f 424/424/424 431/431/431 435/435/435 
f 431/431/431 432/432/432 1295/1295/1295 
f 432/432/432 1293/1293/1293 1295/1295/1295 
f 431/431/431 1300/1300/1300 435/435/435 
f 431/431/431 1295/1295/1295 1300/1300/1300 
f 425/425/425 934/934/934 433/433/433 
f 433/433/433 946/946/946 434/434/434 
f 433/433/433 934/934/934 946/946/946 
f 434/434/434 947/947/947 1297/1297/1297 
f 434/434/434 946/946/946 947/947/947 
f 947/947/947 1781/1781/1781 1297/1297/1297 
f 427/427/427 435/435/435 948/948/948 
f 427/427/427 948/948/948 936/936/936 
f 435/435/435 1300/1300/1300 1784/1784/1784 
f 435/435/435 1784/1784/1784 948/948/948 
f 436/436/436 491/491/491 438/438/438 
f 437/437/437 444/444/444 539/539/539 
f 438/438/438 443/443/443 441/441/441 
f 438/438/438 491/491/491 443/443/443 
f 437/437/437 439/439/439 444/444/444 
f 438/438/438 441/441/441 440/440/440 
f 439/439/439 440/440/440 441/441/441 
f 439/439/439 441/441/441 442/442/442 
f 439/439/439 442/442/442 444/444/444 
f 441/441/441 443/443/443 442/442/442 
f 442/442/442 443/443/443 445/445/445 
f 442/442/442 445/445/445 444/444/444 
f 444/444/444 543/543/543 539/539/539 
f 443/443/443 446/446/446 445/445/445 
f 443/443/443 503/503/503 446/446/446 
f 444/444/444 445/445/445 446/446/446 
f 444/444/444 446/446/446 447/447/447 
f 444/444/444 544/544/544 543/543/543 
f 444/444/444 447/447/447 544/544/544 
f 446/446/446 504/504/504 447/447/447 
f 446/446/446 503/503/503 504/504/504 
f 447/447/447 504/504/504 448/448/448 
f 447/447/447 448/448/448 544/544/544 
f 449/449/449 450/450/450 451/451/451 
f 449/449/449 451/451/451 456/456/456 
f 450/450/450 462/462/462 451/451/451 
f 451/451/451 465/465/465 456/456/456 
f 452/452/452 454/454/454 453/453/453 
f 453/453/453 455/455/455 486/486/486 
f 453/453/453 454/454/454 455/455/455 
f 449/449/449 456/456/456 452/452/452 
f 452/452/452 456/456/456 454/454/454 
f 454/454/454 458/458/458 455/455/455 
f 455/455/455 458/458/458 489/489/489 
f 454/454/454 456/456/456 457/457/457 
f 454/454/454 457/457/457 458/458/458 
f 456/456/456 465/465/465 457/457/457 
f 457/457/457 465/465/465 483/483/483 
f 457/457/457 483/483/483 481/481/481 
f 458/458/458 481/481/481 480/480/480 
f 458/458/458 480/480/480 489/489/489 
f 457/457/457 481/481/481 458/458/458 
f 473/473/473 480/480/480 481/481/481 
f 450/450/450 459/459/459 462/462/462 
f 459/459/459 460/460/460 463/463/463 
f 459/459/459 463/463/463 462/462/462 
f 460/460/460 461/461/461 467/467/467 
f 461/461/461 700/700/700 704/704/704 
f 460/460/460 467/467/467 463/463/463 
f 461/461/461 704/704/704 467/467/467 
f 462/462/462 463/463/463 466/466/466 
f 451/451/451 462/462/462 464/464/464 
f 451/451/451 464/464/464 465/465/465 
f 462/462/462 466/466/466 464/464/464 
f 464/464/464 484/484/484 465/465/465 
f 464/464/464 485/485/485 484/484/484 
f 464/464/464 466/466/466 485/485/485 
f 463/463/463 467/467/467 468/468/468 
f 463/463/463 468/468/468 466/466/466 
f 467/467/467 704/704/704 706/706/706 
f 467/467/467 706/706/706 468/468/468 
f 466/466/466 468/468/468 482/482/482 
f 466/466/466 482/482/482 485/485/485 
f 468/468/468 706/706/706 737/737/737 
f 468/468/468 737/737/737 482/482/482 
f 469/469/469 520/520/520 472/472/472 
f 469/469/469 472/472/472 470/470/470 
f 470/470/470 478/478/478 471/471/471 
f 471/471/471 479/479/479 712/712/712 
f 470/470/470 472/472/472 478/478/478 
f 471/471/471 478/478/478 479/479/479 
f 479/479/479 719/719/719 712/712/712 
f 465/465/465 484/484/484 483/483/483 
f 476/476/476 484/484/484 485/485/485 
f 475/475/475 483/483/483 484/484/484 
f 475/475/475 484/484/484 476/476/476 
f 473/473/473 474/474/474 520/520/520 
f 472/472/472 474/474/474 475/475/475 
f 472/472/472 520/520/520 474/474/474 
f 474/474/474 481/481/481 483/483/483 
f 474/474/474 483/483/483 475/475/475 
f 473/473/473 481/481/481 474/474/474 
f 476/476/476 477/477/477 479/479/479 
f 477/477/477 716/716/716 719/719/719 
f 477/477/477 485/485/485 482/482/482 
f 476/476/476 485/485/485 477/477/477 
f 477/477/477 482/482/482 716/716/716 
f 482/482/482 737/737/737 716/716/716 
f 472/472/472 475/475/475 478/478/478 
f 476/476/476 479/479/479 478/478/478 
f 475/475/475 476/476/476 478/478/478 
f 477/477/477 719/719/719 479/479/479 
f 436/436/436 486/486/486 488/488/488 
f 455/455/455 488/488/488 486/486/486 
f 436/436/436 488/488/488 491/491/491 
f 487/487/487 494/494/494 517/517/517 
f 487/487/487 497/497/497 508/508/508 
f 494/494/494 519/519/519 517/517/517 
f 487/487/487 508/508/508 494/494/494 
f 455/455/455 489/489/489 488/488/488 
f 488/488/488 489/489/489 490/490/490 
f 489/489/489 523/523/523 490/490/490 
f 490/490/490 523/523/523 522/522/522 
f 488/488/488 490/490/490 491/491/491 
f 490/490/490 492/492/492 491/491/491 
f 490/490/490 522/522/522 492/492/492 
f 492/492/492 522/522/522 524/524/524 
f 495/495/495 524/524/524 522/522/522 
f 493/493/493 519/519/519 496/496/496 
f 480/480/480 523/523/523 489/489/489 
f 480/480/480 493/493/493 523/523/523 
f 496/496/496 522/522/522 523/523/523 
f 473/473/473 493/493/493 480/480/480 
f 493/493/493 496/496/496 523/523/523 
f 494/494/494 496/496/496 519/519/519 
f 494/494/494 495/495/495 496/496/496 
f 494/494/494 508/508/508 495/495/495 
f 495/495/495 522/522/522 496/496/496 
f 497/497/497 498/498/498 507/507/507 
f 497/497/497 507/507/507 508/508/508 
f 498/498/498 499/499/499 501/501/501 
f 499/499/499 500/500/500 501/501/501 
f 500/500/500 521/521/521 650/650/650 
f 498/498/498 510/510/510 507/507/507 
f 498/498/498 501/501/501 510/510/510 
f 501/501/501 502/502/502 510/510/510 
f 502/502/502 512/512/512 510/510/510 
f 501/501/501 513/513/513 502/502/502 
f 502/502/502 513/513/513 512/512/512 
f 500/500/500 513/513/513 501/501/501 
f 500/500/500 650/650/650 513/513/513 
f 443/443/443 491/491/491 492/492/492 
f 443/443/443 492/492/492 503/503/503 
f 492/492/492 524/524/524 503/503/503 
f 503/503/503 524/524/524 526/526/526 
f 509/509/509 526/526/526 524/524/524 
f 505/505/505 526/526/526 509/509/509 
f 503/503/503 526/526/526 504/504/504 
f 448/448/448 504/504/504 606/606/606 
f 504/504/504 526/526/526 525/525/525 
f 505/505/505 525/525/525 526/526/526 
f 505/505/505 514/514/514 506/506/506 
f 505/505/505 506/506/506 610/610/610 
f 505/505/505 608/608/608 609/609/609 
f 505/505/505 610/610/610 608/608/608 
f 505/505/505 609/609/609 525/525/525 
f 507/507/507 509/509/509 508/508/508 
f 495/495/495 508/508/508 509/509/509 
f 505/505/505 509/509/509 507/507/507 
f 495/495/495 509/509/509 524/524/524 
f 505/505/505 507/507/507 510/510/510 
f 510/510/510 512/512/512 511/511/511 
f 511/511/511 512/512/512 513/513/513 
f 510/510/510 511/511/511 514/514/514 
f 505/505/505 510/510/510 514/514/514 
f 511/511/511 513/513/513 622/622/622 
f 511/511/511 622/622/622 514/514/514 
f 515/515/515 518/518/518 516/516/516 
f 515/515/515 517/517/517 519/519/519 
f 469/469/469 516/516/516 520/520/520 
f 515/515/515 519/519/519 518/518/518 
f 516/516/516 518/518/518 520/520/520 
f 473/473/473 520/520/520 518/518/518 
f 473/473/473 518/518/518 493/493/493 
f 493/493/493 518/518/518 519/519/519 
f 527/527/527 538/538/538 530/530/530 
f 527/527/527 530/530/530 528/528/528 
f 528/528/528 530/530/530 529/529/529 
f 529/529/529 530/530/530 542/542/542 
f 529/529/529 542/542/542 535/535/535 
f 531/531/531 534/534/534 532/532/532 
f 532/532/532 533/533/533 574/574/574 
f 532/532/532 534/534/534 533/533/533 
f 528/528/528 529/529/529 531/531/531 
f 529/529/529 534/534/534 531/531/531 
f 533/533/533 534/534/534 536/536/536 
f 533/533/533 536/536/536 578/578/578 
f 529/529/529 535/535/535 534/534/534 
f 534/534/534 535/535/535 536/536/536 
f 535/535/535 542/542/542 573/573/573 
f 535/535/535 567/567/567 536/536/536 
f 535/535/535 573/573/573 567/567/567 
f 536/536/536 568/568/568 578/578/578 
f 536/536/536 567/567/567 568/568/568 
f 558/558/558 568/568/568 567/567/567 
f 558/558/558 582/582/582 568/568/568 
f 527/527/527 537/537/537 538/538/538 
f 437/437/437 539/539/539 537/537/537 
f 537/537/537 539/539/539 538/538/538 
f 530/530/530 538/538/538 541/541/541 
f 538/538/538 539/539/539 540/540/540 
f 538/538/538 540/540/540 541/541/541 
f 530/530/530 541/541/541 542/542/542 
f 541/541/541 569/569/569 542/542/542 
f 542/542/542 569/569/569 573/573/573 
f 541/541/541 571/571/571 569/569/569 
f 540/540/540 571/571/571 541/541/541 
f 539/539/539 543/543/543 540/540/540 
f 540/540/540 543/543/543 572/572/572 
f 448/448/448 606/606/606 544/544/544 
f 543/543/543 544/544/544 570/570/570 
f 543/543/543 570/570/570 572/572/572 
f 540/540/540 572/572/572 571/571/571 
f 564/564/564 569/569/569 571/571/571 
f 545/545/545 571/571/571 572/572/572 
f 545/545/545 564/564/564 571/571/571 
f 570/570/570 615/615/615 572/572/572 
f 545/545/545 614/614/614 546/546/546 
f 545/545/545 615/615/615 614/614/614 
f 545/545/545 572/572/572 615/615/615 
f 547/547/547 557/557/557 553/553/553 
f 553/553/553 557/557/557 565/565/565 
f 547/547/547 599/599/599 557/557/557 
f 549/549/549 554/554/554 560/560/560 
f 548/548/548 554/554/554 549/549/549 
f 548/548/548 549/549/549 555/555/555 
f 549/549/549 550/550/550 555/555/555 
f 549/549/549 560/560/560 550/550/550 
f 550/550/550 560/560/560 551/551/551 
f 550/550/550 551/551/551 566/566/566 
f 551/551/551 562/562/562 552/552/552 
f 551/551/551 560/560/560 562/562/562 
f 552/552/552 562/562/562 563/563/563 
f 551/551/551 552/552/552 566/566/566 
f 552/552/552 563/563/563 566/566/566 
f 553/553/553 565/565/565 554/554/554 
f 550/550/550 566/566/566 555/555/555 
f 555/555/555 566/566/566 598/598/598 
f 554/554/554 565/565/565 560/560/560 
f 566/566/566 671/671/671 598/598/598 
f 556/556/556 565/565/565 559/559/559 
f 559/559/559 567/567/567 573/573/573 
f 556/556/556 573/573/573 569/569/569 
f 556/556/556 569/569/569 564/564/564 
f 556/556/556 559/559/559 573/573/573 
f 557/557/557 599/599/599 558/558/558 
f 558/558/558 599/599/599 582/582/582 
f 557/557/557 559/559/559 565/565/565 
f 557/557/557 558/558/558 559/559/559 
f 558/558/558 567/567/567 559/559/559 
f 556/556/556 560/560/560 565/565/565 
f 560/560/560 564/564/564 562/562/562 
f 556/556/556 564/564/564 560/560/560 
f 545/545/545 563/563/563 562/562/562 
f 545/545/545 562/562/562 564/564/564 
f 545/545/545 561/561/561 563/563/563 
f 561/561/561 617/617/617 566/566/566 
f 561/561/561 566/566/566 563/563/563 
f 566/566/566 617/617/617 628/628/628 
f 545/545/545 546/546/546 561/561/561 
f 546/546/546 617/617/617 561/561/561 
f 566/566/566 628/628/628 671/671/671 
f 574/574/574 577/577/577 575/575/575 
f 533/533/533 577/577/577 574/574/574 
f 575/575/575 577/577/577 580/580/580 
f 576/576/576 584/584/584 597/597/597 
f 533/533/533 578/578/578 577/577/577 
f 577/577/577 578/578/578 579/579/579 
f 577/577/577 579/579/579 580/580/580 
f 579/579/579 581/581/581 580/580/580 
f 579/579/579 603/603/603 581/581/581 
f 581/581/581 603/603/603 605/605/605 
f 582/582/582 600/600/600 583/583/583 
f 578/578/578 602/602/602 579/579/579 
f 568/568/568 602/602/602 578/578/578 
f 579/579/579 602/602/602 603/603/603 
f 583/583/583 603/603/603 602/602/602 
f 568/568/568 582/582/582 602/602/602 
f 582/582/582 583/583/583 602/602/602 
f 583/583/583 601/601/601 585/585/585 
f 584/584/584 585/585/585 601/601/601 
f 584/584/584 592/592/592 585/585/585 
f 583/583/583 585/585/585 603/603/603 
f 585/585/585 605/605/605 603/603/603 
f 575/575/575 580/580/580 586/586/586 
f 580/580/580 589/589/589 586/586/586 
f 586/586/586 589/589/589 1421/1421/1421 
f 589/589/589 1426/1426/1426 1421/1421/1421 
f 576/576/576 587/587/587 591/591/591 
f 576/576/576 591/591/591 584/584/584 
f 587/587/587 593/593/593 591/591/591 
f 587/587/587 588/588/588 593/593/593 
f 588/588/588 1423/1423/1423 1430/1430/1430 
f 588/588/588 1430/1430/1430 593/593/593 
f 580/580/580 581/581/581 589/589/589 
f 581/581/581 590/590/590 589/589/589 
f 581/581/581 605/605/605 590/590/590 
f 590/590/590 605/605/605 604/604/604 
f 589/589/589 590/590/590 1426/1426/1426 
f 590/590/590 1427/1427/1427 1426/1426/1426 
f 590/590/590 604/604/604 1427/1427/1427 
f 604/604/604 1454/1454/1454 1427/1427/1427 
f 584/584/584 591/591/591 592/592/592 
f 591/591/591 594/594/594 592/592/592 
f 585/585/585 592/592/592 605/605/605 
f 592/592/592 604/604/604 605/605/605 
f 592/592/592 594/594/594 604/604/604 
f 593/593/593 1432/1432/1432 594/594/594 
f 591/591/591 593/593/593 594/594/594 
f 593/593/593 1430/1430/1430 1432/1432/1432 
f 594/594/594 1454/1454/1454 604/604/604 
f 594/594/594 1432/1432/1432 1454/1454/1454 
f 595/595/595 600/600/600 596/596/596 
f 547/547/547 596/596/596 599/599/599 
f 596/596/596 600/600/600 599/599/599 
f 595/595/595 601/601/601 600/600/600 
f 595/595/595 597/597/597 601/601/601 
f 584/584/584 601/601/601 597/597/597 
f 582/582/582 599/599/599 600/600/600 
f 583/583/583 600/600/600 601/601/601 
f 504/504/504 607/607/607 606/606/606 
f 544/544/544 606/606/606 607/607/607 
f 504/504/504 525/525/525 607/607/607 
f 544/544/544 607/607/607 661/661/661 
f 525/525/525 661/661/661 607/607/607 
f 544/544/544 661/661/661 570/570/570 
f 506/506/506 611/611/611 610/610/610 
f 608/608/608 610/610/610 611/611/611 
f 525/525/525 609/609/609 612/612/612 
f 525/525/525 612/612/612 661/661/661 
f 608/608/608 662/662/662 609/609/609 
f 608/608/608 611/611/611 662/662/662 
f 612/612/612 662/662/662 661/661/661 
f 609/609/609 662/662/662 612/612/612 
f 570/570/570 661/661/661 613/613/613 
f 570/570/570 613/613/613 616/616/616 
f 613/613/613 661/661/661 617/617/617 
f 546/546/546 614/614/614 617/617/617 
f 570/570/570 616/616/616 615/615/615 
f 613/613/613 614/614/614 615/615/615 
f 613/613/613 615/615/615 616/616/616 
f 613/613/613 617/617/617 614/614/614 
f 617/617/617 661/661/661 663/663/663 
f 618/618/618 661/661/661 662/662/662 
f 618/618/618 663/663/663 661/661/661 
f 620/620/620 662/662/662 621/621/621 
f 618/618/618 662/662/662 620/620/620 
f 618/618/618 620/620/620 663/663/663 
f 619/619/619 621/621/621 662/662/662 
f 513/513/513 650/650/650 623/623/623 
f 513/513/513 623/623/623 622/622/622 
f 506/506/506 514/514/514 622/622/622 
f 506/506/506 622/622/622 611/611/611 
f 611/611/611 622/622/622 664/664/664 
f 611/611/611 664/664/664 662/662/662 
f 622/622/622 665/665/665 664/664/664 
f 622/622/622 623/623/623 665/665/665 
f 624/624/624 662/662/662 664/664/664 
f 619/619/619 662/662/662 624/624/624 
f 624/624/624 664/664/664 638/638/638 
f 638/638/638 664/664/664 665/665/665 
f 640/640/640 665/665/665 660/660/660 
f 625/625/625 626/626/626 635/635/635 
f 625/625/625 641/641/641 626/626/626 
f 626/626/626 634/634/634 635/635/635 
f 626/626/626 641/641/641 634/634/634 
f 625/625/625 635/635/635 627/627/627 
f 627/627/627 635/635/635 636/636/636 
f 625/625/625 642/642/642 641/641/641 
f 617/617/617 663/663/663 628/628/628 
f 628/628/628 663/663/663 666/666/666 
f 619/619/619 629/629/629 621/621/621 
f 620/620/620 666/666/666 663/663/663 
f 620/620/620 621/621/621 666/666/666 
f 621/621/621 629/629/629 666/666/666 
f 629/629/629 667/667/667 666/666/666 
f 628/628/628 630/630/630 671/671/671 
f 628/628/628 666/666/666 630/630/630 
f 630/630/630 666/666/666 667/667/667 
f 629/629/629 644/644/644 667/667/667 
f 644/644/644 684/684/684 667/667/667 
f 624/624/624 632/632/632 631/631/631 
f 629/629/629 631/631/631 632/632/632 
f 624/624/624 633/633/633 632/632/632 
f 629/629/629 632/632/632 633/633/633 
f 624/624/624 634/634/634 633/633/633 
f 624/624/624 638/638/638 635/635/635 
f 624/624/624 635/635/635 634/634/634 
f 633/633/633 634/634/634 641/641/641 
f 633/633/633 641/641/641 644/644/644 
f 635/635/635 637/637/637 636/636/636 
f 635/635/635 638/638/638 637/637/637 
f 619/619/619 624/624/624 631/631/631 
f 619/619/619 631/631/631 629/629/629 
f 629/629/629 633/633/633 644/644/644 
f 637/637/637 638/638/638 639/639/639 
f 638/638/638 640/640/640 639/639/639 
f 638/638/638 665/665/665 640/640/640 
f 641/641/641 642/642/642 643/643/643 
f 641/641/641 643/643/643 644/644/644 
f 643/643/643 645/645/645 644/644/644 
f 644/644/644 645/645/645 677/677/677 
f 644/644/644 677/677/677 684/684/684 
f 521/521/521 646/646/646 651/651/651 
f 646/646/646 647/647/647 656/656/656 
f 521/521/521 651/651/651 650/650/650 
f 646/646/646 656/656/656 651/651/651 
f 647/647/647 648/648/648 649/649/649 
f 71/71/71 689/689/689 648/648/648 
f 647/647/647 649/649/649 656/656/656 
f 649/649/649 658/658/658 656/656/656 
f 650/650/650 651/651/651 652/652/652 
f 623/623/623 650/650/650 652/652/652 
f 651/651/651 656/656/656 659/659/659 
f 651/651/651 654/654/654 652/652/652 
f 651/651/651 659/659/659 654/654/654 
f 623/623/623 652/652/652 668/668/668 
f 623/623/623 668/668/668 665/665/665 
f 652/652/652 655/655/655 669/669/669 
f 653/653/653 665/665/665 668/668/668 
f 653/653/653 660/660/660 665/665/665 
f 653/653/653 668/668/668 669/669/669 
f 652/652/652 669/669/669 668/668/668 
f 652/652/652 654/654/654 655/655/655 
f 656/656/656 658/658/658 657/657/657 
f 656/656/656 657/657/657 659/659/659 
f 625/625/625 627/627/627 686/686/686 
f 627/627/627 636/636/636 691/691/691 
f 636/636/636 637/637/637 691/691/691 
f 637/637/637 639/639/639 691/691/691 
f 640/640/640 660/660/660 691/691/691 
f 639/639/639 640/640/640 691/691/691 
f 625/625/625 686/686/686 642/642/642 
f 642/642/642 686/686/686 643/643/643 
f 643/643/643 686/686/686 645/645/645 
f 645/645/645 686/686/686 677/677/677 
f 71/71/71 959/959/959 689/689/689 
f 648/648/648 689/689/689 649/649/649 
f 653/653/653 669/669/669 691/691/691 
f 654/654/654 689/689/689 655/655/655 
f 655/655/655 688/688/688 669/669/669 
f 649/649/649 689/689/689 658/658/658 
f 657/657/657 658/658/658 689/689/689 
f 657/657/657 689/689/689 659/659/659 
f 654/654/654 659/659/659 689/689/689 
f 653/653/653 691/691/691 660/660/660 
f 598/598/598 671/671/671 670/670/670 
f 670/670/670 671/671/671 674/674/674 
f 670/670/670 674/674/674 678/678/678 
f 674/674/674 681/681/681 678/678/678 
f 630/630/630 674/674/674 671/671/671 
f 630/630/630 673/673/673 674/674/674 
f 630/630/630 667/667/667 673/673/673 
f 667/667/667 684/684/684 673/673/673 
f 672/672/672 684/684/684 677/677/677 
f 672/672/672 685/685/685 684/684/684 
f 673/673/673 684/684/684 676/676/676 
f 676/676/676 684/684/684 685/685/685 
f 673/673/673 681/681/681 674/674/674 
f 673/673/673 675/675/675 681/681/681 
f 675/675/675 683/683/683 681/681/681 
f 673/673/673 676/676/676 675/675/675 
f 678/678/678 680/680/680 679/679/679 
f 80/80/80 679/679/679 698/698/698 
f 678/678/678 681/681/681 680/680/680 
f 680/680/680 681/681/681 682/682/682 
f 681/681/681 683/683/683 682/682/682 
f 672/672/672 695/695/695 685/685/685 
f 675/675/675 676/676/676 694/694/694 
f 676/676/676 685/685/685 694/694/694 
f 672/672/672 677/677/677 695/695/695 
f 679/679/679 680/680/680 698/698/698 
f 698/698/698 1587/1587/1587 975/975/975 
f 682/682/682 683/683/683 698/698/698 
f 680/680/680 682/682/682 698/698/698 
f 675/675/675 698/698/698 683/683/683 
f 627/627/627 691/691/691 686/686/686 
f 677/677/677 686/686/686 695/695/695 
f 655/655/655 689/689/689 688/688/688 
f 686/686/686 688/688/688 694/694/694 
f 688/688/688 687/687/687 694/694/694 
f 669/669/669 688/688/688 691/691/691 
f 688/688/688 690/690/690 693/693/693 
f 688/688/688 689/689/689 959/959/959 
f 688/688/688 960/960/960 690/690/690 
f 686/686/686 691/691/691 688/688/688 
f 688/688/688 692/692/692 687/687/687 
f 688/688/688 693/693/693 692/692/692 
f 675/675/675 694/694/694 698/698/698 
f 685/685/685 695/695/695 694/694/694 
f 694/694/694 697/697/697 699/699/699 
f 686/686/686 694/694/694 695/695/695 
f 694/694/694 687/687/687 696/696/696 
f 694/694/694 696/696/696 697/697/697 
f 694/694/694 1587/1587/1587 698/698/698 
f 694/694/694 699/699/699 1588/1588/1588 
f 700/700/700 701/701/701 705/705/705 
f 701/701/701 702/702/702 708/708/708 
f 700/700/700 705/705/705 704/704/704 
f 701/701/701 708/708/708 705/705/705 
f 702/702/702 703/703/703 709/709/709 
f 702/702/702 709/709/709 708/708/708 
f 703/703/703 728/728/728 709/709/709 
f 704/704/704 705/705/705 707/707/707 
f 704/704/704 707/707/707 706/706/706 
f 705/705/705 708/708/708 710/710/710 
f 705/705/705 710/710/710 707/707/707 
f 706/706/706 707/707/707 738/738/738 
f 706/706/706 738/738/738 737/737/737 
f 707/707/707 710/710/710 739/739/739 
f 707/707/707 739/739/739 738/738/738 
f 708/708/708 709/709/709 711/711/711 
f 708/708/708 711/711/711 710/710/710 
f 709/709/709 728/728/728 729/729/729 
f 709/709/709 729/729/729 711/711/711 
f 710/710/710 740/740/740 739/739/739 
f 710/710/710 711/711/711 740/740/740 
f 712/712/712 719/719/719 713/713/713 
f 713/713/713 720/720/720 714/714/714 
f 714/714/714 721/721/721 715/715/715 
f 713/713/713 719/719/719 720/720/720 
f 714/714/714 720/720/720 721/721/721 
f 715/715/715 721/721/721 722/722/722 
f 715/715/715 722/722/722 744/744/744 
f 716/716/716 717/717/717 720/720/720 
f 716/716/716 737/737/737 717/717/717 
f 717/717/717 737/737/737 738/738/738 
f 718/718/718 738/738/738 739/739/739 
f 717/717/717 738/738/738 718/718/718 
f 718/718/718 739/739/739 723/723/723 
f 716/716/716 720/720/720 719/719/719 
f 717/717/717 721/721/721 720/720/720 
f 718/718/718 722/722/722 721/721/721 
f 717/717/717 718/718/718 721/721/721 
f 723/723/723 739/739/739 740/740/740 
f 723/723/723 740/740/740 724/724/724 
f 711/711/711 741/741/741 740/740/740 
f 711/711/711 729/729/729 741/741/741 
f 724/724/724 740/740/740 741/741/741 
f 729/729/729 742/742/742 741/741/741 
f 718/718/718 723/723/723 722/722/722 
f 722/722/722 723/723/723 747/747/747 
f 723/723/723 724/724/724 747/747/747 
f 724/724/724 725/725/725 748/748/748 
f 724/724/724 741/741/741 725/725/725 
f 725/725/725 741/741/741 742/742/742 
f 703/703/703 726/726/726 728/728/728 
f 726/726/726 727/727/727 732/732/732 
f 726/726/726 732/732/732 728/728/728 
f 728/728/728 732/732/732 733/733/733 
f 728/728/728 733/733/733 729/729/729 
f 727/727/727 730/730/730 735/735/735 
f 727/727/727 735/735/735 732/732/732 
f 730/730/730 736/736/736 735/735/735 
f 730/730/730 731/731/731 736/736/736 
f 731/731/731 757/757/757 736/736/736 
f 732/732/732 735/735/735 734/734/734 
f 732/732/732 734/734/734 733/733/733 
f 729/729/729 733/733/733 742/742/742 
f 733/733/733 743/743/743 742/742/742 
f 725/725/725 742/742/742 753/753/753 
f 742/742/742 743/743/743 753/753/753 
f 733/733/733 734/734/734 743/743/743 
f 734/734/734 781/781/781 743/743/743 
f 734/734/734 758/758/758 781/781/781 
f 735/735/735 736/736/736 758/758/758 
f 734/734/734 735/735/735 758/758/758 
f 744/744/744 747/747/747 745/745/745 
f 745/745/745 748/748/748 746/746/746 
f 722/722/722 747/747/747 744/744/744 
f 745/745/745 747/747/747 748/748/748 
f 746/746/746 748/748/748 749/749/749 
f 746/746/746 749/749/749 751/751/751 
f 724/724/724 748/748/748 747/747/747 
f 725/725/725 749/749/749 748/748/748 
f 751/751/751 754/754/754 762/762/762 
f 749/749/749 754/754/754 751/751/751 
f 754/754/754 770/770/770 762/762/762 
f 731/731/731 752/752/752 757/757/757 
f 752/752/752 760/760/760 757/757/757 
f 752/752/752 786/786/786 760/760/760 
f 725/725/725 753/753/753 749/749/749 
f 749/749/749 753/753/753 754/754/754 
f 743/743/743 755/755/755 753/753/753 
f 743/743/743 781/781/781 755/755/755 
f 753/753/753 755/755/755 754/754/754 
f 754/754/754 755/755/755 770/770/770 
f 755/755/755 756/756/756 770/770/770 
f 755/755/755 781/781/781 756/756/756 
f 756/756/756 781/781/781 782/782/782 
f 756/756/756 782/782/782 772/772/772 
f 736/736/736 759/759/759 758/758/758 
f 736/736/736 757/757/757 759/759/759 
f 758/758/758 759/759/759 782/782/782 
f 758/758/758 782/782/782 781/781/781 
f 757/757/757 760/760/760 761/761/761 
f 757/757/757 761/761/761 759/759/759 
f 759/759/759 783/783/783 782/782/782 
f 759/759/759 761/761/761 783/783/783 
f 762/762/762 770/770/770 763/763/763 
f 763/763/763 771/771/771 766/766/766 
f 763/763/763 770/770/770 771/771/771 
f 764/764/764 767/767/767 773/773/773 
f 750/750/750 764/764/764 773/773/773 
f 763/763/763 766/766/766 765/765/765 
f 764/764/764 765/765/765 766/766/766 
f 764/764/764 766/766/766 767/767/767 
f 750/750/750 773/773/773 807/807/807 
f 766/766/766 771/771/771 767/767/767 
f 767/767/767 771/771/771 768/768/768 
f 768/768/768 771/771/771 774/774/774 
f 768/768/768 774/774/774 769/769/769 
f 767/767/767 768/768/768 773/773/773 
f 768/768/768 769/769/769 773/773/773 
f 769/769/769 775/775/775 773/773/773 
f 769/769/769 774/774/774 775/775/775 
f 756/756/756 771/771/771 770/770/770 
f 756/756/756 772/772/772 771/771/771 
f 771/771/771 772/772/772 774/774/774 
f 773/773/773 814/814/814 807/807/807 
f 774/774/774 778/778/778 775/775/775 
f 772/772/772 778/778/778 774/774/774 
f 773/773/773 775/775/775 776/776/776 
f 773/773/773 816/816/816 814/814/814 
f 775/775/775 778/778/778 776/776/776 
f 773/773/773 776/776/776 816/816/816 
f 776/776/776 778/778/778 779/779/779 
f 776/776/776 779/779/779 816/816/816 
f 760/760/760 777/777/777 761/761/761 
f 772/772/772 782/782/782 783/783/783 
f 761/761/761 784/784/784 783/783/783 
f 772/772/772 783/783/783 778/778/778 
f 778/778/778 783/783/783 784/784/784 
f 761/761/761 777/777/777 784/784/784 
f 778/778/778 784/784/784 818/818/818 
f 778/778/778 817/817/817 779/779/779 
f 778/778/778 818/818/818 817/817/817 
f 784/784/784 785/785/785 818/818/818 
f 777/777/777 785/785/785 784/784/784 
f 780/780/780 798/798/798 821/821/821 
f 777/777/777 780/780/780 785/785/785 
f 760/760/760 786/786/786 793/793/793 
f 786/786/786 787/787/787 793/793/793 
f 787/787/787 791/791/791 793/793/793 
f 787/787/787 788/788/788 789/789/789 
f 788/788/788 790/790/790 789/789/789 
f 787/787/787 789/789/789 791/791/791 
f 789/789/789 790/790/790 797/797/797 
f 789/789/789 797/797/797 791/791/791 
f 791/791/791 794/794/794 793/793/793 
f 791/791/791 797/797/797 794/794/794 
f 790/790/790 886/886/886 797/797/797 
f 790/790/790 792/792/792 886/886/886 
f 760/760/760 793/793/793 777/777/777 
f 793/793/793 794/794/794 795/795/795 
f 793/793/793 795/795/795 796/796/796 
f 777/777/777 793/793/793 780/780/780 
f 780/780/780 793/793/793 796/796/796 
f 794/794/794 883/883/883 795/795/795 
f 795/795/795 883/883/883 796/796/796 
f 794/794/794 797/797/797 883/883/883 
f 780/780/780 796/796/796 798/798/798 
f 796/796/796 882/882/882 798/798/798 
f 289/289/289 800/800/800 961/961/961 
f 799/799/799 801/801/801 800/800/800 
f 799/799/799 803/803/803 801/801/801 
f 801/801/801 803/803/803 804/804/804 
f 799/799/799 802/802/802 806/806/806 
f 750/750/750 807/807/807 802/802/802 
f 799/799/799 806/806/806 803/803/803 
f 802/802/802 807/807/807 806/806/806 
f 803/803/803 805/805/805 804/804/804 
f 803/803/803 806/806/806 810/810/810 
f 806/806/806 807/807/807 813/813/813 
f 806/806/806 813/813/813 810/810/810 
f 803/803/803 808/808/808 805/805/805 
f 803/803/803 810/810/810 808/808/808 
f 808/808/808 810/810/810 809/809/809 
f 809/809/809 810/810/810 854/854/854 
f 810/810/810 813/813/813 856/856/856 
f 810/810/810 856/856/856 854/854/854 
f 809/809/809 854/854/854 855/855/855 
f 811/811/811 855/855/855 854/854/854 
f 811/811/811 854/854/854 812/812/812 
f 807/807/807 814/814/814 813/813/813 
f 813/813/813 814/814/814 857/857/857 
f 814/814/814 816/816/816 858/858/858 
f 814/814/814 858/858/858 857/857/857 
f 813/813/813 857/857/857 856/856/856 
f 845/845/845 854/854/854 856/856/856 
f 815/815/815 845/845/845 856/856/856 
f 826/826/826 857/857/857 858/858/858 
f 815/815/815 856/856/856 857/857/857 
f 815/815/815 857/857/857 824/824/824 
f 824/824/824 857/857/857 826/826/826 
f 779/779/779 817/817/817 816/816/816 
f 785/785/785 819/819/819 818/818/818 
f 816/816/816 817/817/817 820/820/820 
f 817/817/817 818/818/818 820/820/820 
f 818/818/818 819/819/819 820/820/820 
f 785/785/785 820/820/820 819/819/819 
f 816/816/816 820/820/820 859/859/859 
f 785/785/785 859/859/859 820/820/820 
f 816/816/816 859/859/859 858/858/858 
f 780/780/780 859/859/859 785/785/785 
f 780/780/780 821/821/821 822/822/822 
f 780/780/780 822/822/822 859/859/859 
f 821/821/821 920/920/920 822/822/822 
f 822/822/822 920/920/920 859/859/859 
f 825/825/825 826/826/826 858/858/858 
f 823/823/823 825/825/825 858/858/858 
f 823/823/823 858/858/858 859/859/859 
f 823/823/823 859/859/859 860/860/860 
f 824/824/824 826/826/826 860/860/860 
f 823/823/823 860/860/860 825/825/825 
f 825/825/825 860/860/860 826/826/826 
f 827/827/827 860/860/860 859/859/859 
f 827/827/827 859/859/859 920/920/920 
f 827/827/827 920/920/920 828/828/828 
f 830/830/830 884/884/884 831/831/831 
f 829/829/829 830/830/830 831/831/831 
f 827/827/827 828/828/828 860/860/860 
f 828/828/828 829/829/829 860/860/860 
f 829/829/829 831/831/831 860/860/860 
f 832/832/832 833/833/833 837/837/837 
f 833/833/833 834/834/834 837/837/837 
f 834/834/834 838/838/838 837/837/837 
f 832/832/832 837/837/837 835/835/835 
f 832/832/832 835/835/835 847/847/847 
f 835/835/835 837/837/837 843/843/843 
f 835/835/835 843/843/843 847/847/847 
f 832/832/832 847/847/847 836/836/836 
f 836/836/836 847/847/847 846/846/846 
f 837/837/837 845/845/845 843/843/843 
f 837/837/837 838/838/838 839/839/839 
f 837/837/837 839/839/839 845/845/845 
f 815/815/815 840/840/840 841/841/841 
f 815/815/815 841/841/841 842/842/842 
f 841/841/841 851/851/851 842/842/842 
f 840/840/840 851/851/851 841/841/841 
f 843/843/843 851/851/851 847/847/847 
f 842/842/842 843/843/843 845/845/845 
f 842/842/842 851/851/851 843/843/843 
f 847/847/847 851/851/851 849/849/849 
f 839/839/839 844/844/844 845/845/845 
f 812/812/812 854/854/854 845/845/845 
f 812/812/812 845/845/845 844/844/844 
f 815/815/815 842/842/842 845/845/845 
f 815/815/815 824/824/824 840/840/840 
f 824/824/824 851/851/851 840/840/840 
f 846/846/846 847/847/847 848/848/848 
f 847/847/847 849/849/849 848/848/848 
f 848/848/848 849/849/849 850/850/850 
f 849/849/849 862/862/862 850/850/850 
f 824/824/824 860/860/860 851/851/851 
f 851/851/851 860/860/860 861/861/861 
f 849/849/849 851/851/851 861/861/861 
f 852/852/852 884/884/884 902/902/902 
f 831/831/831 884/884/884 852/852/852 
f 831/831/831 861/861/861 860/860/860 
f 831/831/831 852/852/852 861/861/861 
f 852/852/852 904/904/904 853/853/853 
f 853/853/853 904/904/904 865/865/865 
f 849/849/849 861/861/861 862/862/862 
f 850/850/850 862/862/862 864/864/864 
f 852/852/852 862/862/862 861/861/861 
f 852/852/852 853/853/853 862/862/862 
f 287/287/287 961/961/961 959/959/959 
f 800/800/800 801/801/801 961/961/961 
f 801/801/801 804/804/804 961/961/961 
f 804/804/804 805/805/805 961/961/961 
f 805/805/805 808/808/808 961/961/961 
f 808/808/808 809/809/809 963/963/963 
f 809/809/809 855/855/855 963/963/963 
f 811/811/811 965/965/965 855/855/855 
f 811/811/811 812/812/812 965/965/965 
f 833/833/833 967/967/967 834/834/834 
f 834/834/834 967/967/967 838/838/838 
f 838/838/838 967/967/967 839/839/839 
f 832/832/832 967/967/967 833/833/833 
f 812/812/812 844/844/844 967/967/967 
f 839/839/839 967/967/967 844/844/844 
f 832/832/832 836/836/836 967/967/967 
f 836/836/836 846/846/846 967/967/967 
f 846/846/846 848/848/848 967/967/967 
f 848/848/848 850/850/850 967/967/967 
f 850/850/850 864/864/864 970/970/970 
f 863/863/863 868/868/868 927/927/927 
f 865/865/865 927/927/927 868/868/868 
f 863/863/863 874/874/874 875/875/875 
f 863/863/863 875/875/875 868/868/868 
f 853/853/853 865/865/865 867/867/867 
f 865/865/865 868/868/868 867/867/867 
f 862/862/862 866/866/866 864/864/864 
f 862/862/862 879/879/879 866/866/866 
f 866/866/866 879/879/879 880/880/880 
f 853/853/853 879/879/879 862/862/862 
f 853/853/853 867/867/867 879/879/879 
f 867/867/867 880/880/880 879/879/879 
f 867/867/867 870/870/870 880/880/880 
f 868/868/868 878/878/878 871/871/871 
f 867/867/867 868/868/868 871/871/871 
f 868/868/868 875/875/875 878/878/878 
f 867/867/867 869/869/869 870/870/870 
f 867/867/867 871/871/871 869/869/869 
f 872/872/872 873/873/873 874/874/874 
f 873/873/873 875/875/875 874/874/874 
f 302/302/302 974/974/974 872/872/872 
f 873/873/873 877/877/877 875/875/875 
f 875/875/875 876/876/876 878/878/878 
f 875/875/875 877/877/877 876/876/876 
f 864/864/864 866/866/866 970/970/970 
f 866/866/866 880/880/880 970/970/970 
f 870/870/870 972/972/972 880/880/880 
f 869/869/869 871/871/871 974/974/974 
f 869/869/869 974/974/974 870/870/870 
f 872/872/872 974/974/974 873/873/873 
f 302/302/302 1861/1861/1861 974/974/974 
f 873/873/873 974/974/974 877/877/877 
f 876/876/876 974/974/974 878/878/878 
f 876/876/876 877/877/877 974/974/974 
f 871/871/871 878/878/878 974/974/974 
f 792/792/792 881/881/881 887/887/887 
f 792/792/792 887/887/887 886/886/886 
f 881/881/881 912/912/912 887/887/887 
f 797/797/797 886/886/886 888/888/888 
f 797/797/797 888/888/888 883/883/883 
f 798/798/798 882/882/882 821/821/821 
f 796/796/796 883/883/883 882/882/882 
f 821/821/821 882/882/882 920/920/920 
f 882/882/882 883/883/883 921/921/921 
f 882/882/882 921/921/921 920/920/920 
f 883/883/883 922/922/922 921/921/921 
f 883/883/883 888/888/888 922/922/922 
f 885/885/885 920/920/920 921/921/921 
f 830/830/830 885/885/885 884/884/884 
f 829/829/829 885/885/885 830/830/830 
f 828/828/828 885/885/885 829/829/829 
f 884/884/884 885/885/885 902/902/902 
f 828/828/828 920/920/920 885/885/885 
f 903/903/903 921/921/921 922/922/922 
f 885/885/885 921/921/921 903/903/903 
f 886/886/886 887/887/887 889/889/889 
f 886/886/886 889/889/889 888/888/888 
f 887/887/887 912/912/912 890/890/890 
f 887/887/887 890/890/890 889/889/889 
f 888/888/888 923/923/923 922/922/922 
f 888/888/888 889/889/889 923/923/923 
f 906/906/906 922/922/922 923/923/923 
f 889/889/889 924/924/924 923/923/923 
f 889/889/889 890/890/890 924/924/924 
f 891/891/891 894/894/894 892/892/892 
f 891/891/891 892/892/892 895/895/895 
f 892/892/892 904/904/904 893/893/893 
f 892/892/892 893/893/893 900/900/900 
f 892/892/892 900/900/900 895/895/895 
f 895/895/895 900/900/900 901/901/901 
f 893/893/893 904/904/904 899/899/899 
f 893/893/893 899/899/899 900/900/900 
f 865/865/865 894/894/894 927/927/927 
f 895/895/895 901/901/901 896/896/896 
f 892/892/892 894/894/894 904/904/904 
f 865/865/865 904/904/904 894/894/894 
f 896/896/896 901/901/901 905/905/905 
f 896/896/896 905/905/905 897/897/897 
f 897/897/897 907/907/907 928/928/928 
f 897/897/897 905/905/905 907/907/907 
f 907/907/907 931/931/931 928/928/928 
f 885/885/885 901/901/901 900/900/900 
f 885/885/885 900/900/900 902/902/902 
f 898/898/898 902/902/902 900/900/900 
f 898/898/898 900/900/900 899/899/899 
f 898/898/898 899/899/899 904/904/904 
f 852/852/852 898/898/898 904/904/904 
f 885/885/885 903/903/903 901/901/901 
f 901/901/901 903/903/903 905/905/905 
f 903/903/903 906/906/906 905/905/905 
f 852/852/852 902/902/902 898/898/898 
f 903/903/903 922/922/922 906/906/906 
f 906/906/906 923/923/923 908/908/908 
f 908/908/908 923/923/923 924/924/924 
f 890/890/890 925/925/925 924/924/924 
f 909/909/909 924/924/924 925/925/925 
f 905/905/905 906/906/906 907/907/907 
f 906/906/906 908/908/908 907/907/907 
f 907/907/907 908/908/908 931/931/931 
f 908/908/908 909/909/909 931/931/931 
f 908/908/908 924/924/924 909/909/909 
f 909/909/909 925/925/925 937/937/937 
f 881/881/881 910/910/910 912/912/912 
f 910/910/910 911/911/911 913/913/913 
f 910/910/910 913/913/913 912/912/912 
f 912/912/912 913/913/913 917/917/917 
f 890/890/890 912/912/912 917/917/917 
f 911/911/911 914/914/914 916/916/916 
f 911/911/911 916/916/916 913/913/913 
f 914/914/914 919/919/919 916/916/916 
f 914/914/914 915/915/915 919/919/919 
f 915/915/915 941/941/941 919/919/919 
f 913/913/913 918/918/918 917/917/917 
f 913/913/913 916/916/916 918/918/918 
f 890/890/890 917/917/917 925/925/925 
f 917/917/917 926/926/926 925/925/925 
f 916/916/916 942/942/942 918/918/918 
f 917/917/917 918/918/918 926/926/926 
f 925/925/925 926/926/926 937/937/937 
f 918/918/918 955/955/955 926/926/926 
f 918/918/918 942/942/942 955/955/955 
f 916/916/916 919/919/919 942/942/942 
f 928/928/928 931/931/931 929/929/929 
f 929/929/929 932/932/932 930/930/930 
f 929/929/929 931/931/931 932/932/932 
f 930/930/930 933/933/933 934/934/934 
f 930/930/930 932/932/932 933/933/933 
f 909/909/909 932/932/932 931/931/931 
f 909/909/909 937/937/937 932/932/932 
f 932/932/932 937/937/937 933/933/933 
f 933/933/933 939/939/939 934/934/934 
f 915/915/915 935/935/935 941/941/941 
f 935/935/935 936/936/936 944/944/944 
f 935/935/935 944/944/944 941/941/941 
f 933/933/933 937/937/937 938/938/938 
f 926/926/926 938/938/938 937/937/937 
f 926/926/926 955/955/955 938/938/938 
f 938/938/938 955/955/955 940/940/940 
f 942/942/942 956/956/956 955/955/955 
f 933/933/933 938/938/938 939/939/939 
f 938/938/938 940/940/940 939/939/939 
f 940/940/940 955/955/955 956/956/956 
f 940/940/940 956/956/956 950/950/950 
f 950/950/950 956/956/956 957/957/957 
f 919/919/919 941/941/941 943/943/943 
f 919/919/919 943/943/943 942/942/942 
f 942/942/942 943/943/943 956/956/956 
f 941/941/941 945/945/945 943/943/943 
f 941/941/941 944/944/944 945/945/945 
f 943/943/943 957/957/957 956/956/956 
f 943/943/943 945/945/945 957/957/957 
f 934/934/934 939/939/939 946/946/946 
f 946/946/946 949/949/949 947/947/947 
f 939/939/939 949/949/949 946/946/946 
f 947/947/947 951/951/951 1781/1781/1781 
f 947/947/947 949/949/949 951/951/951 
f 951/951/951 1786/1786/1786 1781/1781/1781 
f 936/936/936 948/948/948 953/953/953 
f 936/936/936 953/953/953 944/944/944 
f 948/948/948 1784/1784/1784 1792/1792/1792 
f 948/948/948 1792/1792/1792 953/953/953 
f 939/939/939 940/940/940 949/949/949 
f 940/940/940 950/950/950 949/949/949 
f 949/949/949 950/950/950 951/951/951 
f 950/950/950 952/952/952 951/951/951 
f 950/950/950 957/957/957 952/952/952 
f 952/952/952 957/957/957 958/958/958 
f 951/951/951 952/952/952 1786/1786/1786 
f 952/952/952 1788/1788/1788 1786/1786/1786 
f 952/952/952 958/958/958 1788/1788/1788 
f 958/958/958 1808/1808/1808 1788/1788/1788 
f 944/944/944 954/954/954 945/945/945 
f 944/944/944 953/953/953 954/954/954 
f 945/945/945 958/958/958 957/957/957 
f 945/945/945 954/954/954 958/958/958 
f 953/953/953 1793/1793/1793 954/954/954 
f 953/953/953 1792/1792/1792 1793/1793/1793 
f 954/954/954 1808/1808/1808 958/958/958 
f 954/954/954 1793/1793/1793 1808/1808/1808 
f 808/808/808 963/963/963 961/961/961 
f 812/812/812 967/967/967 965/965/965 
f 850/850/850 970/970/970 967/967/967 
f 855/855/855 965/965/965 963/963/963 
f 688/688/688 959/959/959 963/963/963 
f 688/688/688 963/963/963 960/960/960 
f 959/959/959 961/961/961 963/963/963 
f 963/963/963 962/962/962 960/960/960 
f 963/963/963 964/964/964 962/962/962 
f 963/963/963 966/966/966 964/964/964 
f 963/963/963 965/965/965 967/967/967 
f 963/963/963 968/968/968 966/966/966 
f 963/963/963 967/967/967 972/972/972 
f 963/963/963 972/972/972 968/968/968 
f 870/870/870 974/974/974 972/972/972 
f 880/880/880 972/972/972 970/970/970 
f 972/972/972 969/969/969 968/968/968 
f 967/967/967 970/970/970 972/972/972 
f 972/972/972 971/971/971 969/969/969 
f 972/972/972 973/973/973 971/971/971 
f 972/972/972 1860/1860/1860 973/973/973 
f 972/972/972 974/974/974 1861/1861/1861 
f 80/80/80 975/975/975 977/977/977 
f 80/80/80 977/977/977 981/981/981 
f 80/80/80 981/981/981 978/978/978 
f 977/977/977 979/979/979 981/981/981 
f 981/981/981 980/980/980 978/978/978 
f 981/981/981 982/982/982 980/980/980 
f 977/977/977 1060/1060/1060 979/979/979 
f 979/979/979 1062/1062/1062 981/981/981 
f 981/981/981 983/983/983 982/982/982 
f 981/981/981 985/985/985 983/983/983 
f 981/981/981 984/984/984 986/986/986 
f 981/981/981 990/990/990 985/985/985 
f 981/981/981 986/986/986 990/990/990 
f 986/986/986 988/988/988 990/990/990 
f 990/990/990 987/987/987 985/985/985 
f 990/990/990 989/989/989 987/987/987 
f 990/990/990 1206/1206/1206 989/989/989 
f 990/990/990 1207/1207/1207 1206/1206/1206 
f 981/981/981 1065/1065/1065 984/984/984 
f 984/984/984 1090/1090/1090 986/986/986 
f 986/986/986 1117/1117/1117 988/988/988 
f 988/988/988 1120/1120/1120 990/990/990 
f 991/991/991 993/993/993 992/992/992 
f 991/991/991 994/994/994 993/993/993 
f 991/991/991 999/999/999 994/994/994 
f 994/994/994 999/999/999 1000/1000/1000 
f 993/993/993 994/994/994 997/997/997 
f 994/994/994 1004/1004/1004 997/997/997 
f 994/994/994 1000/1000/1000 1004/1004/1004 
f 1000/1000/1000 1011/1011/1011 1004/1004/1004 
f 992/992/992 996/996/996 995/995/995 
f 992/992/992 993/993/993 996/996/996 
f 995/995/995 996/996/996 1002/1002/1002 
f 995/995/995 1002/1002/1002 1001/1001/1001 
f 996/996/996 1003/1003/1003 1002/1002/1002 
f 993/993/993 998/998/998 996/996/996 
f 993/993/993 997/997/997 998/998/998 
f 997/997/997 1007/1007/1007 998/998/998 
f 996/996/996 998/998/998 1003/1003/1003 
f 998/998/998 1013/1013/1013 1003/1003/1003 
f 999/999/999 1421/1421/1421 1000/1000/1000 
f 1000/1000/1000 1421/1421/1421 1422/1422/1422 
f 1000/1000/1000 1422/1422/1422 1011/1011/1011 
f 1011/1011/1011 1422/1422/1422 1436/1436/1436 
f 1001/1001/1001 1002/1002/1002 1424/1424/1424 
f 1001/1001/1001 1424/1424/1424 1423/1423/1423 
f 1002/1002/1002 1425/1425/1425 1424/1424/1424 
f 1002/1002/1002 1003/1003/1003 1425/1425/1425 
f 1003/1003/1003 1013/1013/1013 1438/1438/1438 
f 1003/1003/1003 1438/1438/1438 1425/1425/1425 
f 997/997/997 1004/1004/1004 1006/1006/1006 
f 1004/1004/1004 1005/1005/1005 1006/1006/1006 
f 1005/1005/1005 1011/1011/1011 1012/1012/1012 
f 1004/1004/1004 1011/1011/1011 1005/1005/1005 
f 1005/1005/1005 1012/1012/1012 1017/1017/1017 
f 1012/1012/1012 1022/1022/1022 1017/1017/1017 
f 997/997/997 1006/1006/1006 1007/1007/1007 
f 1006/1006/1006 1009/1009/1009 1007/1007/1007 
f 998/998/998 1007/1007/1007 1013/1013/1013 
f 1007/1007/1007 1014/1014/1014 1013/1013/1013 
f 1007/1007/1007 1009/1009/1009 1014/1014/1014 
f 1005/1005/1005 1008/1008/1008 1006/1006/1006 
f 1006/1006/1006 1008/1008/1008 1009/1009/1009 
f 1005/1005/1005 1017/1017/1017 1008/1008/1008 
f 1008/1008/1008 1017/1017/1017 1019/1019/1019 
f 1008/1008/1008 1010/1010/1010 1009/1009/1009 
f 1008/1008/1008 1019/1019/1019 1010/1010/1010 
f 1009/1009/1009 1010/1010/1010 1015/1015/1015 
f 1011/1011/1011 1436/1436/1436 1012/1012/1012 
f 1012/1012/1012 1437/1437/1437 1022/1022/1022 
f 1012/1012/1012 1436/1436/1436 1437/1437/1437 
f 1013/1013/1013 1447/1447/1447 1438/1438/1438 
f 1009/1009/1009 1015/1015/1015 1014/1014/1014 
f 1010/1010/1010 1016/1016/1016 1015/1015/1015 
f 1013/1013/1013 1014/1014/1014 1447/1447/1447 
f 1014/1014/1014 1448/1448/1448 1447/1447/1447 
f 1014/1014/1014 1015/1015/1015 1448/1448/1448 
f 1015/1015/1015 1016/1016/1016 1449/1449/1449 
f 1015/1015/1015 1449/1449/1449 1448/1448/1448 
f 1016/1016/1016 1470/1470/1470 1449/1449/1449 
f 1017/1017/1017 1022/1022/1022 1018/1018/1018 
f 1018/1018/1018 1022/1022/1022 1023/1023/1023 
f 1017/1017/1017 1018/1018/1018 1019/1019/1019 
f 1010/1010/1010 1019/1019/1019 1026/1026/1026 
f 1018/1018/1018 1020/1020/1020 1019/1019/1019 
f 1019/1019/1019 1020/1020/1020 1026/1026/1026 
f 1018/1018/1018 1021/1021/1021 1020/1020/1020 
f 1020/1020/1020 1021/1021/1021 1028/1028/1028 
f 1021/1021/1021 1042/1042/1042 1028/1028/1028 
f 1018/1018/1018 1023/1023/1023 1021/1021/1021 
f 1021/1021/1021 1023/1023/1023 1024/1024/1024 
f 1022/1022/1022 1459/1459/1459 1023/1023/1023 
f 1022/1022/1022 1437/1437/1437 1459/1459/1459 
f 1023/1023/1023 1459/1459/1459 1460/1460/1460 
f 1023/1023/1023 1460/1460/1460 1024/1024/1024 
f 1024/1024/1024 1460/1460/1460 1466/1466/1466 
f 1021/1021/1021 1024/1024/1024 1042/1042/1042 
f 1024/1024/1024 1025/1025/1025 1042/1042/1042 
f 1024/1024/1024 1466/1466/1466 1025/1025/1025 
f 1025/1025/1025 1466/1466/1466 1467/1467/1467 
f 1025/1025/1025 1467/1467/1467 1053/1053/1053 
f 1020/1020/1020 1027/1027/1027 1026/1026/1026 
f 1010/1010/1010 1026/1026/1026 1016/1016/1016 
f 1016/1016/1016 1026/1026/1026 1032/1032/1032 
f 1026/1026/1026 1027/1027/1027 1032/1032/1032 
f 1027/1027/1027 1033/1033/1033 1032/1032/1032 
f 1020/1020/1020 1028/1028/1028 1027/1027/1027 
f 1027/1027/1027 1028/1028/1028 1029/1029/1029 
f 1028/1028/1028 1044/1044/1044 1029/1029/1029 
f 1029/1029/1029 1044/1044/1044 1030/1030/1030 
f 1027/1027/1027 1029/1029/1029 1033/1033/1033 
f 1034/1034/1034 1070/1070/1070 1067/1067/1067 
f 1031/1031/1031 1047/1047/1047 1048/1048/1048 
f 1031/1031/1031 1048/1048/1048 1092/1092/1092 
f 1029/1029/1029 1030/1030/1030 1035/1035/1035 
f 1029/1029/1029 1035/1035/1035 1033/1033/1033 
f 1030/1030/1030 1036/1036/1036 1035/1035/1035 
f 1034/1034/1034 1092/1092/1092 1070/1070/1070 
f 1031/1031/1031 1034/1034/1034 1038/1038/1038 
f 1030/1030/1030 1047/1047/1047 1036/1036/1036 
f 1031/1031/1031 1038/1038/1038 1047/1047/1047 
f 1031/1031/1031 1092/1092/1092 1034/1034/1034 
f 1036/1036/1036 1047/1047/1047 1038/1038/1038 
f 1016/1016/1016 1032/1032/1032 1470/1470/1470 
f 1032/1032/1032 1033/1033/1033 1471/1471/1471 
f 1032/1032/1032 1471/1471/1471 1470/1470/1470 
f 1033/1033/1033 1035/1035/1035 1472/1472/1472 
f 1034/1034/1034 1067/1067/1067 1450/1450/1450 
f 1033/1033/1033 1472/1472/1472 1471/1471/1471 
f 1034/1034/1034 1450/1450/1450 1473/1473/1473 
f 1034/1034/1034 1473/1473/1473 1040/1040/1040 
f 1035/1035/1035 1036/1036/1036 1039/1039/1039 
f 1036/1036/1036 1037/1037/1037 1039/1039/1039 
f 1034/1034/1034 1037/1037/1037 1038/1038/1038 
f 1034/1034/1034 1039/1039/1039 1037/1037/1037 
f 1036/1036/1036 1038/1038/1038 1037/1037/1037 
f 1035/1035/1035 1039/1039/1039 1040/1040/1040 
f 1035/1035/1035 1040/1040/1040 1041/1041/1041 
f 1034/1034/1034 1040/1040/1040 1039/1039/1039 
f 1035/1035/1035 1041/1041/1041 1472/1472/1472 
f 1040/1040/1040 1473/1473/1473 1041/1041/1041 
f 1041/1041/1041 1474/1474/1474 1472/1472/1472 
f 1041/1041/1041 1473/1473/1473 1474/1474/1474 
f 1028/1028/1028 1042/1042/1042 1044/1044/1044 
f 1042/1042/1042 1043/1043/1043 1044/1044/1044 
f 1043/1043/1043 1046/1046/1046 1044/1044/1044 
f 1043/1043/1043 1045/1045/1045 1046/1046/1046 
f 1025/1025/1025 1043/1043/1043 1042/1042/1042 
f 1025/1025/1025 1053/1053/1053 1043/1043/1043 
f 1043/1043/1043 1053/1053/1053 1045/1045/1045 
f 1045/1045/1045 1053/1053/1053 1054/1054/1054 
f 1030/1030/1030 1044/1044/1044 1046/1046/1046 
f 1030/1030/1030 1046/1046/1046 1047/1047/1047 
f 1046/1046/1046 1049/1049/1049 1047/1047/1047 
f 1045/1045/1045 1049/1049/1049 1046/1046/1046 
f 1047/1047/1047 1049/1049/1049 1095/1095/1095 
f 1047/1047/1047 1095/1095/1095 1093/1093/1093 
f 1047/1047/1047 1093/1093/1093 1048/1048/1048 
f 1049/1049/1049 1051/1051/1051 1095/1095/1095 
f 1045/1045/1045 1050/1050/1050 1049/1049/1049 
f 1049/1049/1049 1050/1050/1050 1051/1051/1051 
f 1050/1050/1050 1052/1052/1052 1051/1051/1051 
f 1052/1052/1052 1129/1129/1129 1103/1103/1103 
f 1045/1045/1045 1054/1054/1054 1050/1050/1050 
f 1053/1053/1053 1489/1489/1489 1054/1054/1054 
f 1053/1053/1053 1467/1467/1467 1489/1489/1489 
f 1054/1054/1054 1489/1489/1489 1603/1603/1603 
f 977/977/977 1055/1055/1055 1060/1060/1060 
f 977/977/977 1057/1057/1057 1056/1056/1056 
f 977/977/977 1056/1056/1056 1055/1055/1055 
f 975/975/975 1587/1587/1587 977/977/977 
f 977/977/977 1507/1507/1507 1057/1057/1057 
f 979/979/979 1060/1060/1060 1059/1059/1059 
f 979/979/979 1059/1059/1059 1062/1062/1062 
f 981/981/981 1062/1062/1062 1064/1064/1064 
f 981/981/981 1064/1064/1064 1065/1065/1065 
f 1055/1055/1055 1056/1056/1056 1058/1058/1058 
f 1056/1056/1056 1057/1057/1057 1058/1058/1058 
f 1057/1057/1057 1506/1506/1506 1058/1058/1058 
f 1057/1057/1057 1507/1507/1507 1506/1506/1506 
f 1059/1059/1059 1060/1060/1060 1061/1061/1061 
f 1058/1058/1058 1066/1066/1066 1061/1061/1061 
f 1055/1055/1055 1058/1058/1058 1060/1060/1060 
f 1058/1058/1058 1061/1061/1061 1060/1060/1060 
f 1059/1059/1059 1061/1061/1061 1063/1063/1063 
f 1059/1059/1059 1063/1063/1063 1062/1062/1062 
f 1061/1061/1061 1069/1069/1069 1063/1063/1063 
f 1061/1061/1061 1068/1068/1068 1069/1069/1069 
f 1062/1062/1062 1063/1063/1063 1064/1064/1064 
f 1063/1063/1063 1065/1065/1065 1064/1064/1064 
f 1061/1061/1061 1066/1066/1066 1068/1068/1068 
f 1066/1066/1066 1067/1067/1067 1068/1068/1068 
f 1058/1058/1058 1506/1506/1506 1066/1066/1066 
f 1066/1066/1066 1506/1506/1506 1513/1513/1513 
f 1066/1066/1066 1513/1513/1513 1067/1067/1067 
f 1067/1067/1067 1513/1513/1513 1450/1450/1450 
f 984/984/984 1065/1065/1065 1073/1073/1073 
f 984/984/984 1073/1073/1073 1084/1084/1084 
f 984/984/984 1084/1084/1084 1090/1090/1090 
f 986/986/986 1076/1076/1076 1077/1077/1077 
f 986/986/986 1077/1077/1077 1115/1115/1115 
f 986/986/986 1081/1081/1081 1076/1076/1076 
f 986/986/986 1082/1082/1082 1081/1081/1081 
f 986/986/986 1087/1087/1087 1082/1082/1082 
f 986/986/986 1088/1088/1088 1087/1087/1087 
f 986/986/986 1090/1090/1090 1088/1088/1088 
f 986/986/986 1115/1115/1115 1116/1116/1116 
f 986/986/986 1116/1116/1116 1117/1117/1117 
f 988/988/988 1117/1117/1117 1120/1120/1120 
f 990/990/990 1120/1120/1120 1121/1121/1121 
f 990/990/990 1121/1121/1121 1122/1122/1122 
f 990/990/990 1122/1122/1122 1123/1123/1123 
f 990/990/990 1123/1123/1123 1126/1126/1126 
f 990/990/990 1126/1126/1126 1128/1128/1128 
f 990/990/990 1128/1128/1128 1566/1566/1566 
f 990/990/990 1602/1602/1602 1209/1209/1209 
f 1068/1068/1068 1070/1070/1070 1071/1071/1071 
f 1063/1063/1063 1069/1069/1069 1074/1074/1074 
f 1068/1068/1068 1071/1071/1071 1069/1069/1069 
f 1069/1069/1069 1072/1072/1072 1074/1074/1074 
f 1067/1067/1067 1070/1070/1070 1068/1068/1068 
f 1070/1070/1070 1091/1091/1091 1071/1071/1071 
f 1070/1070/1070 1092/1092/1092 1091/1091/1091 
f 1069/1069/1069 1071/1071/1071 1072/1072/1072 
f 1071/1071/1071 1091/1091/1091 1097/1097/1097 
f 1071/1071/1071 1097/1097/1097 1072/1072/1072 
f 1072/1072/1072 1097/1097/1097 1099/1099/1099 
f 1063/1063/1063 1074/1074/1074 1065/1065/1065 
f 1065/1065/1065 1074/1074/1074 1073/1073/1073 
f 1073/1073/1073 1074/1074/1074 1083/1083/1083 
f 1073/1073/1073 1083/1083/1083 1084/1084/1084 
f 1072/1072/1072 1078/1078/1078 1074/1074/1074 
f 1072/1072/1072 1099/1099/1099 1080/1080/1080 
f 1080/1080/1080 1099/1099/1099 1110/1110/1110 
f 1075/1075/1075 1112/1112/1112 1077/1077/1077 
f 1075/1075/1075 1076/1076/1076 1081/1081/1081 
f 1075/1075/1075 1077/1077/1077 1076/1076/1076 
f 1074/1074/1074 1078/1078/1078 1083/1083/1083 
f 1078/1078/1078 1085/1085/1085 1083/1083/1083 
f 1085/1085/1085 1110/1110/1110 1089/1089/1089 
f 1072/1072/1072 1080/1080/1080 1079/1079/1079 
f 1072/1072/1072 1079/1079/1079 1078/1078/1078 
f 1078/1078/1078 1079/1079/1079 1110/1110/1110 
f 1079/1079/1079 1080/1080/1080 1110/1110/1110 
f 1075/1075/1075 1089/1089/1089 1110/1110/1110 
f 1078/1078/1078 1110/1110/1110 1085/1085/1085 
f 1075/1075/1075 1081/1081/1081 1082/1082/1082 
f 1075/1075/1075 1082/1082/1082 1089/1089/1089 
f 1082/1082/1082 1087/1087/1087 1089/1089/1089 
f 1083/1083/1083 1090/1090/1090 1084/1084/1084 
f 1083/1083/1083 1085/1085/1085 1086/1086/1086 
f 1085/1085/1085 1089/1089/1089 1086/1086/1086 
f 1083/1083/1083 1086/1086/1086 1090/1090/1090 
f 1086/1086/1086 1089/1089/1089 1090/1090/1090 
f 1087/1087/1087 1088/1088/1088 1089/1089/1089 
f 1088/1088/1088 1090/1090/1090 1089/1089/1089 
f 1092/1092/1092 1093/1093/1093 1096/1096/1096 
f 1093/1093/1093 1095/1095/1095 1096/1096/1096 
f 1094/1094/1094 1096/1096/1096 1095/1095/1095 
f 1051/1051/1051 1094/1094/1094 1095/1095/1095 
f 1091/1091/1091 1092/1092/1092 1101/1101/1101 
f 1048/1048/1048 1093/1093/1093 1092/1092/1092 
f 1051/1051/1051 1096/1096/1096 1094/1094/1094 
f 1092/1092/1092 1096/1096/1096 1101/1101/1101 
f 1051/1051/1051 1101/1101/1101 1096/1096/1096 
f 1091/1091/1091 1098/1098/1098 1097/1097/1097 
f 1091/1091/1091 1100/1100/1100 1098/1098/1098 
f 1097/1097/1097 1104/1104/1104 1099/1099/1099 
f 1091/1091/1091 1101/1101/1101 1100/1100/1100 
f 1100/1100/1100 1101/1101/1101 1104/1104/1104 
f 1098/1098/1098 1100/1100/1100 1104/1104/1104 
f 1097/1097/1097 1098/1098/1098 1104/1104/1104 
f 1051/1051/1051 1052/1052/1052 1101/1101/1101 
f 1052/1052/1052 1102/1102/1102 1101/1101/1101 
f 1052/1052/1052 1103/1103/1103 1102/1102/1102 
f 1102/1102/1102 1103/1103/1103 1138/1138/1138 
f 1102/1102/1102 1138/1138/1138 1137/1137/1137 
f 1101/1101/1101 1102/1102/1102 1137/1137/1137 
f 1101/1101/1101 1105/1105/1105 1104/1104/1104 
f 1104/1104/1104 1105/1105/1105 1106/1106/1106 
f 1101/1101/1101 1137/1137/1137 1105/1105/1105 
f 1105/1105/1105 1137/1137/1137 1106/1106/1106 
f 1104/1104/1104 1106/1106/1106 1107/1107/1107 
f 1104/1104/1104 1107/1107/1107 1108/1108/1108 
f 1107/1107/1107 1109/1109/1109 1108/1108/1108 
f 1108/1108/1108 1109/1109/1109 1139/1139/1139 
f 1099/1099/1099 1104/1104/1104 1110/1110/1110 
f 1075/1075/1075 1110/1110/1110 1111/1111/1111 
f 1104/1104/1104 1111/1111/1111 1110/1110/1110 
f 1075/1075/1075 1111/1111/1111 1112/1112/1112 
f 1077/1077/1077 1112/1112/1112 1115/1115/1115 
f 1104/1104/1104 1108/1108/1108 1111/1111/1111 
f 1108/1108/1108 1113/1113/1113 1111/1111/1111 
f 1108/1108/1108 1139/1139/1139 1113/1113/1113 
f 1113/1113/1113 1139/1139/1139 1144/1144/1144 
f 1111/1111/1111 1113/1113/1113 1112/1112/1112 
f 1112/1112/1112 1113/1113/1113 1114/1114/1114 
f 1113/1113/1113 1151/1151/1151 1114/1114/1114 
f 1114/1114/1114 1151/1151/1151 1124/1124/1124 
f 1112/1112/1112 1116/1116/1116 1115/1115/1115 
f 1116/1116/1116 1118/1118/1118 1117/1117/1117 
f 1112/1112/1112 1118/1118/1118 1116/1116/1116 
f 1117/1117/1117 1118/1118/1118 1119/1119/1119 
f 1112/1112/1112 1114/1114/1114 1118/1118/1118 
f 1114/1114/1114 1119/1119/1119 1118/1118/1118 
f 1117/1117/1117 1119/1119/1119 1120/1120/1120 
f 1119/1119/1119 1121/1121/1121 1120/1120/1120 
f 1121/1121/1121 1125/1125/1125 1122/1122/1122 
f 1114/1114/1114 1124/1124/1124 1119/1119/1119 
f 1119/1119/1119 1124/1124/1124 1125/1125/1125 
f 1119/1119/1119 1125/1125/1125 1121/1121/1121 
f 1122/1122/1122 1125/1125/1125 1127/1127/1127 
f 1122/1122/1122 1127/1127/1127 1123/1123/1123 
f 1123/1123/1123 1127/1127/1127 1126/1126/1126 
f 1124/1124/1124 1646/1646/1646 1125/1125/1125 
f 1125/1125/1125 1565/1565/1565 1127/1127/1127 
f 1125/1125/1125 1646/1646/1646 1565/1565/1565 
f 1127/1127/1127 1565/1565/1565 1568/1568/1568 
f 1126/1126/1126 1127/1127/1127 1128/1128/1128 
f 1127/1127/1127 1568/1568/1568 1128/1128/1128 
f 1128/1128/1128 1568/1568/1568 1566/1566/1566 
f 1052/1052/1052 1130/1130/1130 1129/1129/1129 
f 1129/1129/1129 1130/1130/1130 1138/1138/1138 
f 1050/1050/1050 1054/1054/1054 1132/1132/1132 
f 1050/1050/1050 1132/1132/1132 1052/1052/1052 
f 1052/1052/1052 1132/1132/1132 1130/1130/1130 
f 1130/1130/1130 1132/1132/1132 1131/1131/1131 
f 1131/1131/1131 1132/1132/1132 1133/1133/1133 
f 1130/1130/1130 1131/1131/1131 1142/1142/1142 
f 1131/1131/1131 1136/1136/1136 1142/1142/1142 
f 1131/1131/1131 1133/1133/1133 1136/1136/1136 
f 1054/1054/1054 1603/1603/1603 1132/1132/1132 
f 1132/1132/1132 1604/1604/1604 1134/1134/1134 
f 1132/1132/1132 1134/1134/1134 1133/1133/1133 
f 1133/1133/1133 1134/1134/1134 1136/1136/1136 
f 1134/1134/1134 1135/1135/1135 1136/1136/1136 
f 1132/1132/1132 1603/1603/1603 1604/1604/1604 
f 1134/1134/1134 1604/1604/1604 1135/1135/1135 
f 1135/1135/1135 1604/1604/1604 1605/1605/1605 
f 1135/1135/1135 1605/1605/1605 1608/1608/1608 
f 1136/1136/1136 1608/1608/1608 1162/1162/1162 
f 1135/1135/1135 1608/1608/1608 1136/1136/1136 
f 1162/1162/1162 1608/1608/1608 1615/1615/1615 
f 1137/1137/1137 1138/1138/1138 1140/1140/1140 
f 1103/1103/1103 1129/1129/1129 1138/1138/1138 
f 1138/1138/1138 1142/1142/1142 1140/1140/1140 
f 1130/1130/1130 1142/1142/1142 1138/1138/1138 
f 1106/1106/1106 1137/1137/1137 1141/1141/1141 
f 1106/1106/1106 1141/1141/1141 1107/1107/1107 
f 1107/1107/1107 1141/1141/1141 1109/1109/1109 
f 1109/1109/1109 1141/1141/1141 1139/1139/1139 
f 1139/1139/1139 1141/1141/1141 1144/1144/1144 
f 1137/1137/1137 1140/1140/1140 1141/1141/1141 
f 1140/1140/1140 1142/1142/1142 1143/1143/1143 
f 1142/1142/1142 1154/1154/1154 1143/1143/1143 
f 1140/1140/1140 1146/1146/1146 1141/1141/1141 
f 1140/1140/1140 1143/1143/1143 1146/1146/1146 
f 1136/1136/1136 1154/1154/1154 1142/1142/1142 
f 1136/1136/1136 1162/1162/1162 1154/1154/1154 
f 1113/1113/1113 1144/1144/1144 1145/1145/1145 
f 1141/1141/1141 1148/1148/1148 1144/1144/1144 
f 1144/1144/1144 1148/1148/1148 1145/1145/1145 
f 1113/1113/1113 1145/1145/1145 1151/1151/1151 
f 1145/1145/1145 1147/1147/1147 1151/1151/1151 
f 1145/1145/1145 1148/1148/1148 1147/1147/1147 
f 1141/1141/1141 1152/1152/1152 1148/1148/1148 
f 1143/1143/1143 1158/1158/1158 1146/1146/1146 
f 1141/1141/1141 1146/1146/1146 1152/1152/1152 
f 1146/1146/1146 1158/1158/1158 1153/1153/1153 
f 1146/1146/1146 1153/1153/1153 1152/1152/1152 
f 1147/1147/1147 1149/1149/1149 1151/1151/1151 
f 1149/1149/1149 1150/1150/1150 1151/1151/1151 
f 1147/1147/1147 1148/1148/1148 1149/1149/1149 
f 1148/1148/1148 1150/1150/1150 1149/1149/1149 
f 1148/1148/1148 1622/1622/1622 1150/1150/1150 
f 1148/1148/1148 1152/1152/1152 1622/1622/1622 
f 1150/1150/1150 1619/1619/1619 1151/1151/1151 
f 1124/1124/1124 1151/1151/1151 1619/1619/1619 
f 1150/1150/1150 1616/1616/1616 1619/1619/1619 
f 1150/1150/1150 1622/1622/1622 1616/1616/1616 
f 1124/1124/1124 1619/1619/1619 1646/1646/1646 
f 1152/1152/1152 1153/1153/1153 1623/1623/1623 
f 1152/1152/1152 1623/1623/1623 1622/1622/1622 
f 1143/1143/1143 1154/1154/1154 1155/1155/1155 
f 1143/1143/1143 1155/1155/1155 1158/1158/1158 
f 1154/1154/1154 1156/1156/1156 1155/1155/1155 
f 1154/1154/1154 1162/1162/1162 1156/1156/1156 
f 1156/1156/1156 1162/1162/1162 1163/1163/1163 
f 1155/1155/1155 1156/1156/1156 1160/1160/1160 
f 1156/1156/1156 1157/1157/1157 1160/1160/1160 
f 1156/1156/1156 1163/1163/1163 1157/1157/1157 
f 1157/1157/1157 1163/1163/1163 1172/1172/1172 
f 1155/1155/1155 1159/1159/1159 1158/1158/1158 
f 1153/1153/1153 1158/1158/1158 1164/1164/1164 
f 1158/1158/1158 1159/1159/1159 1164/1164/1164 
f 1159/1159/1159 1165/1165/1165 1164/1164/1164 
f 1155/1155/1155 1160/1160/1160 1159/1159/1159 
f 1157/1157/1157 1168/1168/1168 1160/1160/1160 
f 1160/1160/1160 1168/1168/1168 1161/1161/1161 
f 1159/1159/1159 1160/1160/1160 1161/1161/1161 
f 1161/1161/1161 1168/1168/1168 1176/1176/1176 
f 1159/1159/1159 1161/1161/1161 1165/1165/1165 
f 1162/1162/1162 1615/1615/1615 1163/1163/1163 
f 1163/1163/1163 1635/1635/1635 1172/1172/1172 
f 1163/1163/1163 1615/1615/1615 1635/1635/1635 
f 1153/1153/1153 1164/1164/1164 1636/1636/1636 
f 1164/1164/1164 1165/1165/1165 1647/1647/1647 
f 1153/1153/1153 1636/1636/1636 1623/1623/1623 
f 1164/1164/1164 1647/1647/1647 1636/1636/1636 
f 1161/1161/1161 1166/1166/1166 1165/1165/1165 
f 1161/1161/1161 1176/1176/1176 1166/1166/1166 
f 1166/1166/1166 1176/1176/1176 1167/1167/1167 
f 1165/1165/1165 1166/1166/1166 1648/1648/1648 
f 1166/1166/1166 1167/1167/1167 1649/1649/1649 
f 1165/1165/1165 1648/1648/1648 1647/1647/1647 
f 1166/1166/1166 1649/1649/1649 1648/1648/1648 
f 1167/1167/1167 1668/1668/1668 1649/1649/1649 
f 1157/1157/1157 1172/1172/1172 1169/1169/1169 
f 1169/1169/1169 1172/1172/1172 1173/1173/1173 
f 1157/1157/1157 1169/1169/1169 1168/1168/1168 
f 1168/1168/1168 1169/1169/1169 1170/1170/1170 
f 1168/1168/1168 1170/1170/1170 1176/1176/1176 
f 1169/1169/1169 1171/1171/1171 1170/1170/1170 
f 1170/1170/1170 1171/1171/1171 1179/1179/1179 
f 1171/1171/1171 1187/1187/1187 1179/1179/1179 
f 1169/1169/1169 1173/1173/1173 1171/1171/1171 
f 1171/1171/1171 1173/1173/1173 1174/1174/1174 
f 1171/1171/1171 1174/1174/1174 1187/1187/1187 
f 1172/1172/1172 1658/1658/1658 1173/1173/1173 
f 1172/1172/1172 1635/1635/1635 1658/1658/1658 
f 1173/1173/1173 1658/1658/1658 1659/1659/1659 
f 1173/1173/1173 1659/1659/1659 1174/1174/1174 
f 1174/1174/1174 1659/1659/1659 1665/1665/1665 
f 1174/1174/1174 1175/1175/1175 1187/1187/1187 
f 1174/1174/1174 1665/1665/1665 1175/1175/1175 
f 1175/1175/1175 1666/1666/1666 1192/1192/1192 
f 1175/1175/1175 1665/1665/1665 1666/1666/1666 
f 1170/1170/1170 1177/1177/1177 1176/1176/1176 
f 1170/1170/1170 1179/1179/1179 1177/1177/1177 
f 1177/1177/1177 1179/1179/1179 1178/1178/1178 
f 1167/1167/1167 1176/1176/1176 1177/1177/1177 
f 1167/1167/1167 1177/1177/1177 1184/1184/1184 
f 1177/1177/1177 1178/1178/1178 1184/1184/1184 
f 1179/1179/1179 1187/1187/1187 1180/1180/1180 
f 1178/1178/1178 1179/1179/1179 1180/1180/1180 
f 1178/1178/1178 1180/1180/1180 1181/1181/1181 
f 1180/1180/1180 1182/1182/1182 1181/1181/1181 
f 1178/1178/1178 1181/1181/1181 1185/1185/1185 
f 1178/1178/1178 1185/1185/1185 1184/1184/1184 
f 1181/1181/1181 1186/1186/1186 1185/1185/1185 
f 1183/1183/1183 1390/1390/1390 1186/1186/1186 
f 1181/1181/1181 1182/1182/1182 1183/1183/1183 
f 1182/1182/1182 1190/1190/1190 1183/1183/1183 
f 1183/1183/1183 1190/1190/1190 1381/1381/1381 
f 1190/1190/1190 1394/1394/1394 1381/1381/1381 
f 1181/1181/1181 1183/1183/1183 1186/1186/1186 
f 1183/1183/1183 1381/1381/1381 1390/1390/1390 
f 1167/1167/1167 1184/1184/1184 1668/1668/1668 
f 1184/1184/1184 1185/1185/1185 1669/1669/1669 
f 1185/1185/1185 1186/1186/1186 1670/1670/1670 
f 1186/1186/1186 1390/1390/1390 1919/1919/1919 
f 1184/1184/1184 1669/1669/1669 1668/1668/1668 
f 1185/1185/1185 1670/1670/1670 1669/1669/1669 
f 1186/1186/1186 1919/1919/1919 1670/1670/1670 
f 1180/1180/1180 1187/1187/1187 1188/1188/1188 
f 1180/1180/1180 1188/1188/1188 1182/1182/1182 
f 1182/1182/1182 1188/1188/1188 1189/1189/1189 
f 1175/1175/1175 1188/1188/1188 1187/1187/1187 
f 1175/1175/1175 1192/1192/1192 1188/1188/1188 
f 1188/1188/1188 1192/1192/1192 1189/1189/1189 
f 1189/1189/1189 1192/1192/1192 1193/1193/1193 
f 1182/1182/1182 1189/1189/1189 1190/1190/1190 
f 1189/1189/1189 1191/1191/1191 1190/1190/1190 
f 1190/1190/1190 1191/1191/1191 1394/1394/1394 
f 1191/1191/1191 1396/1396/1396 1394/1394/1394 
f 1189/1189/1189 1193/1193/1193 1191/1191/1191 
f 1191/1191/1191 1193/1193/1193 1194/1194/1194 
f 1191/1191/1191 1194/1194/1194 1396/1396/1396 
f 1194/1194/1194 1400/1400/1400 1396/1396/1396 
f 1192/1192/1192 1679/1679/1679 1193/1193/1193 
f 1192/1192/1192 1666/1666/1666 1679/1679/1679 
f 1193/1193/1193 1679/1679/1679 1680/1680/1680 
f 1193/1193/1193 1680/1680/1680 1194/1194/1194 
f 1194/1194/1194 1681/1681/1681 1400/1400/1400 
f 1194/1194/1194 1680/1680/1680 1681/1681/1681 
f 1400/1400/1400 1681/1681/1681 1933/1933/1933 
f 1198/1198/1198 301/301/301 1195/1195/1195 
f 1198/1198/1198 1195/1195/1195 1197/1197/1197 
f 302/302/302 1198/1198/1198 1196/1196/1196 
f 1198/1198/1198 1197/1197/1197 1199/1199/1199 
f 1198/1198/1198 1200/1200/1200 1205/1205/1205 
f 1198/1198/1198 1205/1205/1205 1201/1201/1201 
f 1198/1198/1198 1199/1199/1199 1200/1200/1200 
f 1198/1198/1198 1201/1201/1201 1202/1202/1202 
f 1198/1198/1198 1202/1202/1202 1218/1218/1218 
f 1201/1201/1201 1222/1222/1222 1202/1202/1202 
f 1205/1205/1205 1204/1204/1204 1203/1203/1203 
f 990/990/990 1205/1205/1205 1207/1207/1207 
f 990/990/990 1208/1208/1208 1205/1205/1205 
f 990/990/990 1209/1209/1209 1208/1208/1208 
f 1205/1205/1205 1203/1203/1203 1207/1207/1207 
f 1205/1205/1205 1208/1208/1208 1210/1210/1210 
f 1205/1205/1205 1200/1200/1200 1211/1211/1211 
f 1201/1201/1201 1205/1205/1205 1212/1212/1212 
f 1205/1205/1205 1211/1211/1211 1204/1204/1204 
f 1208/1208/1208 1229/1229/1229 1210/1210/1210 
f 1205/1205/1205 1210/1210/1210 1231/1231/1231 
f 1201/1201/1201 1212/1212/1212 1239/1239/1239 
f 1205/1205/1205 1226/1226/1226 1212/1212/1212 
f 1198/1198/1198 1219/1219/1219 1213/1213/1213 
f 1198/1198/1198 1213/1213/1213 1214/1214/1214 
f 1198/1198/1198 1214/1214/1214 1216/1216/1216 
f 1196/1196/1196 1198/1198/1198 1863/1863/1863 
f 1198/1198/1198 1216/1216/1216 1695/1695/1695 
f 1201/1201/1201 1217/1217/1217 1221/1221/1221 
f 1198/1198/1198 1218/1218/1218 1219/1219/1219 
f 1202/1202/1202 1222/1222/1222 1218/1218/1218 
f 1201/1201/1201 1221/1221/1221 1222/1222/1222 
f 1213/1213/1213 1215/1215/1215 1214/1214/1214 
f 1214/1214/1214 1215/1215/1215 1216/1216/1216 
f 1215/1215/1215 1696/1696/1696 1216/1216/1216 
f 1216/1216/1216 1696/1696/1696 1695/1695/1695 
f 1218/1218/1218 1220/1220/1220 1219/1219/1219 
f 1213/1213/1213 1219/1219/1219 1224/1224/1224 
f 1213/1213/1213 1224/1224/1224 1215/1215/1215 
f 1219/1219/1219 1220/1220/1220 1224/1224/1224 
f 1220/1220/1220 1222/1222/1222 1223/1223/1223 
f 1218/1218/1218 1222/1222/1222 1220/1220/1220 
f 1221/1221/1221 1223/1223/1223 1222/1222/1222 
f 1217/1217/1217 1247/1247/1247 1221/1221/1221 
f 1221/1221/1221 1247/1247/1247 1223/1223/1223 
f 1220/1220/1220 1223/1223/1223 1248/1248/1248 
f 1223/1223/1223 1247/1247/1247 1248/1248/1248 
f 1220/1220/1220 1225/1225/1225 1224/1224/1224 
f 1220/1220/1220 1248/1248/1248 1225/1225/1225 
f 1215/1215/1215 1224/1224/1224 1701/1701/1701 
f 1215/1215/1215 1701/1701/1701 1696/1696/1696 
f 1224/1224/1224 1225/1225/1225 1774/1774/1774 
f 1224/1224/1224 1774/1774/1774 1701/1701/1701 
f 1205/1205/1205 1230/1230/1230 1226/1226/1226 
f 1208/1208/1208 1227/1227/1227 1229/1229/1229 
f 1208/1208/1208 1234/1234/1234 1227/1227/1227 
f 1208/1208/1208 1236/1236/1236 1234/1234/1234 
f 1210/1210/1210 1228/1228/1228 1231/1231/1231 
f 1210/1210/1210 1229/1229/1229 1228/1228/1228 
f 1205/1205/1205 1231/1231/1231 1230/1230/1230 
f 1208/1208/1208 1712/1712/1712 1236/1236/1236 
f 1208/1208/1208 1209/1209/1209 1874/1874/1874 
f 1201/1201/1201 1239/1239/1239 1217/1217/1217 
f 1212/1212/1212 1252/1252/1252 1239/1239/1239 
f 1212/1212/1212 1254/1254/1254 1252/1252/1252 
f 1212/1212/1212 1261/1261/1261 1254/1254/1254 
f 1212/1212/1212 1241/1241/1241 1243/1243/1243 
f 1212/1212/1212 1226/1226/1226 1241/1241/1241 
f 1212/1212/1212 1243/1243/1243 1255/1255/1255 
f 1212/1212/1212 1255/1255/1255 1257/1257/1257 
f 1212/1212/1212 1257/1257/1257 1258/1258/1258 
f 1212/1212/1212 1258/1258/1258 1261/1261/1261 
f 1227/1227/1227 1234/1234/1234 1235/1235/1235 
f 1228/1228/1228 1229/1229/1229 1233/1233/1233 
f 1228/1228/1228 1232/1232/1232 1231/1231/1231 
f 1226/1226/1226 1230/1230/1230 1232/1232/1232 
f 1230/1230/1230 1231/1231/1231 1232/1232/1232 
f 1228/1228/1228 1233/1233/1233 1232/1232/1232 
f 1232/1232/1232 1233/1233/1233 1262/1262/1262 
f 1233/1233/1233 1265/1265/1265 1262/1262/1262 
f 1227/1227/1227 1235/1235/1235 1229/1229/1229 
f 1229/1229/1229 1235/1235/1235 1233/1233/1233 
f 1233/1233/1233 1235/1235/1235 1237/1237/1237 
f 1233/1233/1233 1237/1237/1237 1265/1265/1265 
f 1237/1237/1237 1238/1238/1238 1265/1265/1265 
f 1234/1234/1234 1236/1236/1236 1235/1235/1235 
f 1235/1235/1235 1236/1236/1236 1714/1714/1714 
f 1236/1236/1236 1712/1712/1712 1714/1714/1714 
f 1235/1235/1235 1714/1714/1714 1237/1237/1237 
f 1237/1237/1237 1715/1715/1715 1238/1238/1238 
f 1237/1237/1237 1714/1714/1714 1715/1715/1715 
f 1238/1238/1238 1715/1715/1715 1878/1878/1878 
f 1239/1239/1239 1240/1240/1240 1247/1247/1247 
f 1239/1239/1239 1252/1252/1252 1240/1240/1240 
f 1240/1240/1240 1252/1252/1252 1253/1253/1253 
f 1226/1226/1226 1242/1242/1242 1241/1241/1241 
f 1226/1226/1226 1232/1232/1232 1242/1242/1242 
f 1241/1241/1241 1242/1242/1242 1243/1243/1243 
f 1242/1242/1242 1263/1263/1263 1245/1245/1245 
f 1246/1246/1246 1269/1269/1269 1250/1250/1250 
f 1246/1246/1246 1263/1263/1263 1269/1269/1269 
f 1242/1242/1242 1256/1256/1256 1243/1243/1243 
f 1243/1243/1243 1256/1256/1256 1255/1255/1255 
f 1242/1242/1242 1259/1259/1259 1256/1256/1256 
f 1242/1242/1242 1244/1244/1244 1259/1259/1259 
f 1240/1240/1240 1253/1253/1253 1250/1250/1250 
f 1244/1244/1244 1250/1250/1250 1259/1259/1259 
f 1250/1250/1250 1253/1253/1253 1259/1259/1259 
f 1242/1242/1242 1245/1245/1245 1244/1244/1244 
f 1244/1244/1244 1245/1245/1245 1250/1250/1250 
f 1245/1245/1245 1246/1246/1246 1250/1250/1250 
f 1245/1245/1245 1263/1263/1263 1246/1246/1246 
f 1217/1217/1217 1239/1239/1239 1247/1247/1247 
f 1240/1240/1240 1249/1249/1249 1247/1247/1247 
f 1247/1247/1247 1251/1251/1251 1248/1248/1248 
f 1247/1247/1247 1249/1249/1249 1251/1251/1251 
f 1225/1225/1225 1248/1248/1248 1319/1319/1319 
f 1248/1248/1248 1251/1251/1251 1319/1319/1319 
f 1240/1240/1240 1250/1250/1250 1249/1249/1249 
f 1250/1250/1250 1269/1269/1269 1271/1271/1271 
f 1249/1249/1249 1250/1250/1250 1271/1271/1271 
f 1249/1249/1249 1272/1272/1272 1251/1251/1251 
f 1249/1249/1249 1271/1271/1271 1272/1272/1272 
f 1251/1251/1251 1272/1272/1272 1327/1327/1327 
f 1251/1251/1251 1327/1327/1327 1312/1312/1312 
f 1252/1252/1252 1254/1254/1254 1253/1253/1253 
f 1253/1253/1253 1254/1254/1254 1261/1261/1261 
f 1255/1255/1255 1256/1256/1256 1257/1257/1257 
f 1256/1256/1256 1258/1258/1258 1257/1257/1257 
f 1256/1256/1256 1261/1261/1261 1258/1258/1258 
f 1253/1253/1253 1260/1260/1260 1259/1259/1259 
f 1256/1256/1256 1259/1259/1259 1260/1260/1260 
f 1253/1253/1253 1261/1261/1261 1260/1260/1260 
f 1256/1256/1256 1260/1260/1260 1261/1261/1261 
f 1232/1232/1232 1262/1262/1262 1242/1242/1242 
f 1242/1242/1242 1262/1262/1262 1263/1263/1263 
f 1262/1262/1262 1265/1265/1265 1264/1264/1264 
f 1262/1262/1262 1264/1264/1264 1263/1263/1263 
f 1263/1263/1263 1264/1264/1264 1269/1269/1269 
f 1264/1264/1264 1267/1267/1267 1269/1269/1269 
f 1264/1264/1264 1268/1268/1268 1267/1267/1267 
f 1264/1264/1264 1277/1277/1277 1268/1268/1268 
f 1264/1264/1264 1265/1265/1265 1266/1266/1266 
f 1264/1264/1264 1266/1266/1266 1277/1277/1277 
f 1266/1266/1266 1279/1279/1279 1277/1277/1277 
f 1238/1238/1238 1266/1266/1266 1265/1265/1265 
f 1267/1267/1267 1271/1271/1271 1269/1269/1269 
f 1267/1267/1267 1268/1268/1268 1271/1271/1271 
f 1268/1268/1268 1270/1270/1270 1271/1271/1271 
f 1268/1268/1268 1277/1277/1277 1270/1270/1270 
f 1270/1270/1270 1283/1283/1283 1271/1271/1271 
f 1270/1270/1270 1277/1277/1277 1283/1283/1283 
f 1271/1271/1271 1276/1276/1276 1274/1274/1274 
f 1271/1271/1271 1275/1275/1275 1272/1272/1272 
f 1271/1271/1271 1274/1274/1274 1275/1275/1275 
f 1272/1272/1272 1275/1275/1275 1273/1273/1273 
f 1272/1272/1272 1273/1273/1273 1327/1327/1327 
f 1271/1271/1271 1283/1283/1283 1276/1276/1276 
f 1274/1274/1274 1276/1276/1276 1331/1331/1331 
f 1276/1276/1276 1283/1283/1283 1331/1331/1331 
f 1277/1277/1277 1279/1279/1279 1283/1283/1283 
f 1278/1278/1278 1279/1279/1279 1282/1282/1282 
f 1278/1278/1278 1282/1282/1282 1281/1281/1281 
f 1278/1278/1278 1281/1281/1281 1280/1280/1280 
f 1280/1280/1280 1281/1281/1281 1357/1357/1357 
f 1278/1278/1278 1357/1357/1357 1283/1283/1283 
f 1278/1278/1278 1283/1283/1283 1279/1279/1279 
f 1278/1278/1278 1280/1280/1280 1357/1357/1357 
f 1279/1279/1279 1354/1354/1354 1282/1282/1282 
f 1283/1283/1283 1284/1284/1284 1331/1331/1331 
f 1283/1283/1283 1357/1357/1357 1358/1358/1358 
f 1283/1283/1283 1358/1358/1358 1284/1284/1284 
f 1284/1284/1284 1285/1285/1285 1331/1331/1331 
f 1284/1284/1284 1358/1358/1358 1285/1285/1285 
f 1286/1286/1286 1287/1287/1287 1305/1305/1305 
f 1287/1287/1287 1316/1316/1316 1305/1305/1305 
f 1287/1287/1287 1288/1288/1288 1316/1316/1316 
f 1286/1286/1286 1775/1775/1775 1287/1287/1287 
f 1286/1286/1286 1796/1796/1796 1775/1775/1775 
f 1287/1287/1287 1777/1777/1777 1288/1288/1288 
f 1287/1287/1287 1775/1775/1775 1777/1777/1777 
f 1288/1288/1288 1777/1777/1777 1776/1776/1776 
f 1289/1289/1289 1294/1294/1294 1293/1293/1293 
f 1289/1289/1289 1290/1290/1290 1294/1294/1294 
f 1290/1290/1290 1297/1297/1297 1298/1298/1298 
f 1289/1289/1289 1297/1297/1297 1290/1290/1290 
f 1290/1290/1290 1292/1292/1292 1291/1291/1291 
f 1290/1290/1290 1291/1291/1291 1294/1294/1294 
f 1292/1292/1292 1298/1298/1298 1299/1299/1299 
f 1292/1292/1292 1299/1299/1299 1302/1302/1302 
f 1299/1299/1299 1309/1309/1309 1302/1302/1302 
f 1290/1290/1290 1298/1298/1298 1292/1292/1292 
f 1293/1293/1293 1296/1296/1296 1295/1295/1295 
f 1293/1293/1293 1294/1294/1294 1296/1296/1296 
f 1295/1295/1295 1301/1301/1301 1300/1300/1300 
f 1295/1295/1295 1296/1296/1296 1301/1301/1301 
f 1294/1294/1294 1307/1307/1307 1296/1296/1296 
f 1291/1291/1291 1307/1307/1307 1294/1294/1294 
f 1296/1296/1296 1310/1310/1310 1301/1301/1301 
f 1296/1296/1296 1307/1307/1307 1310/1310/1310 
f 1297/1297/1297 1781/1781/1781 1298/1298/1298 
f 1298/1298/1298 1782/1782/1782 1299/1299/1299 
f 1298/1298/1298 1781/1781/1781 1782/1782/1782 
f 1299/1299/1299 1783/1783/1783 1309/1309/1309 
f 1299/1299/1299 1782/1782/1782 1783/1783/1783 
f 1309/1309/1309 1783/1783/1783 1796/1796/1796 
f 1300/1300/1300 1301/1301/1301 1785/1785/1785 
f 1300/1300/1300 1785/1785/1785 1784/1784/1784 
f 1301/1301/1301 1310/1310/1310 1797/1797/1797 
f 1301/1301/1301 1797/1797/1797 1785/1785/1785 
f 1292/1292/1292 1302/1302/1302 1303/1303/1303 
f 1291/1291/1291 1292/1292/1292 1303/1303/1303 
f 1302/1302/1302 1306/1306/1306 1303/1303/1303 
f 1302/1302/1302 1309/1309/1309 1304/1304/1304 
f 1286/1286/1286 1304/1304/1304 1309/1309/1309 
f 1302/1302/1302 1304/1304/1304 1306/1306/1306 
f 1304/1304/1304 1305/1305/1305 1340/1340/1340 
f 1304/1304/1304 1340/1340/1340 1306/1306/1306 
f 1303/1303/1303 1306/1306/1306 1344/1344/1344 
f 1286/1286/1286 1305/1305/1305 1304/1304/1304 
f 1291/1291/1291 1308/1308/1308 1307/1307/1307 
f 1291/1291/1291 1303/1303/1303 1308/1308/1308 
f 1307/1307/1307 1308/1308/1308 1311/1311/1311 
f 1307/1307/1307 1311/1311/1311 1310/1310/1310 
f 1303/1303/1303 1344/1344/1344 1308/1308/1308 
f 1308/1308/1308 1344/1344/1344 1346/1346/1346 
f 1308/1308/1308 1346/1346/1346 1311/1311/1311 
f 1286/1286/1286 1309/1309/1309 1796/1796/1796 
f 1310/1310/1310 1311/1311/1311 1798/1798/1798 
f 1310/1310/1310 1798/1798/1798 1797/1797/1797 
f 1311/1311/1311 1842/1842/1842 1798/1798/1798 
f 1251/1251/1251 1312/1312/1312 1314/1314/1314 
f 1313/1313/1313 1330/1330/1330 1317/1317/1317 
f 1251/1251/1251 1314/1314/1314 1319/1319/1319 
f 1314/1314/1314 1321/1321/1321 1319/1319/1319 
f 1314/1314/1314 1322/1322/1322 1321/1321/1321 
f 1312/1312/1312 1322/1322/1322 1314/1314/1314 
f 1312/1312/1312 1328/1328/1328 1322/1322/1322 
f 1322/1322/1322 1328/1328/1328 1325/1325/1325 
f 1313/1313/1313 1317/1317/1317 1320/1320/1320 
f 1313/1313/1313 1320/1320/1320 1325/1325/1325 
f 1313/1313/1313 1325/1325/1325 1328/1328/1328 
f 1305/1305/1305 1316/1316/1316 1342/1342/1342 
f 1315/1315/1315 1318/1318/1318 1316/1316/1316 
f 1288/1288/1288 1326/1326/1326 1315/1315/1315 
f 1315/1315/1315 1326/1326/1326 1317/1317/1317 
f 1317/1317/1317 1326/1326/1326 1320/1320/1320 
f 1288/1288/1288 1315/1315/1315 1316/1316/1316 
f 1315/1315/1315 1317/1317/1317 1334/1334/1334 
f 1316/1316/1316 1318/1318/1318 1342/1342/1342 
f 1315/1315/1315 1334/1334/1334 1318/1318/1318 
f 1318/1318/1318 1335/1335/1335 1342/1342/1342 
f 1225/1225/1225 1319/1319/1319 1812/1812/1812 
f 1319/1319/1319 1324/1324/1324 1812/1812/1812 
f 1320/1320/1320 1814/1814/1814 1325/1325/1325 
f 1225/1225/1225 1812/1812/1812 1774/1774/1774 
f 1325/1325/1325 1814/1814/1814 1813/1813/1813 
f 1319/1319/1319 1321/1321/1321 1323/1323/1323 
f 1321/1321/1321 1322/1322/1322 1323/1323/1323 
f 1319/1319/1319 1323/1323/1323 1324/1324/1324 
f 1322/1322/1322 1325/1325/1325 1813/1813/1813 
f 1322/1322/1322 1813/1813/1813 1324/1324/1324 
f 1322/1322/1322 1324/1324/1324 1323/1323/1323 
f 1324/1324/1324 1815/1815/1815 1812/1812/1812 
f 1324/1324/1324 1813/1813/1813 1815/1815/1815 
f 1320/1320/1320 1326/1326/1326 1820/1820/1820 
f 1288/1288/1288 1776/1776/1776 1326/1326/1326 
f 1326/1326/1326 1776/1776/1776 1820/1820/1820 
f 1320/1320/1320 1820/1820/1820 1814/1814/1814 
f 1274/1274/1274 1331/1331/1331 1328/1328/1328 
f 1274/1274/1274 1328/1328/1328 1275/1275/1275 
f 1273/1273/1273 1275/1275/1275 1328/1328/1328 
f 1273/1273/1273 1328/1328/1328 1327/1327/1327 
f 1312/1312/1312 1327/1327/1327 1328/1328/1328 
f 1328/1328/1328 1331/1331/1331 1329/1329/1329 
f 1313/1313/1313 1328/1328/1328 1329/1329/1329 
f 1313/1313/1313 1329/1329/1329 1330/1330/1330 
f 1329/1329/1329 1331/1331/1331 1332/1332/1332 
f 1285/1285/1285 1332/1332/1332 1331/1331/1331 
f 1329/1329/1329 1332/1332/1332 1333/1333/1333 
f 1285/1285/1285 1413/1413/1413 1332/1332/1332 
f 1329/1329/1329 1333/1333/1333 1330/1330/1330 
f 1330/1330/1330 1333/1333/1333 1337/1337/1337 
f 1333/1333/1333 1418/1418/1418 1337/1337/1337 
f 1337/1337/1337 1418/1418/1418 1338/1338/1338 
f 1317/1317/1317 1330/1330/1330 1334/1334/1334 
f 1330/1330/1330 1337/1337/1337 1334/1334/1334 
f 1334/1334/1334 1337/1337/1337 1336/1336/1336 
f 1318/1318/1318 1334/1334/1334 1336/1336/1336 
f 1318/1318/1318 1336/1336/1336 1335/1335/1335 
f 1335/1335/1335 1336/1336/1336 1339/1339/1339 
f 1335/1335/1335 1339/1339/1339 1347/1347/1347 
f 1336/1336/1336 1337/1337/1337 1338/1338/1338 
f 1336/1336/1336 1338/1338/1338 1339/1339/1339 
f 1338/1338/1338 1968/1968/1968 1339/1339/1339 
f 1339/1339/1339 1832/1832/1832 1347/1347/1347 
f 1339/1339/1339 1968/1968/1968 1832/1832/1832 
f 1305/1305/1305 1342/1342/1342 1340/1340/1340 
f 1340/1340/1340 1343/1343/1343 1341/1341/1341 
f 1306/1306/1306 1340/1340/1340 1341/1341/1341 
f 1306/1306/1306 1341/1341/1341 1344/1344/1344 
f 1341/1341/1341 1345/1345/1345 1344/1344/1344 
f 1340/1340/1340 1342/1342/1342 1343/1343/1343 
f 1335/1335/1335 1343/1343/1343 1342/1342/1342 
f 1341/1341/1341 1348/1348/1348 1345/1345/1345 
f 1341/1341/1341 1343/1343/1343 1348/1348/1348 
f 1344/1344/1344 1345/1345/1345 1346/1346/1346 
f 1345/1345/1345 1348/1348/1348 1849/1849/1849 
f 1345/1345/1345 1849/1849/1849 1843/1843/1843 
f 1311/1311/1311 1346/1346/1346 1842/1842/1842 
f 1346/1346/1346 1843/1843/1843 1842/1842/1842 
f 1345/1345/1345 1843/1843/1843 1346/1346/1346 
f 1335/1335/1335 1347/1347/1347 1343/1343/1343 
f 1343/1343/1343 1347/1347/1347 1348/1348/1348 
f 1347/1347/1347 1850/1850/1850 1348/1348/1348 
f 1348/1348/1348 1850/1850/1850 1849/1849/1849 
f 1347/1347/1347 1832/1832/1832 1850/1850/1850 
f 1349/1349/1349 1386/1386/1386 1351/1351/1351 
f 1350/1350/1350 1351/1351/1351 1387/1387/1387 
f 1350/1350/1350 1903/1903/1903 1879/1879/1879 
f 1349/1349/1349 1880/1880/1880 1393/1393/1393 
f 1350/1350/1350 1879/1879/1879 1351/1351/1351 
f 1349/1349/1349 1351/1351/1351 1881/1881/1881 
f 1349/1349/1349 1881/1881/1881 1880/1880/1880 
f 1351/1351/1351 1879/1879/1879 1881/1881/1881 
f 1279/1279/1279 1352/1352/1352 1354/1354/1354 
f 1352/1352/1352 1356/1356/1356 1354/1354/1354 
f 1238/1238/1238 1361/1361/1361 1266/1266/1266 
f 1266/1266/1266 1361/1361/1361 1279/1279/1279 
f 1279/1279/1279 1361/1361/1361 1352/1352/1352 
f 1352/1352/1352 1362/1362/1362 1356/1356/1356 
f 1352/1352/1352 1361/1361/1361 1362/1362/1362 
f 1353/1353/1353 1356/1356/1356 1364/1364/1364 
f 1356/1356/1356 1362/1362/1362 1364/1364/1364 
f 1353/1353/1353 1364/1364/1364 1369/1369/1369 
f 1353/1353/1353 1369/1369/1369 1371/1371/1371 
f 1368/1368/1368 1371/1371/1371 1369/1369/1369 
f 1281/1281/1281 1355/1355/1355 1357/1357/1357 
f 1281/1281/1281 1282/1282/1282 1356/1356/1356 
f 1282/1282/1282 1354/1354/1354 1356/1356/1356 
f 1281/1281/1281 1356/1356/1356 1355/1355/1355 
f 1357/1357/1357 1360/1360/1360 1358/1358/1358 
f 1285/1285/1285 1358/1358/1358 1413/1413/1413 
f 1355/1355/1355 1360/1360/1360 1357/1357/1357 
f 1355/1355/1355 1356/1356/1356 1359/1359/1359 
f 1353/1353/1353 1359/1359/1359 1356/1356/1356 
f 1353/1353/1353 1374/1374/1374 1359/1359/1359 
f 1355/1355/1355 1359/1359/1359 1375/1375/1375 
f 1355/1355/1355 1375/1375/1375 1360/1360/1360 
f 1360/1360/1360 1375/1375/1375 1379/1379/1379 
f 1238/1238/1238 1878/1878/1878 1361/1361/1361 
f 1361/1361/1361 1363/1363/1363 1362/1362/1362 
f 1362/1362/1362 1363/1363/1363 1364/1364/1364 
f 1361/1361/1361 1365/1365/1365 1363/1363/1363 
f 1361/1361/1361 1366/1366/1366 1365/1365/1365 
f 1363/1363/1363 1365/1365/1365 1364/1364/1364 
f 1364/1364/1364 1365/1365/1365 1369/1369/1369 
f 1365/1365/1365 1366/1366/1366 1369/1369/1369 
f 1366/1366/1366 1367/1367/1367 1369/1369/1369 
f 1361/1361/1361 1878/1878/1878 1885/1885/1885 
f 1361/1361/1361 1885/1885/1885 1366/1366/1366 
f 1366/1366/1366 1885/1885/1885 1367/1367/1367 
f 1367/1367/1367 1885/1885/1885 1886/1886/1886 
f 1367/1367/1367 1886/1886/1886 1889/1889/1889 
f 1368/1368/1368 1369/1369/1369 1889/1889/1889 
f 1368/1368/1368 1889/1889/1889 1890/1890/1890 
f 1367/1367/1367 1889/1889/1889 1369/1369/1369 
f 1353/1353/1353 1371/1371/1371 1374/1374/1374 
f 1370/1370/1370 1373/1373/1373 1371/1371/1371 
f 1371/1371/1371 1373/1373/1373 1374/1374/1374 
f 1368/1368/1368 1378/1378/1378 1370/1370/1370 
f 1370/1370/1370 1378/1378/1378 1372/1372/1372 
f 1368/1368/1368 1370/1370/1370 1371/1371/1371 
f 1370/1370/1370 1372/1372/1372 1405/1405/1405 
f 1370/1370/1370 1405/1405/1405 1373/1373/1373 
f 1350/1350/1350 1372/1372/1372 1378/1378/1378 
f 1350/1350/1350 1387/1387/1387 1372/1372/1372 
f 1359/1359/1359 1376/1376/1376 1375/1375/1375 
f 1359/1359/1359 1374/1374/1374 1376/1376/1376 
f 1375/1375/1375 1376/1376/1376 1380/1380/1380 
f 1375/1375/1375 1380/1380/1380 1379/1379/1379 
f 1373/1373/1373 1377/1377/1377 1374/1374/1374 
f 1374/1374/1374 1377/1377/1377 1376/1376/1376 
f 1376/1376/1376 1377/1377/1377 1409/1409/1409 
f 1376/1376/1376 1409/1409/1409 1380/1380/1380 
f 1368/1368/1368 1890/1890/1890 1378/1378/1378 
f 1350/1350/1350 1378/1378/1378 1903/1903/1903 
f 1378/1378/1378 1890/1890/1890 1903/1903/1903 
f 1379/1379/1379 1904/1904/1904 1975/1975/1975 
f 1379/1379/1379 1380/1380/1380 1904/1904/1904 
f 1380/1380/1380 1945/1945/1945 1904/1904/1904 
f 1381/1381/1381 1391/1391/1391 1390/1390/1390 
f 1382/1382/1382 1392/1392/1392 1391/1391/1391 
f 1382/1382/1382 1383/1383/1383 1392/1392/1392 
f 1383/1383/1383 1393/1393/1393 1392/1392/1392 
f 1381/1381/1381 1394/1394/1394 1382/1382/1382 
f 1382/1382/1382 1394/1394/1394 1395/1395/1395 
f 1383/1383/1383 1384/1384/1384 1385/1385/1385 
f 1382/1382/1382 1395/1395/1395 1383/1383/1383 
f 1383/1383/1383 1395/1395/1395 1384/1384/1384 
f 1381/1381/1381 1382/1382/1382 1391/1391/1391 
f 1386/1386/1386 1389/1389/1389 1387/1387/1387 
f 1387/1387/1387 1389/1389/1389 1404/1404/1404 
f 1349/1349/1349 1385/1385/1385 1386/1386/1386 
f 1349/1349/1349 1393/1393/1393 1385/1385/1385 
f 1383/1383/1383 1385/1385/1385 1393/1393/1393 
f 1351/1351/1351 1386/1386/1386 1387/1387/1387 
f 1385/1385/1385 1388/1388/1388 1386/1386/1386 
f 1384/1384/1384 1388/1388/1388 1385/1385/1385 
f 1386/1386/1386 1388/1388/1388 1389/1389/1389 
f 1389/1389/1389 1411/1411/1411 1404/1404/1404 
f 1388/1388/1388 1399/1399/1399 1389/1389/1389 
f 1389/1389/1389 1399/1399/1399 1411/1411/1411 
f 1390/1390/1390 1391/1391/1391 1920/1920/1920 
f 1391/1391/1391 1392/1392/1392 1921/1921/1921 
f 1392/1392/1392 1393/1393/1393 1922/1922/1922 
f 1391/1391/1391 1921/1921/1921 1920/1920/1920 
f 1390/1390/1390 1920/1920/1920 1919/1919/1919 
f 1392/1392/1392 1922/1922/1922 1921/1921/1921 
f 1393/1393/1393 1880/1880/1880 1922/1922/1922 
f 1394/1394/1394 1396/1396/1396 1395/1395/1395 
f 1395/1395/1395 1396/1396/1396 1397/1397/1397 
f 1384/1384/1384 1395/1395/1395 1397/1397/1397 
f 1384/1384/1384 1397/1397/1397 1398/1398/1398 
f 1396/1396/1396 1400/1400/1400 1397/1397/1397 
f 1397/1397/1397 1400/1400/1400 1401/1401/1401 
f 1397/1397/1397 1401/1401/1401 1398/1398/1398 
f 1398/1398/1398 1401/1401/1401 1402/1402/1402 
f 1384/1384/1384 1398/1398/1398 1388/1388/1388 
f 1388/1388/1388 1398/1398/1398 1399/1399/1399 
f 1398/1398/1398 1402/1402/1402 1399/1399/1399 
f 1399/1399/1399 1403/1403/1403 1411/1411/1411 
f 1403/1403/1403 1412/1412/1412 1411/1411/1411 
f 1399/1399/1399 1402/1402/1402 1403/1403/1403 
f 1400/1400/1400 1933/1933/1933 1401/1401/1401 
f 1401/1401/1401 1934/1934/1934 1402/1402/1402 
f 1401/1401/1401 1933/1933/1933 1934/1934/1934 
f 1402/1402/1402 1934/1934/1934 1935/1935/1935 
f 1402/1402/1402 1935/1935/1935 1403/1403/1403 
f 1403/1403/1403 1936/1936/1936 1412/1412/1412 
f 1403/1403/1403 1935/1935/1935 1936/1936/1936 
f 1372/1372/1372 1387/1387/1387 1404/1404/1404 
f 1372/1372/1372 1404/1404/1404 1405/1405/1405 
f 1404/1404/1404 1407/1407/1407 1405/1405/1405 
f 1373/1373/1373 1405/1405/1405 1406/1406/1406 
f 1373/1373/1373 1406/1406/1406 1377/1377/1377 
f 1405/1405/1405 1407/1407/1407 1406/1406/1406 
f 1404/1404/1404 1411/1411/1411 1407/1407/1407 
f 1406/1406/1406 1407/1407/1407 1408/1408/1408 
f 1406/1406/1406 1408/1408/1408 1410/1410/1410 
f 1377/1377/1377 1406/1406/1406 1410/1410/1410 
f 1377/1377/1377 1410/1410/1410 1409/1409/1409 
f 1408/1408/1408 1953/1953/1953 1410/1410/1410 
f 1410/1410/1410 1953/1953/1953 1946/1946/1946 
f 1380/1380/1380 1409/1409/1409 1945/1945/1945 
f 1409/1409/1409 1946/1946/1946 1945/1945/1945 
f 1409/1409/1409 1410/1410/1410 1946/1946/1946 
f 1407/1407/1407 1411/1411/1411 1412/1412/1412 
f 1407/1407/1407 1412/1412/1412 1408/1408/1408 
f 1408/1408/1408 1412/1412/1412 1952/1952/1952 
f 1412/1412/1412 1936/1936/1936 1952/1952/1952 
f 1408/1408/1408 1952/1952/1952 1953/1953/1953 
f 1332/1332/1332 1413/1413/1413 1414/1414/1414 
f 1358/1358/1358 1414/1414/1414 1413/1413/1413 
f 1332/1332/1332 1415/1415/1415 1333/1333/1333 
f 1332/1332/1332 1414/1414/1414 1415/1415/1415 
f 1333/1333/1333 1415/1415/1415 1416/1416/1416 
f 1358/1358/1358 1420/1420/1420 1414/1414/1414 
f 1358/1358/1358 1360/1360/1360 1420/1420/1420 
f 1414/1414/1414 1420/1420/1420 1415/1415/1415 
f 1415/1415/1415 1420/1420/1420 1416/1416/1416 
f 1333/1333/1333 1416/1416/1416 1418/1418/1418 
f 1360/1360/1360 1379/1379/1379 1420/1420/1420 
f 1416/1416/1416 1417/1417/1417 1418/1418/1418 
f 1416/1416/1416 1420/1420/1420 1417/1417/1417 
f 1417/1417/1417 1419/1419/1419 1418/1418/1418 
f 1338/1338/1338 1418/1418/1418 1965/1965/1965 
f 1417/1417/1417 1967/1967/1967 1419/1419/1419 
f 1419/1419/1419 1963/1963/1963 1965/1965/1965 
f 1419/1419/1419 1967/1967/1967 1963/1963/1963 
f 1418/1418/1418 1419/1419/1419 1965/1965/1965 
f 1417/1417/1417 1420/1420/1420 1967/1967/1967 
f 1420/1420/1420 1975/1975/1975 1967/1967/1967 
f 1338/1338/1338 1965/1965/1965 1968/1968/1968 
f 1379/1379/1379 1975/1975/1975 1420/1420/1420 
f 1421/1421/1421 1426/1426/1426 1422/1422/1422 
f 1422/1422/1422 1426/1426/1426 1428/1428/1428 
f 1422/1422/1422 1428/1428/1428 1436/1436/1436 
f 1428/1428/1428 1439/1439/1439 1436/1436/1436 
f 1423/1423/1423 1424/1424/1424 1431/1431/1431 
f 1423/1423/1423 1431/1431/1431 1430/1430/1430 
f 1424/1424/1424 1434/1434/1434 1431/1431/1431 
f 1424/1424/1424 1425/1425/1425 1434/1434/1434 
f 1425/1425/1425 1438/1438/1438 1443/1443/1443 
f 1425/1425/1425 1443/1443/1443 1434/1434/1434 
f 1426/1426/1426 1427/1427/1427 1428/1428/1428 
f 1427/1427/1427 1429/1429/1429 1428/1428/1428 
f 1427/1427/1427 1454/1454/1454 1429/1429/1429 
f 1429/1429/1429 1454/1454/1454 1455/1455/1455 
f 1428/1428/1428 1429/1429/1429 1439/1439/1439 
f 1429/1429/1429 1440/1440/1440 1439/1439/1439 
f 1429/1429/1429 1455/1455/1455 1440/1440/1440 
f 1440/1440/1440 1455/1455/1455 1456/1456/1456 
f 1430/1430/1430 1433/1433/1433 1432/1432/1432 
f 1430/1430/1430 1431/1431/1431 1433/1433/1433 
f 1432/1432/1432 1455/1455/1455 1454/1454/1454 
f 1432/1432/1432 1433/1433/1433 1455/1455/1455 
f 1431/1431/1431 1435/1435/1435 1433/1433/1433 
f 1431/1431/1431 1434/1434/1434 1435/1435/1435 
f 1434/1434/1434 1443/1443/1443 1444/1444/1444 
f 1434/1434/1434 1444/1444/1444 1435/1435/1435 
f 1433/1433/1433 1456/1456/1456 1455/1455/1455 
f 1433/1433/1433 1435/1435/1435 1456/1456/1456 
f 1436/1436/1436 1439/1439/1439 1437/1437/1437 
f 1437/1437/1437 1439/1439/1439 1441/1441/1441 
f 1437/1437/1437 1441/1441/1441 1459/1459/1459 
f 1438/1438/1438 1451/1451/1451 1443/1443/1443 
f 1439/1439/1439 1440/1440/1440 1441/1441/1441 
f 1440/1440/1440 1442/1442/1442 1441/1441/1441 
f 1440/1440/1440 1456/1456/1456 1442/1442/1442 
f 1442/1442/1442 1456/1456/1456 1457/1457/1457 
f 1441/1441/1441 1442/1442/1442 1461/1461/1461 
f 1442/1442/1442 1462/1462/1462 1461/1461/1461 
f 1442/1442/1442 1457/1457/1457 1462/1462/1462 
f 1443/1443/1443 1451/1451/1451 1445/1445/1445 
f 1443/1443/1443 1445/1445/1445 1444/1444/1444 
f 1435/1435/1435 1457/1457/1457 1456/1456/1456 
f 1435/1435/1435 1444/1444/1444 1457/1457/1457 
f 1444/1444/1444 1458/1458/1458 1457/1457/1457 
f 1445/1445/1445 1451/1451/1451 1446/1446/1446 
f 1457/1457/1457 1458/1458/1458 1462/1462/1462 
f 1444/1444/1444 1445/1445/1445 1458/1458/1458 
f 1445/1445/1445 1499/1499/1499 1458/1458/1458 
f 1445/1445/1445 1446/1446/1446 1499/1499/1499 
f 1438/1438/1438 1447/1447/1447 1451/1451/1451 
f 1447/1447/1447 1452/1452/1452 1451/1451/1451 
f 1447/1447/1447 1448/1448/1448 1452/1452/1452 
f 1448/1448/1448 1449/1449/1449 1453/1453/1453 
f 1448/1448/1448 1453/1453/1453 1452/1452/1452 
f 1446/1446/1446 1451/1451/1451 1452/1452/1452 
f 1452/1452/1452 1453/1453/1453 1478/1478/1478 
f 1446/1446/1446 1452/1452/1452 1478/1478/1478 
f 1459/1459/1459 1461/1461/1461 1460/1460/1460 
f 1441/1441/1441 1461/1461/1461 1459/1459/1459 
f 1460/1460/1460 1461/1461/1461 1464/1464/1464 
f 1460/1460/1460 1464/1464/1464 1466/1466/1466 
f 1464/1464/1464 1468/1468/1468 1466/1466/1466 
f 1461/1461/1461 1462/1462/1462 1464/1464/1464 
f 1462/1462/1462 1463/1463/1463 1464/1464/1464 
f 1458/1458/1458 1463/1463/1463 1462/1462/1462 
f 1458/1458/1458 1499/1499/1499 1463/1463/1463 
f 1446/1446/1446 1500/1500/1500 1499/1499/1499 
f 1463/1463/1463 1499/1499/1499 1465/1465/1465 
f 1463/1463/1463 1468/1468/1468 1464/1464/1464 
f 1463/1463/1463 1465/1465/1465 1468/1468/1468 
f 1465/1465/1465 1499/1499/1499 1500/1500/1500 
f 1465/1465/1465 1500/1500/1500 1490/1490/1490 
f 1466/1466/1466 1468/1468/1468 1467/1467/1467 
f 1467/1467/1467 1468/1468/1468 1469/1469/1469 
f 1467/1467/1467 1469/1469/1469 1489/1489/1489 
f 1465/1465/1465 1469/1469/1469 1468/1468/1468 
f 1465/1465/1465 1490/1490/1490 1469/1469/1469 
f 1449/1449/1449 1470/1470/1470 1477/1477/1477 
f 1470/1470/1470 1471/1471/1471 1481/1481/1481 
f 1449/1449/1449 1477/1477/1477 1453/1453/1453 
f 1470/1470/1470 1481/1481/1481 1477/1477/1477 
f 1471/1471/1471 1472/1472/1472 1483/1483/1483 
f 1450/1450/1450 1517/1517/1517 1473/1473/1473 
f 1471/1471/1471 1483/1483/1483 1481/1481/1481 
f 1473/1473/1473 1517/1517/1517 1482/1482/1482 
f 1473/1473/1473 1482/1482/1482 1475/1475/1475 
f 1472/1472/1472 1474/1474/1474 1475/1475/1475 
f 1473/1473/1473 1475/1475/1475 1474/1474/1474 
f 1472/1472/1472 1475/1475/1475 1484/1484/1484 
f 1472/1472/1472 1484/1484/1484 1483/1483/1483 
f 1475/1475/1475 1476/1476/1476 1484/1484/1484 
f 1475/1475/1475 1482/1482/1482 1476/1476/1476 
f 1476/1476/1476 1485/1485/1485 1484/1484/1484 
f 1476/1476/1476 1482/1482/1482 1485/1485/1485 
f 1453/1453/1453 1479/1479/1479 1478/1478/1478 
f 1453/1453/1453 1477/1477/1477 1479/1479/1479 
f 1477/1477/1477 1481/1481/1481 1480/1480/1480 
f 1477/1477/1477 1480/1480/1480 1479/1479/1479 
f 1446/1446/1446 1478/1478/1478 1500/1500/1500 
f 1478/1478/1478 1479/1479/1479 1501/1501/1501 
f 1478/1478/1478 1501/1501/1501 1500/1500/1500 
f 1490/1490/1490 1500/1500/1500 1501/1501/1501 
f 1479/1479/1479 1502/1502/1502 1501/1501/1501 
f 1479/1479/1479 1480/1480/1480 1502/1502/1502 
f 1481/1481/1481 1483/1483/1483 1487/1487/1487 
f 1480/1480/1480 1481/1481/1481 1487/1487/1487 
f 1483/1483/1483 1495/1495/1495 1487/1487/1487 
f 1482/1482/1482 1486/1486/1486 1485/1485/1485 
f 1484/1484/1484 1485/1485/1485 1486/1486/1486 
f 1482/1482/1482 1529/1529/1529 1486/1486/1486 
f 1483/1483/1483 1484/1484/1484 1495/1495/1495 
f 1484/1484/1484 1486/1486/1486 1488/1488/1488 
f 1484/1484/1484 1488/1488/1488 1495/1495/1495 
f 1480/1480/1480 1487/1487/1487 1503/1503/1503 
f 1486/1486/1486 1529/1529/1529 1488/1488/1488 
f 1489/1489/1489 1492/1492/1492 1603/1603/1603 
f 1469/1469/1469 1492/1492/1492 1489/1489/1489 
f 1492/1492/1492 1493/1493/1493 1603/1603/1603 
f 1469/1469/1469 1490/1490/1490 1492/1492/1492 
f 1490/1490/1490 1491/1491/1491 1492/1492/1492 
f 1490/1490/1490 1501/1501/1501 1491/1491/1491 
f 1491/1491/1491 1501/1501/1501 1502/1502/1502 
f 1480/1480/1480 1503/1503/1503 1502/1502/1502 
f 1491/1491/1491 1502/1502/1502 1494/1494/1494 
f 1494/1494/1494 1502/1502/1502 1503/1503/1503 
f 1491/1491/1491 1493/1493/1493 1492/1492/1492 
f 1491/1491/1491 1494/1494/1494 1493/1493/1493 
f 1487/1487/1487 1495/1495/1495 1504/1504/1504 
f 1487/1487/1487 1504/1504/1504 1503/1503/1503 
f 1488/1488/1488 1496/1496/1496 1495/1495/1495 
f 1495/1495/1495 1496/1496/1496 1545/1545/1545 
f 1495/1495/1495 1545/1545/1545 1547/1547/1547 
f 1495/1495/1495 1547/1547/1547 1548/1548/1548 
f 1495/1495/1495 1548/1548/1548 1505/1505/1505 
f 1495/1495/1495 1505/1505/1505 1504/1504/1504 
f 1493/1493/1493 1494/1494/1494 1609/1609/1609 
f 1494/1494/1494 1497/1497/1497 1609/1609/1609 
f 1494/1494/1494 1503/1503/1503 1497/1497/1497 
f 1497/1497/1497 1503/1503/1503 1504/1504/1504 
f 1498/1498/1498 1504/1504/1504 1505/1505/1505 
f 1498/1498/1498 1554/1554/1554 1613/1613/1613 
f 1497/1497/1497 1504/1504/1504 1498/1498/1498 
f 1498/1498/1498 1505/1505/1505 1554/1554/1554 
f 977/977/977 1589/1589/1589 1507/1507/1507 
f 1506/1506/1506 1507/1507/1507 1508/1508/1508 
f 1506/1506/1506 1508/1508/1508 1511/1511/1511 
f 1508/1508/1508 1509/1509/1509 1511/1511/1511 
f 1509/1509/1509 1510/1510/1510 1511/1511/1511 
f 1510/1510/1510 1512/1512/1512 1511/1511/1511 
f 1506/1506/1506 1511/1511/1511 1513/1513/1513 
f 1511/1511/1511 1514/1514/1514 1513/1513/1513 
f 1450/1450/1450 1513/1513/1513 1514/1514/1514 
f 1450/1450/1450 1514/1514/1514 1517/1517/1517 
f 1511/1511/1511 1512/1512/1512 1514/1514/1514 
f 1514/1514/1514 1515/1515/1515 1518/1518/1518 
f 1512/1512/1512 1515/1515/1515 1514/1514/1514 
f 1515/1515/1515 1516/1516/1516 1518/1518/1518 
f 1514/1514/1514 1518/1518/1518 1517/1517/1517 
f 1517/1517/1517 1518/1518/1518 1528/1528/1528 
f 1516/1516/1516 1521/1521/1521 1518/1518/1518 
f 1518/1518/1518 1521/1521/1521 1522/1522/1522 
f 1518/1518/1518 1522/1522/1522 1528/1528/1528 
f 1522/1522/1522 1578/1578/1578 1528/1528/1528 
f 1519/1519/1519 1522/1522/1522 1521/1521/1521 
f 1519/1519/1519 1578/1578/1578 1522/1522/1522 
f 1519/1519/1519 1520/1520/1520 1578/1578/1578 
f 977/977/977 1587/1587/1587 1589/1589/1589 
f 1507/1507/1507 1589/1589/1589 1508/1508/1508 
f 1508/1508/1508 1589/1589/1589 1509/1509/1509 
f 1509/1509/1509 1589/1589/1589 1510/1510/1510 
f 1510/1510/1510 1589/1589/1589 1512/1512/1512 
f 1512/1512/1512 1589/1589/1589 1515/1515/1515 
f 1515/1515/1515 1589/1589/1589 1516/1516/1516 
f 1516/1516/1516 1591/1591/1591 1521/1521/1521 
f 1519/1519/1519 1521/1521/1521 1593/1593/1593 
f 1519/1519/1519 1593/1593/1593 1520/1520/1520 
f 1523/1523/1523 1524/1524/1524 1531/1531/1531 
f 1523/1523/1523 1531/1531/1531 1532/1532/1532 
f 1524/1524/1524 1525/1525/1525 1531/1531/1531 
f 1524/1524/1524 1540/1540/1540 1525/1525/1525 
f 1525/1525/1525 1535/1535/1535 1531/1531/1531 
f 1525/1525/1525 1540/1540/1540 1535/1535/1535 
f 1524/1524/1524 1526/1526/1526 1540/1540/1540 
f 1526/1526/1526 1527/1527/1527 1540/1540/1540 
f 1527/1527/1527 1539/1539/1539 1540/1540/1540 
f 1482/1482/1482 1517/1517/1517 1528/1528/1528 
f 1482/1482/1482 1528/1528/1528 1529/1529/1529 
f 1528/1528/1528 1578/1578/1578 1529/1529/1529 
f 1529/1529/1529 1578/1578/1578 1579/1579/1579 
f 1520/1520/1520 1533/1533/1533 1578/1578/1578 
f 1534/1534/1534 1579/1579/1579 1578/1578/1578 
f 1529/1529/1529 1579/1579/1579 1546/1546/1546 
f 1488/1488/1488 1529/1529/1529 1496/1496/1496 
f 1496/1496/1496 1529/1529/1529 1546/1546/1546 
f 1546/1546/1546 1579/1579/1579 1580/1580/1580 
f 1530/1530/1530 1579/1579/1579 1534/1534/1534 
f 1530/1530/1530 1580/1580/1580 1579/1579/1579 
f 1530/1530/1530 1550/1550/1550 1580/1580/1580 
f 1531/1531/1531 1534/1534/1534 1532/1532/1532 
f 1532/1532/1532 1534/1534/1534 1533/1533/1533 
f 1533/1533/1533 1534/1534/1534 1578/1578/1578 
f 1530/1530/1530 1531/1531/1531 1535/1535/1535 
f 1530/1530/1530 1534/1534/1534 1531/1531/1531 
f 1530/1530/1530 1535/1535/1535 1536/1536/1536 
f 1535/1535/1535 1543/1543/1543 1536/1536/1536 
f 1530/1530/1530 1537/1537/1537 1538/1538/1538 
f 1530/1530/1530 1536/1536/1536 1537/1537/1537 
f 1537/1537/1537 1561/1561/1561 1538/1538/1538 
f 1536/1536/1536 1543/1543/1543 1537/1537/1537 
f 1539/1539/1539 1541/1541/1541 1540/1540/1540 
f 1535/1535/1535 1540/1540/1540 1543/1543/1543 
f 1540/1540/1540 1541/1541/1541 1543/1543/1543 
f 1541/1541/1541 1542/1542/1542 1543/1543/1543 
f 1530/1530/1530 1538/1538/1538 1550/1550/1550 
f 1538/1538/1538 1561/1561/1561 1550/1550/1550 
f 1537/1537/1537 1543/1543/1543 1561/1561/1561 
f 1542/1542/1542 1544/1544/1544 1543/1543/1543 
f 1543/1543/1543 1544/1544/1544 1564/1564/1564 
f 1543/1543/1543 1564/1564/1564 1586/1586/1586 
f 1496/1496/1496 1546/1546/1546 1545/1545/1545 
f 1545/1545/1545 1546/1546/1546 1547/1547/1547 
f 1546/1546/1546 1580/1580/1580 1547/1547/1547 
f 1547/1547/1547 1580/1580/1580 1548/1548/1548 
f 1548/1548/1548 1580/1580/1580 1549/1549/1549 
f 1505/1505/1505 1548/1548/1548 1549/1549/1549 
f 1505/1505/1505 1549/1549/1549 1581/1581/1581 
f 1549/1549/1549 1580/1580/1580 1581/1581/1581 
f 1551/1551/1551 1552/1552/1552 1580/1580/1580 
f 1552/1552/1552 1553/1553/1553 1580/1580/1580 
f 1550/1550/1550 1551/1551/1551 1580/1580/1580 
f 1553/1553/1553 1581/1581/1581 1580/1580/1580 
f 1553/1553/1553 1582/1582/1582 1581/1581/1581 
f 1552/1552/1552 1582/1582/1582 1553/1553/1553 
f 1505/1505/1505 1581/1581/1581 1555/1555/1555 
f 1505/1505/1505 1555/1555/1555 1554/1554/1554 
f 1555/1555/1555 1581/1581/1581 1624/1624/1624 
f 1554/1554/1554 1555/1555/1555 1624/1624/1624 
f 1581/1581/1581 1653/1653/1653 1624/1624/1624 
f 1559/1559/1559 1581/1581/1581 1582/1582/1582 
f 1558/1558/1558 1559/1559/1559 1625/1625/1625 
f 1559/1559/1559 1560/1560/1560 1581/1581/1581 
f 1560/1560/1560 1653/1653/1653 1581/1581/1581 
f 1557/1557/1557 1653/1653/1653 1560/1560/1560 
f 1556/1556/1556 1560/1560/1560 1558/1558/1558 
f 1556/1556/1556 1557/1557/1557 1560/1560/1560 
f 1558/1558/1558 1560/1560/1560 1559/1559/1559 
f 1556/1556/1556 1653/1653/1653 1557/1557/1557 
f 1550/1550/1550 1583/1583/1583 1551/1551/1551 
f 1551/1551/1551 1583/1583/1583 1552/1552/1552 
f 1550/1550/1550 1561/1561/1561 1583/1583/1583 
f 1561/1561/1561 1584/1584/1584 1583/1583/1583 
f 1552/1552/1552 1583/1583/1583 1582/1582/1582 
f 1543/1543/1543 1584/1584/1584 1561/1561/1561 
f 1543/1543/1543 1586/1586/1586 1584/1584/1584 
f 1563/1563/1563 1583/1583/1583 1584/1584/1584 
f 1562/1562/1562 1563/1563/1563 1573/1573/1573 
f 1562/1562/1562 1582/1582/1582 1583/1583/1583 
f 1559/1559/1559 1582/1582/1582 1562/1562/1562 
f 1562/1562/1562 1583/1583/1583 1563/1563/1563 
f 1565/1565/1565 1646/1646/1646 1573/1573/1573 
f 1565/1565/1565 1574/1574/1574 1568/1568/1568 
f 1565/1565/1565 1573/1573/1573 1574/1574/1574 
f 1568/1568/1568 1574/1574/1574 1576/1576/1576 
f 990/990/990 1566/1566/1566 1602/1602/1602 
f 1566/1566/1566 1568/1568/1568 1567/1567/1567 
f 1567/1567/1567 1568/1568/1568 1576/1576/1576 
f 1567/1567/1567 1576/1576/1576 1575/1575/1575 
f 1570/1570/1570 1571/1571/1571 1576/1576/1576 
f 1571/1571/1571 1577/1577/1577 1576/1576/1576 
f 1564/1564/1564 1569/1569/1569 1586/1586/1586 
f 1569/1569/1569 1585/1585/1585 1586/1586/1586 
f 1572/1572/1572 1586/1586/1586 1585/1585/1585 
f 1570/1570/1570 1584/1584/1584 1586/1586/1586 
f 1563/1563/1563 1584/1584/1584 1570/1570/1570 
f 1570/1570/1570 1586/1586/1586 1572/1572/1572 
f 1570/1570/1570 1572/1572/1572 1571/1571/1571 
f 1563/1563/1563 1570/1570/1570 1574/1574/1574 
f 1563/1563/1563 1574/1574/1574 1573/1573/1573 
f 1570/1570/1570 1576/1576/1576 1574/1574/1574 
f 1575/1575/1575 1576/1576/1576 1577/1577/1577 
f 1523/1523/1523 1596/1596/1596 1524/1524/1524 
f 1523/1523/1523 1532/1532/1532 1596/1596/1596 
f 1520/1520/1520 1593/1593/1593 1533/1533/1533 
f 1532/1532/1532 1533/1533/1533 1596/1596/1596 
f 1524/1524/1524 1596/1596/1596 1526/1526/1526 
f 1526/1526/1526 1596/1596/1596 1527/1527/1527 
f 1527/1527/1527 1596/1596/1596 1539/1539/1539 
f 1539/1539/1539 1596/1596/1596 1541/1541/1541 
f 1541/1541/1541 1596/1596/1596 1542/1542/1542 
f 1542/1542/1542 1596/1596/1596 1544/1544/1544 
f 1544/1544/1544 1596/1596/1596 1564/1564/1564 
f 1564/1564/1564 1598/1598/1598 1569/1569/1569 
f 1566/1566/1566 1567/1567/1567 1602/1602/1602 
f 1209/1209/1209 1602/1602/1602 1874/1874/1874 
f 1569/1569/1569 1598/1598/1598 1585/1585/1585 
f 1572/1572/1572 1585/1585/1585 1600/1600/1600 
f 1571/1571/1571 1572/1572/1572 1600/1600/1600 
f 1567/1567/1567 1575/1575/1575 1602/1602/1602 
f 1575/1575/1575 1577/1577/1577 1602/1602/1602 
f 1571/1571/1571 1602/1602/1602 1577/1577/1577 
f 1516/1516/1516 1589/1589/1589 1591/1591/1591 
f 694/694/694 1591/1591/1591 1587/1587/1587 
f 694/694/694 1588/1588/1588 1591/1591/1591 
f 1587/1587/1587 1591/1591/1591 1589/1589/1589 
f 1591/1591/1591 1588/1588/1588 1590/1590/1590 
f 1521/1521/1521 1591/1591/1591 1593/1593/1593 
f 1591/1591/1591 1590/1590/1590 1592/1592/1592 
f 1591/1591/1591 1592/1592/1592 1594/1594/1594 
f 1591/1591/1591 1596/1596/1596 1593/1593/1593 
f 1591/1591/1591 1594/1594/1594 1595/1595/1595 
f 1533/1533/1533 1593/1593/1593 1596/1596/1596 
f 1564/1564/1564 1596/1596/1596 1598/1598/1598 
f 1571/1571/1571 1600/1600/1600 1602/1602/1602 
f 1591/1591/1591 1595/1595/1595 1600/1600/1600 
f 1591/1591/1591 1600/1600/1600 1596/1596/1596 
f 1600/1600/1600 1595/1595/1595 1597/1597/1597 
f 1596/1596/1596 1600/1600/1600 1598/1598/1598 
f 1600/1600/1600 1597/1597/1597 1599/1599/1599 
f 1585/1585/1585 1598/1598/1598 1600/1600/1600 
f 1600/1600/1600 1599/1599/1599 1601/1601/1601 
f 1600/1600/1600 1601/1601/1601 1871/1871/1871 
f 1600/1600/1600 1874/1874/1874 1602/1602/1602 
f 1493/1493/1493 1604/1604/1604 1603/1603/1603 
f 1604/1604/1604 1609/1609/1609 1606/1606/1606 
f 1604/1604/1604 1606/1606/1606 1605/1605/1605 
f 1605/1605/1605 1606/1606/1606 1608/1608/1608 
f 1606/1606/1606 1607/1607/1607 1608/1608/1608 
f 1493/1493/1493 1609/1609/1609 1604/1604/1604 
f 1607/1607/1607 1609/1609/1609 1612/1612/1612 
f 1606/1606/1606 1609/1609/1609 1607/1607/1607 
f 1607/1607/1607 1612/1612/1612 1614/1614/1614 
f 1608/1608/1608 1614/1614/1614 1615/1615/1615 
f 1607/1607/1607 1614/1614/1614 1608/1608/1608 
f 1497/1497/1497 1612/1612/1612 1609/1609/1609 
f 1497/1497/1497 1610/1610/1610 1612/1612/1612 
f 1498/1498/1498 1611/1611/1611 1610/1610/1610 
f 1610/1610/1610 1611/1611/1611 1614/1614/1614 
f 1610/1610/1610 1614/1614/1614 1612/1612/1612 
f 1611/1611/1611 1624/1624/1624 1614/1614/1614 
f 1614/1614/1614 1624/1624/1624 1627/1627/1627 
f 1497/1497/1497 1498/1498/1498 1610/1610/1610 
f 1498/1498/1498 1613/1613/1613 1611/1611/1611 
f 1611/1611/1611 1613/1613/1613 1624/1624/1624 
f 1614/1614/1614 1627/1627/1627 1637/1637/1637 
f 1614/1614/1614 1637/1637/1637 1615/1615/1615 
f 1616/1616/1616 1617/1617/1617 1619/1619/1619 
f 1617/1617/1617 1618/1618/1618 1619/1619/1619 
f 1616/1616/1616 1622/1622/1622 1617/1617/1617 
f 1619/1619/1619 1631/1631/1631 1646/1646/1646 
f 1618/1618/1618 1631/1631/1631 1619/1619/1619 
f 1618/1618/1618 1621/1621/1621 1631/1631/1631 
f 1620/1620/1620 1631/1631/1631 1621/1621/1621 
f 1620/1620/1620 1630/1630/1630 1628/1628/1628 
f 1620/1620/1620 1628/1628/1628 1631/1631/1631 
f 1617/1617/1617 1632/1632/1632 1618/1618/1618 
f 1618/1618/1618 1632/1632/1632 1621/1621/1621 
f 1620/1620/1620 1621/1621/1621 1630/1630/1630 
f 1621/1621/1621 1632/1632/1632 1630/1630/1630 
f 1573/1573/1573 1646/1646/1646 1631/1631/1631 
f 1617/1617/1617 1622/1622/1622 1632/1632/1632 
f 1622/1622/1622 1623/1623/1623 1633/1633/1633 
f 1622/1622/1622 1633/1633/1633 1632/1632/1632 
f 1554/1554/1554 1624/1624/1624 1613/1613/1613 
f 1624/1624/1624 1653/1653/1653 1627/1627/1627 
f 1627/1627/1627 1653/1653/1653 1654/1654/1654 
f 1558/1558/1558 1625/1625/1625 1626/1626/1626 
f 1556/1556/1556 1558/1558/1558 1626/1626/1626 
f 1556/1556/1556 1654/1654/1654 1653/1653/1653 
f 1556/1556/1556 1626/1626/1626 1654/1654/1654 
f 1627/1627/1627 1638/1638/1638 1637/1637/1637 
f 1627/1627/1627 1654/1654/1654 1638/1638/1638 
f 1626/1626/1626 1655/1655/1655 1654/1654/1654 
f 1626/1626/1626 1634/1634/1634 1655/1655/1655 
f 1638/1638/1638 1654/1654/1654 1655/1655/1655 
f 1634/1634/1634 1656/1656/1656 1655/1655/1655 
f 1628/1628/1628 1629/1629/1629 1631/1631/1631 
f 1559/1559/1559 1631/1631/1631 1629/1629/1629 
f 1626/1626/1626 1629/1629/1629 1628/1628/1628 
f 1559/1559/1559 1562/1562/1562 1631/1631/1631 
f 1626/1626/1626 1628/1628/1628 1630/1630/1630 
f 1626/1626/1626 1630/1630/1630 1634/1634/1634 
f 1562/1562/1562 1573/1573/1573 1631/1631/1631 
f 1559/1559/1559 1629/1629/1629 1625/1625/1625 
f 1625/1625/1625 1629/1629/1629 1626/1626/1626 
f 1630/1630/1630 1632/1632/1632 1634/1634/1634 
f 1632/1632/1632 1633/1633/1633 1643/1643/1643 
f 1632/1632/1632 1643/1643/1643 1634/1634/1634 
f 1615/1615/1615 1637/1637/1637 1635/1635/1635 
f 1635/1635/1635 1639/1639/1639 1658/1658/1658 
f 1635/1635/1635 1637/1637/1637 1639/1639/1639 
f 1623/1623/1623 1636/1636/1636 1642/1642/1642 
f 1623/1623/1623 1642/1642/1642 1633/1633/1633 
f 1636/1636/1636 1650/1650/1650 1642/1642/1642 
f 1637/1637/1637 1638/1638/1638 1639/1639/1639 
f 1638/1638/1638 1640/1640/1640 1639/1639/1639 
f 1638/1638/1638 1655/1655/1655 1640/1640/1640 
f 1640/1640/1640 1655/1655/1655 1656/1656/1656 
f 1639/1639/1639 1640/1640/1640 1660/1660/1660 
f 1640/1640/1640 1641/1641/1641 1660/1660/1660 
f 1640/1640/1640 1656/1656/1656 1641/1641/1641 
f 1641/1641/1641 1656/1656/1656 1657/1657/1657 
f 1633/1633/1633 1644/1644/1644 1643/1643/1643 
f 1633/1633/1633 1642/1642/1642 1644/1644/1644 
f 1642/1642/1642 1645/1645/1645 1644/1644/1644 
f 1634/1634/1634 1643/1643/1643 1656/1656/1656 
f 1643/1643/1643 1657/1657/1657 1656/1656/1656 
f 1643/1643/1643 1644/1644/1644 1657/1657/1657 
f 1642/1642/1642 1650/1650/1650 1645/1645/1645 
f 1645/1645/1645 1650/1650/1650 1672/1672/1672 
f 1644/1644/1644 1689/1689/1689 1657/1657/1657 
f 1644/1644/1644 1645/1645/1645 1689/1689/1689 
f 1636/1636/1636 1647/1647/1647 1650/1650/1650 
f 1647/1647/1647 1648/1648/1648 1651/1651/1651 
f 1648/1648/1648 1649/1649/1649 1652/1652/1652 
f 1647/1647/1647 1651/1651/1651 1650/1650/1650 
f 1648/1648/1648 1652/1652/1652 1651/1651/1651 
f 1649/1649/1649 1671/1671/1671 1652/1652/1652 
f 1650/1650/1650 1651/1651/1651 1672/1672/1672 
f 1651/1651/1651 1652/1652/1652 1673/1673/1673 
f 1658/1658/1658 1660/1660/1660 1659/1659/1659 
f 1639/1639/1639 1660/1660/1660 1658/1658/1658 
f 1659/1659/1659 1660/1660/1660 1661/1661/1661 
f 1659/1659/1659 1661/1661/1661 1665/1665/1665 
f 1661/1661/1661 1663/1663/1663 1665/1665/1665 
f 1641/1641/1641 1661/1661/1661 1660/1660/1660 
f 1641/1641/1641 1662/1662/1662 1661/1661/1661 
f 1641/1641/1641 1657/1657/1657 1662/1662/1662 
f 1657/1657/1657 1689/1689/1689 1662/1662/1662 
f 1662/1662/1662 1689/1689/1689 1664/1664/1664 
f 1645/1645/1645 1690/1690/1690 1689/1689/1689 
f 1645/1645/1645 1672/1672/1672 1690/1690/1690 
f 1664/1664/1664 1689/1689/1689 1690/1690/1690 
f 1661/1661/1661 1662/1662/1662 1663/1663/1663 
f 1662/1662/1662 1664/1664/1664 1663/1663/1663 
f 1664/1664/1664 1690/1690/1690 1682/1682/1682 
f 1663/1663/1663 1666/1666/1666 1665/1665/1665 
f 1666/1666/1666 1667/1667/1667 1679/1679/1679 
f 1663/1663/1663 1667/1667/1667 1666/1666/1666 
f 1663/1663/1663 1664/1664/1664 1667/1667/1667 
f 1664/1664/1664 1682/1682/1682 1667/1667/1667 
f 1649/1649/1649 1668/1668/1668 1671/1671/1671 
f 1668/1668/1668 1669/1669/1669 1675/1675/1675 
f 1669/1669/1669 1670/1670/1670 1676/1676/1676 
f 1670/1670/1670 1919/1919/1919 1923/1923/1923 
f 1668/1668/1668 1675/1675/1675 1671/1671/1671 
f 1669/1669/1669 1676/1676/1676 1675/1675/1675 
f 1670/1670/1670 1923/1923/1923 1676/1676/1676 
f 1651/1651/1651 1673/1673/1673 1672/1672/1672 
f 1652/1652/1652 1671/1671/1671 1674/1674/1674 
f 1652/1652/1652 1674/1674/1674 1673/1673/1673 
f 1671/1671/1671 1677/1677/1677 1674/1674/1674 
f 1672/1672/1672 1691/1691/1691 1690/1690/1690 
f 1672/1672/1672 1673/1673/1673 1691/1691/1691 
f 1682/1682/1682 1690/1690/1690 1691/1691/1691 
f 1673/1673/1673 1692/1692/1692 1691/1691/1691 
f 1682/1682/1682 1691/1691/1691 1683/1683/1683 
f 1683/1683/1683 1691/1691/1691 1692/1692/1692 
f 1673/1673/1673 1674/1674/1674 1692/1692/1692 
f 1674/1674/1674 1693/1693/1693 1692/1692/1692 
f 1671/1671/1671 1675/1675/1675 1677/1677/1677 
f 1675/1675/1675 1678/1678/1678 1677/1677/1677 
f 1675/1675/1675 1676/1676/1676 1678/1678/1678 
f 1676/1676/1676 1923/1923/1923 1926/1926/1926 
f 1676/1676/1676 1926/1926/1926 1678/1678/1678 
f 1674/1674/1674 1677/1677/1677 1693/1693/1693 
f 1677/1677/1677 1678/1678/1678 1694/1694/1694 
f 1677/1677/1677 1694/1694/1694 1693/1693/1693 
f 1678/1678/1678 1959/1959/1959 1694/1694/1694 
f 1678/1678/1678 1926/1926/1926 1959/1959/1959 
f 1679/1679/1679 1685/1685/1685 1680/1680/1680 
f 1667/1667/1667 1685/1685/1685 1679/1679/1679 
f 1680/1680/1680 1685/1685/1685 1686/1686/1686 
f 1680/1680/1680 1686/1686/1686 1681/1681/1681 
f 1681/1681/1681 1687/1687/1687 1933/1933/1933 
f 1681/1681/1681 1686/1686/1686 1687/1687/1687 
f 1687/1687/1687 1937/1937/1937 1933/1933/1933 
f 1667/1667/1667 1682/1682/1682 1685/1685/1685 
f 1682/1682/1682 1683/1683/1683 1685/1685/1685 
f 1683/1683/1683 1684/1684/1684 1686/1686/1686 
f 1683/1683/1683 1692/1692/1692 1684/1684/1684 
f 1684/1684/1684 1692/1692/1692 1693/1693/1693 
f 1683/1683/1683 1686/1686/1686 1685/1685/1685 
f 1688/1688/1688 1693/1693/1693 1694/1694/1694 
f 1684/1684/1684 1693/1693/1693 1688/1688/1688 
f 1694/1694/1694 1959/1959/1959 1939/1939/1939 
f 1688/1688/1688 1694/1694/1694 1939/1939/1939 
f 1684/1684/1684 1687/1687/1687 1686/1686/1686 
f 1684/1684/1684 1688/1688/1688 1687/1687/1687 
f 1687/1687/1687 1688/1688/1688 1937/1937/1937 
f 1688/1688/1688 1939/1939/1939 1937/1937/1937 
f 1198/1198/1198 1695/1695/1695 1863/1863/1863 
f 1695/1695/1695 1696/1696/1696 1697/1697/1697 
f 1696/1696/1696 1699/1699/1699 1697/1697/1697 
f 1697/1697/1697 1699/1699/1699 1698/1698/1698 
f 1698/1698/1698 1699/1699/1699 1700/1700/1700 
f 1696/1696/1696 1701/1701/1701 1703/1703/1703 
f 1696/1696/1696 1703/1703/1703 1699/1699/1699 
f 1701/1701/1701 1774/1774/1774 1706/1706/1706 
f 1701/1701/1701 1706/1706/1706 1703/1703/1703 
f 1699/1699/1699 1704/1704/1704 1700/1700/1700 
f 1699/1699/1699 1707/1707/1707 1704/1704/1704 
f 1699/1699/1699 1703/1703/1703 1707/1707/1707 
f 1704/1704/1704 1707/1707/1707 1705/1705/1705 
f 1703/1703/1703 1743/1743/1743 1707/1707/1707 
f 1703/1703/1703 1706/1706/1706 1743/1743/1743 
f 1705/1705/1705 1710/1710/1710 1709/1709/1709 
f 1705/1705/1705 1707/1707/1707 1710/1710/1710 
f 1708/1708/1708 1709/1709/1709 1710/1710/1710 
f 1702/1702/1702 1708/1708/1708 1710/1710/1710 
f 1707/1707/1707 1767/1767/1767 1710/1710/1710 
f 1707/1707/1707 1743/1743/1743 1767/1767/1767 
f 1196/1196/1196 1863/1863/1863 1861/1861/1861 
f 1695/1695/1695 1697/1697/1697 1863/1863/1863 
f 1697/1697/1697 1698/1698/1698 1863/1863/1863 
f 1698/1698/1698 1700/1700/1700 1863/1863/1863 
f 1700/1700/1700 1704/1704/1704 1863/1863/1863 
f 1702/1702/1702 1866/1866/1866 1708/1708/1708 
f 1705/1705/1705 1709/1709/1709 1867/1867/1867 
f 1704/1704/1704 1705/1705/1705 1867/1867/1867 
f 1708/1708/1708 1866/1866/1866 1709/1709/1709 
f 1208/1208/1208 1873/1873/1873 1712/1712/1712 
f 1712/1712/1712 1713/1713/1713 1714/1714/1714 
f 1713/1713/1713 1718/1718/1718 1714/1714/1714 
f 1713/1713/1713 1716/1716/1716 1718/1718/1718 
f 1714/1714/1714 1718/1718/1718 1715/1715/1715 
f 1715/1715/1715 1724/1724/1724 1878/1878/1878 
f 1715/1715/1715 1718/1718/1718 1724/1724/1724 
f 1724/1724/1724 1725/1725/1725 1878/1878/1878 
f 1717/1717/1717 1719/1719/1719 1718/1718/1718 
f 1716/1716/1716 1717/1717/1717 1718/1718/1718 
f 1719/1719/1719 1720/1720/1720 1724/1724/1724 
f 1720/1720/1720 1721/1721/1721 1723/1723/1723 
f 1723/1723/1723 1765/1765/1765 1766/1766/1766 
f 1722/1722/1722 1766/1766/1766 1765/1765/1765 
f 1711/1711/1711 1769/1769/1769 1722/1722/1722 
f 1722/1722/1722 1769/1769/1769 1766/1766/1766 
f 1721/1721/1721 1765/1765/1765 1723/1723/1723 
f 1747/1747/1747 1766/1766/1766 1769/1769/1769 
f 1723/1723/1723 1766/1766/1766 1747/1747/1747 
f 1718/1718/1718 1719/1719/1719 1724/1724/1724 
f 1720/1720/1720 1723/1723/1723 1724/1724/1724 
f 1723/1723/1723 1725/1725/1725 1724/1724/1724 
f 1723/1723/1723 1747/1747/1747 1725/1725/1725 
f 1726/1726/1726 1729/1729/1729 1730/1730/1730 
f 1726/1726/1726 1734/1734/1734 1727/1727/1727 
f 1727/1727/1727 1734/1734/1734 1733/1733/1733 
f 1726/1726/1726 1730/1730/1730 1728/1728/1728 
f 1726/1726/1726 1728/1728/1728 1734/1734/1734 
f 1728/1728/1728 1730/1730/1730 1736/1736/1736 
f 1728/1728/1728 1736/1736/1736 1734/1734/1734 
f 1729/1729/1729 1731/1731/1731 1730/1730/1730 
f 1730/1730/1730 1731/1731/1731 1732/1732/1732 
f 1702/1702/1702 1710/1710/1710 1732/1732/1732 
f 1702/1702/1702 1732/1732/1732 1731/1731/1731 
f 1733/1733/1733 1734/1734/1734 1735/1735/1735 
f 1734/1734/1734 1742/1742/1742 1735/1735/1735 
f 1730/1730/1730 1737/1737/1737 1736/1736/1736 
f 1734/1734/1734 1736/1736/1736 1746/1746/1746 
f 1730/1730/1730 1732/1732/1732 1737/1737/1737 
f 1736/1736/1736 1737/1737/1737 1746/1746/1746 
f 1734/1734/1734 1746/1746/1746 1742/1742/1742 
f 1737/1737/1737 1744/1744/1744 1738/1738/1738 
f 1737/1737/1737 1738/1738/1738 1746/1746/1746 
f 1738/1738/1738 1744/1744/1744 1739/1739/1739 
f 1738/1738/1738 1739/1739/1739 1746/1746/1746 
f 1740/1740/1740 1742/1742/1742 1741/1741/1741 
f 1735/1735/1735 1742/1742/1742 1740/1740/1740 
f 1741/1741/1741 1742/1742/1742 1769/1769/1769 
f 1732/1732/1732 1744/1744/1744 1737/1737/1737 
f 1739/1739/1739 1744/1744/1744 1749/1749/1749 
f 1739/1739/1739 1749/1749/1749 1746/1746/1746 
f 1706/1706/1706 1745/1745/1745 1743/1743/1743 
f 1710/1710/1710 1767/1767/1767 1732/1732/1732 
f 1732/1732/1732 1767/1767/1767 1744/1744/1744 
f 1743/1743/1743 1768/1768/1768 1767/1767/1767 
f 1743/1743/1743 1745/1745/1745 1768/1768/1768 
f 1744/1744/1744 1767/1767/1767 1768/1768/1768 
f 1744/1744/1744 1750/1750/1750 1749/1749/1749 
f 1744/1744/1744 1768/1768/1768 1750/1750/1750 
f 1750/1750/1750 1768/1768/1768 1771/1771/1771 
f 1745/1745/1745 1771/1771/1771 1768/1768/1768 
f 1745/1745/1745 1753/1753/1753 1771/1771/1771 
f 1711/1711/1711 1741/1741/1741 1769/1769/1769 
f 1742/1742/1742 1770/1770/1770 1769/1769/1769 
f 1742/1742/1742 1746/1746/1746 1770/1770/1770 
f 1746/1746/1746 1749/1749/1749 1772/1772/1772 
f 1746/1746/1746 1772/1772/1772 1770/1770/1770 
f 1725/1725/1725 1747/1747/1747 1891/1891/1891 
f 1747/1747/1747 1748/1748/1748 1891/1891/1891 
f 1747/1747/1747 1769/1769/1769 1748/1748/1748 
f 1748/1748/1748 1769/1769/1769 1770/1770/1770 
f 1758/1758/1758 1770/1770/1770 1772/1772/1772 
f 1748/1748/1748 1899/1899/1899 1895/1895/1895 
f 1748/1748/1748 1758/1758/1758 1899/1899/1899 
f 1748/1748/1748 1770/1770/1770 1758/1758/1758 
f 1749/1749/1749 1750/1750/1750 1772/1772/1772 
f 1750/1750/1750 1771/1771/1771 1751/1751/1751 
f 1751/1751/1751 1771/1771/1771 1752/1752/1752 
f 1750/1750/1750 1751/1751/1751 1772/1772/1772 
f 1751/1751/1751 1752/1752/1752 1772/1772/1772 
f 1752/1752/1752 1771/1771/1771 1773/1773/1773 
f 1752/1752/1752 1773/1773/1773 1772/1772/1772 
f 1753/1753/1753 1833/1833/1833 1756/1756/1756 
f 1753/1753/1753 1773/1773/1773 1771/1771/1771 
f 1753/1753/1753 1756/1756/1756 1757/1757/1757 
f 1754/1754/1754 1757/1757/1757 1756/1756/1756 
f 1754/1754/1754 1755/1755/1755 1757/1757/1757 
f 1754/1754/1754 1856/1856/1856 1755/1755/1755 
f 1753/1753/1753 1757/1757/1757 1773/1773/1773 
f 1755/1755/1755 1856/1856/1856 1757/1757/1757 
f 1757/1757/1757 1856/1856/1856 1773/1773/1773 
f 1760/1760/1760 1772/1772/1772 1762/1762/1762 
f 1762/1762/1762 1772/1772/1772 1773/1773/1773 
f 1758/1758/1758 1759/1759/1759 1899/1899/1899 
f 1758/1758/1758 1761/1761/1761 1759/1759/1759 
f 1758/1758/1758 1772/1772/1772 1761/1761/1761 
f 1760/1760/1760 1761/1761/1761 1772/1772/1772 
f 1762/1762/1762 1773/1773/1773 1915/1915/1915 
f 1760/1760/1760 1762/1762/1762 1915/1915/1915 
f 1773/1773/1773 1856/1856/1856 1835/1835/1835 
f 1764/1764/1764 1915/1915/1915 1773/1773/1773 
f 1764/1764/1764 1773/1773/1773 1835/1835/1835 
f 1764/1764/1764 1901/1901/1901 1915/1915/1915 
f 1763/1763/1763 1764/1764/1764 1835/1835/1835 
f 1763/1763/1763 1901/1901/1901 1764/1764/1764 
f 1711/1711/1711 1722/1722/1722 1870/1870/1870 
f 1712/1712/1712 1873/1873/1873 1713/1713/1713 
f 1208/1208/1208 1874/1874/1874 1873/1873/1873 
f 1713/1713/1713 1873/1873/1873 1716/1716/1716 
f 1716/1716/1716 1873/1873/1873 1717/1717/1717 
f 1717/1717/1717 1873/1873/1873 1719/1719/1719 
f 1719/1719/1719 1873/1873/1873 1720/1720/1720 
f 1721/1721/1721 1875/1875/1875 1765/1765/1765 
f 1720/1720/1720 1873/1873/1873 1721/1721/1721 
f 1722/1722/1722 1765/1765/1765 1870/1870/1870 
f 1726/1726/1726 1877/1877/1877 1729/1729/1729 
f 1702/1702/1702 1731/1731/1731 1877/1877/1877 
f 1729/1729/1729 1877/1877/1877 1731/1731/1731 
f 1726/1726/1726 1727/1727/1727 1870/1870/1870 
f 1727/1727/1727 1733/1733/1733 1870/1870/1870 
f 1733/1733/1733 1735/1735/1735 1870/1870/1870 
f 1735/1735/1735 1740/1740/1740 1870/1870/1870 
f 1740/1740/1740 1741/1741/1741 1870/1870/1870 
f 1711/1711/1711 1870/1870/1870 1741/1741/1741 
f 1775/1775/1775 1778/1778/1778 1777/1777/1777 
f 1775/1775/1775 1799/1799/1799 1778/1778/1778 
f 1776/1776/1776 1780/1780/1780 1820/1820/1820 
f 1776/1776/1776 1777/1777/1777 1779/1779/1779 
f 1777/1777/1777 1778/1778/1778 1779/1779/1779 
f 1776/1776/1776 1779/1779/1779 1780/1780/1780 
f 1778/1778/1778 1801/1801/1801 1779/1779/1779 
f 1779/1779/1779 1802/1802/1802 1780/1780/1780 
f 1781/1781/1781 1786/1786/1786 1782/1782/1782 
f 1782/1782/1782 1787/1787/1787 1783/1783/1783 
f 1782/1782/1782 1786/1786/1786 1787/1787/1787 
f 1783/1783/1783 1790/1790/1790 1796/1796/1796 
f 1783/1783/1783 1787/1787/1787 1790/1790/1790 
f 1790/1790/1790 1799/1799/1799 1796/1796/1796 
f 1784/1784/1784 1785/1785/1785 1794/1794/1794 
f 1784/1784/1784 1794/1794/1794 1792/1792/1792 
f 1785/1785/1785 1797/1797/1797 1803/1803/1803 
f 1785/1785/1785 1803/1803/1803 1794/1794/1794 
f 1786/1786/1786 1788/1788/1788 1787/1787/1787 
f 1787/1787/1787 1789/1789/1789 1790/1790/1790 
f 1787/1787/1787 1788/1788/1788 1789/1789/1789 
f 1788/1788/1788 1808/1808/1808 1789/1789/1789 
f 1789/1789/1789 1808/1808/1808 1809/1809/1809 
f 1789/1789/1789 1791/1791/1791 1790/1790/1790 
f 1790/1790/1790 1791/1791/1791 1799/1799/1799 
f 1789/1789/1789 1809/1809/1809 1791/1791/1791 
f 1791/1791/1791 1809/1809/1809 1807/1807/1807 
f 1791/1791/1791 1807/1807/1807 1800/1800/1800 
f 1792/1792/1792 1795/1795/1795 1793/1793/1793 
f 1792/1792/1792 1794/1794/1794 1795/1795/1795 
f 1793/1793/1793 1809/1809/1809 1808/1808/1808 
f 1793/1793/1793 1795/1795/1795 1809/1809/1809 
f 1794/1794/1794 1804/1804/1804 1795/1795/1795 
f 1794/1794/1794 1803/1803/1803 1804/1804/1804 
f 1795/1795/1795 1807/1807/1807 1809/1809/1809 
f 1795/1795/1795 1804/1804/1804 1807/1807/1807 
f 1775/1775/1775 1796/1796/1796 1799/1799/1799 
f 1797/1797/1797 1805/1805/1805 1803/1803/1803 
f 1797/1797/1797 1798/1798/1798 1805/1805/1805 
f 1798/1798/1798 1847/1847/1847 1805/1805/1805 
f 1778/1778/1778 1799/1799/1799 1800/1800/1800 
f 1791/1791/1791 1800/1800/1800 1799/1799/1799 
f 1778/1778/1778 1800/1800/1800 1801/1801/1801 
f 1800/1800/1800 1807/1807/1807 1810/1810/1810 
f 1800/1800/1800 1810/1810/1810 1801/1801/1801 
f 1779/1779/1779 1801/1801/1801 1802/1802/1802 
f 1801/1801/1801 1811/1811/1811 1802/1802/1802 
f 1802/1802/1802 1811/1811/1811 1858/1858/1858 
f 1801/1801/1801 1810/1810/1810 1811/1811/1811 
f 1806/1806/1806 1811/1811/1811 1810/1810/1810 
f 1811/1811/1811 1848/1848/1848 1858/1858/1858 
f 1806/1806/1806 1848/1848/1848 1811/1811/1811 
f 1803/1803/1803 1806/1806/1806 1804/1804/1804 
f 1803/1803/1803 1805/1805/1805 1806/1806/1806 
f 1804/1804/1804 1810/1810/1810 1807/1807/1807 
f 1804/1804/1804 1806/1806/1806 1810/1810/1810 
f 1805/1805/1805 1848/1848/1848 1806/1806/1806 
f 1805/1805/1805 1847/1847/1847 1848/1848/1848 
f 1774/1774/1774 1812/1812/1812 1821/1821/1821 
f 1812/1812/1812 1817/1817/1817 1821/1821/1821 
f 1813/1813/1813 1814/1814/1814 1822/1822/1822 
f 1706/1706/1706 1774/1774/1774 1821/1821/1821 
f 1813/1813/1813 1822/1822/1822 1826/1826/1826 
f 1812/1812/1812 1815/1815/1815 1816/1816/1816 
f 1813/1813/1813 1816/1816/1816 1815/1815/1815 
f 1812/1812/1812 1816/1816/1816 1817/1817/1817 
f 1813/1813/1813 1826/1826/1826 1816/1816/1816 
f 1817/1817/1817 1818/1818/1818 1821/1821/1821 
f 1816/1816/1816 1826/1826/1826 1817/1817/1817 
f 1817/1817/1817 1826/1826/1826 1818/1818/1818 
f 1818/1818/1818 1819/1819/1819 1821/1821/1821 
f 1819/1819/1819 1823/1823/1823 1821/1821/1821 
f 1819/1819/1819 1824/1824/1824 1823/1823/1823 
f 1818/1818/1818 1824/1824/1824 1819/1819/1819 
f 1818/1818/1818 1826/1826/1826 1824/1824/1824 
f 1814/1814/1814 1820/1820/1820 1828/1828/1828 
f 1780/1780/1780 1828/1828/1828 1820/1820/1820 
f 1814/1814/1814 1828/1828/1828 1822/1822/1822 
f 1706/1706/1706 1821/1821/1821 1745/1745/1745 
f 1821/1821/1821 1823/1823/1823 1825/1825/1825 
f 1745/1745/1745 1821/1821/1821 1753/1753/1753 
f 1823/1823/1823 1824/1824/1824 1834/1834/1834 
f 1753/1753/1753 1821/1821/1821 1825/1825/1825 
f 1823/1823/1823 1834/1834/1834 1825/1825/1825 
f 1824/1824/1824 1827/1827/1827 1834/1834/1834 
f 1824/1824/1824 1826/1826/1826 1827/1827/1827 
f 1822/1822/1822 1831/1831/1831 1826/1826/1826 
f 1826/1826/1826 1831/1831/1831 1827/1827/1827 
f 1753/1753/1753 1825/1825/1825 1833/1833/1833 
f 1825/1825/1825 1834/1834/1834 1833/1833/1833 
f 1822/1822/1822 1828/1828/1828 1829/1829/1829 
f 1828/1828/1828 1830/1830/1830 1829/1829/1829 
f 1780/1780/1780 1830/1830/1830 1828/1828/1828 
f 1780/1780/1780 1802/1802/1802 1830/1830/1830 
f 1829/1829/1829 1830/1830/1830 1859/1859/1859 
f 1822/1822/1822 1829/1829/1829 1831/1831/1831 
f 1829/1829/1829 1853/1853/1853 1831/1831/1831 
f 1827/1827/1827 1831/1831/1831 1857/1857/1857 
f 1831/1831/1831 1853/1853/1853 1857/1857/1857 
f 1829/1829/1829 1859/1859/1859 1853/1853/1853 
f 1832/1832/1832 1968/1968/1968 1839/1839/1839 
f 1832/1832/1832 1840/1840/1840 1850/1850/1850 
f 1832/1832/1832 1839/1839/1839 1840/1840/1840 
f 1756/1756/1756 1833/1833/1833 1834/1834/1834 
f 1754/1754/1754 1756/1756/1756 1834/1834/1834 
f 1754/1754/1754 1834/1834/1834 1854/1854/1854 
f 1754/1754/1754 1854/1854/1854 1856/1856/1856 
f 1827/1827/1827 1855/1855/1855 1834/1834/1834 
f 1834/1834/1834 1855/1855/1855 1854/1854/1854 
f 1827/1827/1827 1857/1857/1857 1855/1855/1855 
f 1841/1841/1841 1854/1854/1854 1855/1855/1855 
f 1836/1836/1836 1841/1841/1841 1839/1839/1839 
f 1836/1836/1836 1856/1856/1856 1854/1854/1854 
f 1763/1763/1763 1835/1835/1835 1973/1973/1973 
f 1835/1835/1835 1856/1856/1856 1836/1836/1836 
f 1836/1836/1836 1854/1854/1854 1841/1841/1841 
f 1837/1837/1837 1851/1851/1851 1838/1838/1838 
f 1838/1838/1838 1841/1841/1841 1855/1855/1855 
f 1838/1838/1838 1855/1855/1855 1857/1857/1857 
f 1837/1837/1837 1857/1857/1857 1853/1853/1853 
f 1837/1837/1837 1838/1838/1838 1857/1857/1857 
f 1838/1838/1838 1840/1840/1840 1841/1841/1841 
f 1839/1839/1839 1841/1841/1841 1840/1840/1840 
f 1838/1838/1838 1851/1851/1851 1840/1840/1840 
f 1843/1843/1843 1849/1849/1849 1852/1852/1852 
f 1843/1843/1843 1852/1852/1852 1845/1845/1845 
f 1798/1798/1798 1842/1842/1842 1847/1847/1847 
f 1842/1842/1842 1845/1845/1845 1847/1847/1847 
f 1842/1842/1842 1843/1843/1843 1845/1845/1845 
f 1802/1802/1802 1858/1858/1858 1830/1830/1830 
f 1830/1830/1830 1858/1858/1858 1859/1859/1859 
f 1844/1844/1844 1859/1859/1859 1858/1858/1858 
f 1844/1844/1844 1858/1858/1858 1848/1848/1848 
f 1844/1844/1844 1845/1845/1845 1846/1846/1846 
f 1845/1845/1845 1852/1852/1852 1846/1846/1846 
f 1846/1846/1846 1853/1853/1853 1859/1859/1859 
f 1844/1844/1844 1846/1846/1846 1859/1859/1859 
f 1837/1837/1837 1853/1853/1853 1846/1846/1846 
f 1844/1844/1844 1848/1848/1848 1847/1847/1847 
f 1844/1844/1844 1847/1847/1847 1845/1845/1845 
f 1849/1849/1849 1850/1850/1850 1851/1851/1851 
f 1849/1849/1849 1851/1851/1851 1852/1852/1852 
f 1840/1840/1840 1851/1851/1851 1850/1850/1850 
f 1837/1837/1837 1852/1852/1852 1851/1851/1851 
f 1837/1837/1837 1846/1846/1846 1852/1852/1852 
f 1704/1704/1704 1867/1867/1867 1863/1863/1863 
f 972/972/972 1867/1867/1867 1860/1860/1860 
f 972/972/972 1861/1861/1861 1867/1867/1867 
f 1867/1867/1867 1862/1862/1862 1860/1860/1860 
f 1861/1861/1861 1863/1863/1863 1867/1867/1867 
f 1709/1709/1709 1866/1866/1866 1867/1867/1867 
f 1867/1867/1867 1865/1865/1865 1864/1864/1864 
f 1867/1867/1867 1876/1876/1876 1865/1865/1865 
f 1866/1866/1866 1877/1877/1877 1867/1867/1867 
f 1867/1867/1867 1864/1864/1864 1862/1862/1862 
f 1721/1721/1721 1873/1873/1873 1875/1875/1875 
f 1702/1702/1702 1877/1877/1877 1866/1866/1866 
f 1726/1726/1726 1870/1870/1870 1877/1877/1877 
f 1875/1875/1875 1868/1868/1868 1869/1869/1869 
f 1875/1875/1875 1869/1869/1869 1876/1876/1876 
f 1870/1870/1870 1875/1875/1875 1877/1877/1877 
f 1765/1765/1765 1875/1875/1875 1870/1870/1870 
f 1600/1600/1600 1871/1871/1871 1875/1875/1875 
f 1600/1600/1600 1875/1875/1875 1874/1874/1874 
f 1875/1875/1875 1871/1871/1871 1872/1872/1872 
f 1873/1873/1873 1874/1874/1874 1875/1875/1875 
f 1875/1875/1875 1872/1872/1872 1868/1868/1868 
f 1867/1867/1867 1875/1875/1875 1876/1876/1876 
f 1867/1867/1867 1877/1877/1877 1875/1875/1875 
f 1880/1880/1880 1882/1882/1882 1922/1922/1922 
f 1879/1879/1879 1883/1883/1883 1881/1881/1881 
f 1880/1880/1880 1881/1881/1881 1884/1884/1884 
f 1880/1880/1880 1884/1884/1884 1882/1882/1882 
f 1881/1881/1881 1883/1883/1883 1884/1884/1884 
f 1883/1883/1883 1908/1908/1908 1884/1884/1884 
f 1882/1882/1882 1884/1884/1884 1932/1932/1932 
f 1884/1884/1884 1908/1908/1908 1932/1932/1932 
f 1725/1725/1725 1885/1885/1885 1878/1878/1878 
f 1885/1885/1885 1887/1887/1887 1886/1886/1886 
f 1886/1886/1886 1887/1887/1887 1889/1889/1889 
f 1725/1725/1725 1891/1891/1891 1885/1885/1885 
f 1885/1885/1885 1891/1891/1891 1887/1887/1887 
f 1887/1887/1887 1891/1891/1891 1888/1888/1888 
f 1888/1888/1888 1891/1891/1891 1892/1892/1892 
f 1887/1887/1887 1894/1894/1894 1889/1889/1889 
f 1887/1887/1887 1888/1888/1888 1894/1894/1894 
f 1889/1889/1889 1894/1894/1894 1897/1897/1897 
f 1888/1888/1888 1892/1892/1892 1894/1894/1894 
f 1889/1889/1889 1897/1897/1897 1890/1890/1890 
f 1890/1890/1890 1897/1897/1897 1896/1896/1896 
f 1891/1891/1891 1893/1893/1893 1892/1892/1892 
f 1892/1892/1892 1893/1893/1893 1894/1894/1894 
f 1748/1748/1748 1893/1893/1893 1891/1891/1891 
f 1893/1893/1893 1895/1895/1895 1894/1894/1894 
f 1894/1894/1894 1895/1895/1895 1900/1900/1900 
f 1894/1894/1894 1900/1900/1900 1897/1897/1897 
f 1748/1748/1748 1895/1895/1895 1893/1893/1893 
f 1897/1897/1897 1900/1900/1900 1898/1898/1898 
f 1896/1896/1896 1897/1897/1897 1898/1898/1898 
f 1896/1896/1896 1898/1898/1898 1907/1907/1907 
f 1898/1898/1898 1916/1916/1916 1907/1907/1907 
f 1759/1759/1759 1900/1900/1900 1899/1899/1899 
f 1759/1759/1759 1761/1761/1761 1900/1900/1900 
f 1760/1760/1760 1900/1900/1900 1761/1761/1761 
f 1895/1895/1895 1899/1899/1899 1900/1900/1900 
f 1760/1760/1760 1915/1915/1915 1900/1900/1900 
f 1900/1900/1900 1915/1915/1915 1914/1914/1914 
f 1763/1763/1763 1973/1973/1973 1901/1901/1901 
f 1901/1901/1901 1914/1914/1914 1915/1915/1915 
f 1901/1901/1901 1970/1970/1970 1902/1902/1902 
f 1901/1901/1901 1902/1902/1902 1914/1914/1914 
f 1909/1909/1909 1910/1910/1910 1974/1974/1974 
f 1902/1902/1902 1974/1974/1974 1910/1910/1910 
f 1898/1898/1898 1900/1900/1900 1914/1914/1914 
f 1898/1898/1898 1914/1914/1914 1916/1916/1916 
f 1902/1902/1902 1916/1916/1916 1914/1914/1914 
f 1902/1902/1902 1910/1910/1910 1916/1916/1916 
f 1890/1890/1890 1896/1896/1896 1903/1903/1903 
f 1879/1879/1879 1903/1903/1903 1905/1905/1905 
f 1896/1896/1896 1905/1905/1905 1903/1903/1903 
f 1879/1879/1879 1905/1905/1905 1883/1883/1883 
f 1909/1909/1909 1975/1975/1975 1911/1911/1911 
f 1904/1904/1904 1911/1911/1911 1975/1975/1975 
f 1904/1904/1904 1950/1950/1950 1911/1911/1911 
f 1896/1896/1896 1907/1907/1907 1905/1905/1905 
f 1883/1883/1883 1905/1905/1905 1906/1906/1906 
f 1905/1905/1905 1907/1907/1907 1906/1906/1906 
f 1906/1906/1906 1907/1907/1907 1918/1918/1918 
f 1883/1883/1883 1906/1906/1906 1908/1908/1908 
f 1906/1906/1906 1917/1917/1917 1908/1908/1908 
f 1908/1908/1908 1962/1962/1962 1932/1932/1932 
f 1906/1906/1906 1918/1918/1918 1917/1917/1917 
f 1908/1908/1908 1917/1917/1917 1962/1962/1962 
f 1913/1913/1913 1962/1962/1962 1917/1917/1917 
f 1909/1909/1909 1911/1911/1911 1912/1912/1912 
f 1909/1909/1909 1912/1912/1912 1910/1910/1910 
f 1907/1907/1907 1916/1916/1916 1918/1918/1918 
f 1910/1910/1910 1918/1918/1918 1916/1916/1916 
f 1910/1910/1910 1912/1912/1912 1918/1918/1918 
f 1911/1911/1911 1950/1950/1950 1913/1913/1913 
f 1911/1911/1911 1913/1913/1913 1912/1912/1912 
f 1912/1912/1912 1917/1917/1917 1918/1918/1918 
f 1912/1912/1912 1913/1913/1913 1917/1917/1917 
f 1919/1919/1919 1920/1920/1920 1924/1924/1924 
f 1920/1920/1920 1921/1921/1921 1925/1925/1925 
f 1921/1921/1921 1922/1922/1922 1929/1929/1929 
f 1919/1919/1919 1924/1924/1924 1923/1923/1923 
f 1920/1920/1920 1925/1925/1925 1924/1924/1924 
f 1921/1921/1921 1929/1929/1929 1925/1925/1925 
f 1882/1882/1882 1929/1929/1929 1922/1922/1922 
f 1923/1923/1923 1924/1924/1924 1927/1927/1927 
f 1924/1924/1924 1925/1925/1925 1928/1928/1928 
f 1925/1925/1925 1929/1929/1929 1930/1930/1930 
f 1925/1925/1925 1930/1930/1930 1928/1928/1928 
f 1923/1923/1923 1927/1927/1927 1926/1926/1926 
f 1924/1924/1924 1928/1928/1928 1927/1927/1927 
f 1926/1926/1926 1960/1960/1960 1959/1959/1959 
f 1926/1926/1926 1927/1927/1927 1960/1960/1960 
f 1927/1927/1927 1928/1928/1928 1956/1956/1956 
f 1927/1927/1927 1956/1956/1956 1960/1960/1960 
f 1882/1882/1882 1931/1931/1931 1929/1929/1929 
f 1929/1929/1929 1931/1931/1931 1930/1930/1930 
f 1882/1882/1882 1932/1932/1932 1931/1931/1931 
f 1931/1931/1931 1932/1932/1932 1961/1961/1961 
f 1930/1930/1930 1931/1931/1931 1958/1958/1958 
f 1931/1931/1931 1961/1961/1961 1958/1958/1958 
f 1928/1928/1928 1930/1930/1930 1957/1957/1957 
f 1930/1930/1930 1958/1958/1958 1957/1957/1957 
f 1928/1928/1928 1957/1957/1957 1956/1956/1956 
f 1955/1955/1955 1957/1957/1957 1958/1958/1958 
f 1933/1933/1933 1937/1937/1937 1934/1934/1934 
f 1934/1934/1934 1938/1938/1938 1935/1935/1935 
f 1934/1934/1934 1937/1937/1937 1938/1938/1938 
f 1935/1935/1935 1938/1938/1938 1943/1943/1943 
f 1935/1935/1935 1943/1943/1943 1936/1936/1936 
f 1936/1936/1936 1944/1944/1944 1952/1952/1952 
f 1936/1936/1936 1943/1943/1943 1944/1944/1944 
f 1940/1940/1940 1959/1959/1959 1960/1960/1960 
f 1939/1939/1939 1959/1959/1959 1940/1940/1940 
f 1941/1941/1941 1960/1960/1960 1956/1956/1956 
f 1940/1940/1940 1960/1960/1960 1941/1941/1941 
f 1938/1938/1938 1939/1939/1939 1940/1940/1940 
f 1937/1937/1937 1939/1939/1939 1938/1938/1938 
f 1938/1938/1938 1940/1940/1940 1943/1943/1943 
f 1940/1940/1940 1941/1941/1941 1943/1943/1943 
f 1941/1941/1941 1942/1942/1942 1944/1944/1944 
f 1942/1942/1942 1955/1955/1955 1954/1954/1954 
f 1942/1942/1942 1954/1954/1954 1944/1944/1944 
f 1941/1941/1941 1956/1956/1956 1942/1942/1942 
f 1942/1942/1942 1956/1956/1956 1957/1957/1957 
f 1942/1942/1942 1957/1957/1957 1955/1955/1955 
f 1941/1941/1941 1944/1944/1944 1943/1943/1943 
f 1946/1946/1946 1953/1953/1953 1948/1948/1948 
f 1946/1946/1946 1948/1948/1948 1951/1951/1951 
f 1904/1904/1904 1945/1945/1945 1950/1950/1950 
f 1945/1945/1945 1951/1951/1951 1950/1950/1950 
f 1945/1945/1945 1946/1946/1946 1951/1951/1951 
f 1932/1932/1932 1962/1962/1962 1961/1961/1961 
f 1947/1947/1947 1949/1949/1949 1961/1961/1961 
f 1913/1913/1913 1947/1947/1947 1962/1962/1962 
f 1947/1947/1947 1961/1961/1961 1962/1962/1962 
f 1948/1948/1948 1955/1955/1955 1949/1949/1949 
f 1947/1947/1947 1951/1951/1951 1949/1949/1949 
f 1948/1948/1948 1949/1949/1949 1951/1951/1951 
f 1949/1949/1949 1958/1958/1958 1961/1961/1961 
f 1949/1949/1949 1955/1955/1955 1958/1958/1958 
f 1913/1913/1913 1950/1950/1950 1947/1947/1947 
f 1947/1947/1947 1950/1950/1950 1951/1951/1951 
f 1952/1952/1952 1954/1954/1954 1953/1953/1953 
f 1944/1944/1944 1954/1954/1954 1952/1952/1952 
f 1948/1948/1948 1953/1953/1953 1954/1954/1954 
f 1948/1948/1948 1954/1954/1954 1955/1955/1955 
f 1963/1963/1963 1964/1964/1964 1965/1965/1965 
f 1963/1963/1963 1967/1967/1967 1964/1964/1964 
f 1964/1964/1964 1966/1966/1966 1965/1965/1965 
f 1965/1965/1965 1972/1972/1972 1968/1968/1968 
f 1966/1966/1966 1971/1971/1971 1972/1972/1972 
f 1964/1964/1964 1974/1974/1974 1966/1966/1966 
f 1966/1966/1966 1974/1974/1974 1971/1971/1971 
f 1965/1965/1965 1966/1966/1966 1972/1972/1972 
f 1964/1964/1964 1967/1967/1967 1974/1974/1974 
f 1909/1909/1909 1974/1974/1974 1967/1967/1967 
f 1839/1839/1839 1968/1968/1968 1972/1972/1972 
f 1969/1969/1969 1972/1972/1972 1971/1971/1971 
f 1969/1969/1969 1970/1970/1970 1972/1972/1972 
f 1835/1835/1835 1972/1972/1972 1970/1970/1970 
f 1835/1835/1835 1836/1836/1836 1972/1972/1972 
f 1969/1969/1969 1971/1971/1971 1974/1974/1974 
f 1902/1902/1902 1970/1970/1970 1969/1969/1969 
f 1902/1902/1902 1969/1969/1969 1974/1974/1974 
f 1836/1836/1836 1839/1839/1839 1972/1972/1972 
f 1835/1835/1835 1970/1970/1970 1973/1973/1973 
f 1901/1901/1901 1973/1973/1973 1970/1970/1970 
f 1909/1909/1909 1967/1967/1967 1975/1975/1975 
f 69/69/69 687/687/687 74/74/74 
f 75/75/75 693/693/693 72/72/72 
f 72/72/72 690/690/690 288/288/288 
f 74/74/74 692/692/692 75/75/75 
f 78/78/78 696/696/696 69/69/69 
f 79/79/79 697/697/697 78/78/78 
f 81/81/81 699/699/699 79/79/79 
f 81/81/81 976/976/976 1588/1588/1588 
f 288/288/288 960/960/960 290/290/290 
f 290/290/290 962/962/962 292/292/292 
f 292/292/292 964/964/964 294/294/294 
f 294/294/294 966/966/966 296/296/296 
f 296/296/296 968/968/968 297/297/297 
f 297/297/297 969/969/969 299/299/299 
f 971/971/971 301/301/301 299/299/299 
f 301/301/301 973/973/973 1195/1195/1195 
f 69/69/69 696/696/696 687/687/687 
f 72/72/72 693/693/693 690/690/690 
f 288/288/288 690/690/690 960/960/960 
f 74/74/74 687/687/687 692/692/692 
f 75/75/75 692/692/692 693/693/693 
f 79/79/79 699/699/699 697/697/697 
f 78/78/78 697/697/697 696/696/696 
f 81/81/81 1588/1588/1588 699/699/699 
f 290/290/290 960/960/960 962/962/962 
f 292/292/292 962/962/962 964/964/964 
f 294/294/294 964/964/964 966/966/966 
f 296/296/296 966/966/966 968/968/968 
f 297/297/297 968/968/968 969/969/969 
f 299/299/299 969/969/969 971/971/971 
f 301/301/301 971/971/971 973/973/973 
f 1195/1195/1195 973/973/973 1860/1860/1860 
f 1590/1590/1590 976/976/976 978/978/978 
f 1592/1592/1592 978/978/978 980/980/980 
f 982/982/982 1594/1594/1594 980/980/980 
f 983/983/983 1595/1595/1595 982/982/982 
f 985/985/985 1597/1597/1597 983/983/983 
f 987/987/987 1599/1599/1599 985/985/985 
f 989/989/989 1601/1601/1601 987/987/987 
f 1206/1206/1206 1871/1871/1871 989/989/989 
f 1195/1195/1195 1860/1860/1860 1197/1197/1197 
f 1197/1197/1197 1862/1862/1862 1199/1199/1199 
f 1199/1199/1199 1864/1864/1864 1200/1200/1200 
f 1200/1200/1200 1865/1865/1865 1211/1211/1211 
f 1204/1204/1204 1869/1869/1869 1203/1203/1203 
f 1207/1207/1207 1872/1872/1872 1206/1206/1206 
f 1203/1203/1203 1868/1868/1868 1207/1207/1207 
f 1211/1211/1211 1876/1876/1876 1204/1204/1204 
f 1588/1588/1588 976/976/976 1590/1590/1590 
f 1590/1590/1590 978/978/978 1592/1592/1592 
f 980/980/980 1594/1594/1594 1592/1592/1592 
f 982/982/982 1595/1595/1595 1594/1594/1594 
f 983/983/983 1597/1597/1597 1595/1595/1595 
f 985/985/985 1599/1599/1599 1597/1597/1597 
f 987/987/987 1601/1601/1601 1599/1599/1599 
f 989/989/989 1871/1871/1871 1601/1601/1601 
f 1197/1197/1197 1860/1860/1860 1862/1862/1862 
f 1200/1200/1200 1864/1864/1864 1865/1865/1865 
f 1199/1199/1199 1862/1862/1862 1864/1864/1864 
f 1203/1203/1203 1869/1869/1869 1868/1868/1868 
f 1204/1204/1204 1876/1876/1876 1869/1869/1869 
f 1206/1206/1206 1872/1872/1872 1871/1871/1871 
f 1207/1207/1207 1868/1868/1868 1872/1872/1872 
f 1211/1211/1211 1865/1865/1865 1876/1876/1876 
